2.000000000000000000e+00 7.139000000000000000e+03 1.000000000000000000e+00 2.356128099999999961e+02 1.063000000000000078e+01
4.000000000000000000e+00 7.289000000000000000e+03 5.000000000000000000e-01 2.051452800000000138e+02 1.111999999999999922e+01
6.000000000000000000e+00 7.839000000000000000e+03 5.000000000000000000e-01 1.957611200000000053e+02 1.105000000000000071e+01
7.000000000000000000e+00 7.841000000000000000e+03 1.500000000000000000e+00 1.786468800000000101e+02 1.096000000000000085e+01
9.000000000000000000e+00 7.969000000000000000e+03 5.000000000000000000e-01 2.497976500000000044e+02 1.101999999999999957e+01
1.000000000000000000e+01 7.992000000000000000e+03 1.000000000000000000e+00 2.300979600000000005e+02 1.094999999999999929e+01
1.700000000000000000e+01 8.488000000000000000e+03 0.000000000000000000e+00 7.445080600000000004e+01 9.509999999999999787e+00
2.300000000000000000e+01 8.865000000000000000e+03 0.000000000000000000e+00 2.146797599999999875e+02 1.066000000000000014e+01
2.600000000000000000e+01 9.062000000000000000e+03 1.000000000000000000e+00 1.345759999999999934e+02 1.023000000000000043e+01
3.200000000000000000e+01 1.455200000000000000e+04 1.000000000000000000e+00 1.781168000000000120e+02 1.086999999999999922e+01
3.700000000000000000e+01 1.516500000000000000e+04 5.000000000000000000e-01 1.800699999999999932e+02 1.115000000000000036e+01
4.000000000000000000e+01 1.548100000000000000e+04 0.000000000000000000e+00 2.258518200000000036e+02 1.108000000000000007e+01
4.300000000000000000e+01 1.602200000000000000e+04 5.000000000000000000e-01 1.195870060000000024e+02 1.041000000000000014e+01
4.500000000000000000e+01 1.624200000000000000e+04 1.500000000000000000e+00 1.037688399999999973e+02 1.044999999999999929e+01
4.800000000000000000e+01 1.631700000000000000e+04 1.000000000000000000e+00 1.184500199999999950e+02 1.052999999999999936e+01
5.700000000000000000e+01 1.652600000000000000e+04 0.000000000000000000e+00 9.852656600000000253e+01 1.025999999999999979e+01
6.500000000000000000e+01 1.739000000000000000e+04 5.000000000000000000e-01 2.004368599999999958e+02 1.106000000000000050e+01
7.100000000000000000e+01 2.258200000000000000e+04 5.000000000000000000e-01 2.220529500000000098e+02 1.106000000000000050e+01
7.200000000000000000e+01 2.259500000000000000e+04 1.000000000000000000e+00 2.681537000000000148e+02 1.111999999999999922e+01
7.800000000000000000e+01 2.307000000000000000e+04 1.000000000000000000e+00 1.718067599999999970e+02 1.091999999999999993e+01
7.900000000000000000e+01 2.307500000000000000e+04 1.500000000000000000e+00 1.323756099999999947e+02 1.038000000000000078e+01
8.000000000000000000e+01 2.308200000000000000e+04 0.000000000000000000e+00 2.530085599999999886e+02 1.108000000000000007e+01
8.100000000000000000e+01 2.311700000000000000e+04 1.500000000000000000e+00 2.033138700000000085e+02 1.114000000000000057e+01
8.200000000000000000e+01 2.322500000000000000e+04 1.500000000000000000e+00 1.067234339999999975e+02 1.030000000000000071e+01
8.400000000000000000e+01 2.326500000000000000e+04 0.000000000000000000e+00 1.829562400000000082e+02 1.100000000000000000e+01
8.600000000000000000e+01 2.334100000000000000e+04 0.000000000000000000e+00 2.577335499999999797e+02 1.100999999999999979e+01
9.200000000000000000e+01 2.361900000000000000e+04 1.500000000000000000e+00 2.281475800000000049e+02 1.098000000000000043e+01
1.070000000000000000e+02 3.046900000000000000e+04 5.000000000000000000e-01 2.357994400000000041e+02 1.116000000000000014e+01
1.090000000000000000e+02 3.061500000000000000e+04 5.000000000000000000e-01 2.858885999999999967e+02 1.113000000000000078e+01
1.120000000000000000e+02 3.084700000000000000e+04 5.000000000000000000e-01 2.511029699999999991e+02 1.143999999999999950e+01
1.200000000000000000e+02 3.144800000000000000e+04 1.000000000000000000e+00 1.611499499999999898e+02 1.075000000000000000e+01
1.240000000000000000e+02 3.162300000000000000e+04 5.000000000000000000e-01 2.683883700000000090e+02 1.131000000000000050e+01
1.270000000000000000e+02 3.191200000000000000e+04 1.500000000000000000e+00 2.201890600000000120e+02 1.094999999999999929e+01
1.300000000000000000e+02 3.219600000000000000e+04 0.000000000000000000e+00 1.725654800000000080e+02 1.127999999999999936e+01
1.360000000000000000e+02 3.688000000000000000e+04 1.000000000000000000e+00 1.639093200000000081e+02 1.080000000000000071e+01
1.410000000000000000e+02 3.905700000000000000e+04 0.000000000000000000e+00 1.293024599999999964e+02 1.043999999999999950e+01
1.460000000000000000e+02 3.947500000000000000e+04 1.000000000000000000e+00 1.187955599999999947e+02 1.052999999999999936e+01
1.500000000000000000e+02 3.970900000000000000e+04 1.500000000000000000e+00 2.050969200000000114e+02 1.109999999999999964e+01
1.530000000000000000e+02 4.019700000000000000e+04 1.500000000000000000e+00 5.988432000000000244e+01 9.630000000000000782e+00
1.570000000000000000e+02 4.041900000000000000e+04 1.500000000000000000e+00 2.243964799999999968e+02 1.096000000000000085e+01
1.590000000000000000e+02 4.044500000000000000e+04 0.000000000000000000e+00 1.965525800000000061e+02 1.128999999999999915e+01
1.620000000000000000e+02 4.049100000000000000e+04 5.000000000000000000e-01 1.222786899999999974e+02 1.046000000000000085e+01
1.650000000000000000e+02 4.105900000000000000e+04 0.000000000000000000e+00 2.623698699999999917e+02 1.132000000000000028e+01
1.710000000000000000e+02 4.118000000000000000e+04 0.000000000000000000e+00 1.524698999999999955e+02 1.047000000000000064e+01
1.720000000000000000e+02 4.127400000000000000e+04 5.000000000000000000e-01 1.181923749999999984e+02 1.058000000000000007e+01
1.730000000000000000e+02 4.127700000000000000e+04 1.500000000000000000e+00 1.263158399999999943e+02 1.038000000000000078e+01
1.740000000000000000e+02 4.130200000000000000e+04 1.500000000000000000e+00 7.406064000000000647e+01 9.759999999999999787e+00
1.760000000000000000e+02 4.715200000000000000e+04 0.000000000000000000e+00 1.968641800000000046e+02 1.106000000000000050e+01
1.790000000000000000e+02 4.725400000000000000e+04 0.000000000000000000e+00 1.952866999999999962e+02 1.102999999999999936e+01
1.800000000000000000e+02 4.725800000000000000e+04 1.500000000000000000e+00 1.066607060000000047e+02 1.027999999999999936e+01
1.820000000000000000e+02 4.729300000000000000e+04 1.000000000000000000e+00 1.232309199999999976e+02 1.016999999999999993e+01
1.890000000000000000e+02 4.767400000000000000e+04 1.000000000000000000e+00 2.628255300000000148e+02 1.109999999999999964e+01
1.910000000000000000e+02 4.804900000000000000e+04 1.500000000000000000e+00 1.582272000000000105e+02 1.056000000000000050e+01
1.930000000000000000e+02 4.847000000000000000e+04 0.000000000000000000e+00 1.606139200000000073e+02 1.100999999999999979e+01
1.950000000000000000e+02 4.854800000000000000e+04 5.000000000000000000e-01 1.913053099999999915e+02 1.105000000000000071e+01
1.960000000000000000e+02 4.868100000000000000e+04 1.000000000000000000e+00 2.589148299999999949e+02 1.116000000000000014e+01
2.050000000000000000e+02 4.973400000000000000e+04 1.000000000000000000e+00 1.549820599999999899e+02 1.044999999999999929e+01
2.080000000000000000e+02 4.978400000000000000e+04 1.000000000000000000e+00 9.244567000000000689e+01 1.024000000000000021e+01
2.170000000000000000e+02 5.420200000000000000e+04 0.000000000000000000e+00 1.773406200000000013e+02 1.058000000000000007e+01
2.180000000000000000e+02 5.427000000000000000e+04 0.000000000000000000e+00 2.649578599999999824e+02 1.127999999999999936e+01
2.230000000000000000e+02 5.450000000000000000e+04 5.000000000000000000e-01 1.915647299999999973e+02 1.092999999999999972e+01
2.280000000000000000e+02 5.492100000000000000e+04 0.000000000000000000e+00 1.650886700000000076e+02 1.099000000000000021e+01
2.480000000000000000e+02 5.614000000000000000e+04 1.000000000000000000e+00 2.492136199999999917e+02 1.130000000000000071e+01
2.490000000000000000e+02 5.618100000000000000e+04 0.000000000000000000e+00 8.836957599999999502e+01 1.032000000000000028e+01
2.520000000000000000e+02 6.223900000000000000e+04 0.000000000000000000e+00 1.251343459999999936e+02 1.089000000000000057e+01
2.530000000000000000e+02 6.224400000000000000e+04 0.000000000000000000e+00 1.665318100000000072e+02 1.015000000000000036e+01
2.590000000000000000e+02 6.321000000000000000e+04 1.500000000000000000e+00 1.112410399999999981e+02 1.030000000000000071e+01
2.620000000000000000e+02 6.330500000000000000e+04 1.500000000000000000e+00 1.976444500000000062e+02 1.074000000000000021e+01
2.660000000000000000e+02 6.378000000000000000e+04 1.500000000000000000e+00 1.021172499999999985e+02 1.032000000000000028e+01
2.800000000000000000e+02 6.540800000000000000e+04 0.000000000000000000e+00 1.823932000000000073e+02 1.091999999999999993e+01
2.810000000000000000e+02 6.541000000000000000e+04 5.000000000000000000e-01 8.886966999999999928e+01 1.005000000000000071e+01
2.930000000000000000e+02 7.002200000000000000e+04 5.000000000000000000e-01 2.177155199999999979e+02 1.093999999999999950e+01
2.970000000000000000e+02 7.053200000000000000e+04 1.500000000000000000e+00 9.737427499999999725e+01 1.021000000000000085e+01
2.980000000000000000e+02 7.064000000000000000e+04 5.000000000000000000e-01 1.953615700000000004e+02 1.091000000000000014e+01
2.990000000000000000e+02 7.067000000000000000e+04 0.000000000000000000e+00 2.298682300000000112e+02 1.121000000000000085e+01
3.020000000000000000e+02 7.080200000000000000e+04 0.000000000000000000e+00 2.515208900000000085e+02 1.109999999999999964e+01
3.030000000000000000e+02 7.080800000000000000e+04 0.000000000000000000e+00 8.864072000000000173e+01 1.008000000000000007e+01
3.080000000000000000e+02 7.117800000000000000e+04 5.000000000000000000e-01 1.799675300000000107e+02 1.100000000000000000e+01
3.120000000000000000e+02 7.722600000000000000e+04 1.500000000000000000e+00 1.179542849999999987e+02 1.032000000000000028e+01
3.180000000000000000e+02 7.771000000000000000e+04 1.500000000000000000e+00 1.219692000000000007e+02 1.038000000000000078e+01
3.220000000000000000e+02 7.835500000000000000e+04 1.500000000000000000e+00 1.687759900000000073e+02 1.061999999999999922e+01
3.260000000000000000e+02 7.853000000000000000e+04 5.000000000000000000e-01 1.739488800000000026e+02 1.085999999999999943e+01
3.280000000000000000e+02 7.863400000000000000e+04 1.000000000000000000e+00 1.304205800000000011e+02 1.036999999999999922e+01
3.310000000000000000e+02 7.882700000000000000e+04 1.500000000000000000e+00 9.577957999999999572e+01 1.030000000000000071e+01
3.430000000000000000e+02 7.969300000000000000e+04 1.500000000000000000e+00 7.568301999999999907e+01 1.007000000000000028e+01
3.460000000000000000e+02 7.971100000000000000e+04 1.000000000000000000e+00 1.302055699999999945e+02 1.032000000000000028e+01
3.480000000000000000e+02 7.973300000000000000e+04 5.000000000000000000e-01 7.689365399999999795e+01 1.023000000000000043e+01
3.500000000000000000e+02 7.975000000000000000e+04 0.000000000000000000e+00 1.769741500000000087e+02 1.098000000000000043e+01
3.540000000000000000e+02 7.986600000000000000e+04 0.000000000000000000e+00 1.719478499999999883e+02 1.064000000000000057e+01
3.570000000000000000e+02 8.410600000000000000e+04 5.000000000000000000e-01 1.251191800000000001e+02 9.929999999999999716e+00
3.590000000000000000e+02 8.420900000000000000e+04 0.000000000000000000e+00 1.906849799999999959e+02 1.106000000000000050e+01
3.610000000000000000e+02 8.468000000000000000e+04 1.000000000000000000e+00 1.365933499999999867e+02 1.050999999999999979e+01
3.620000000000000000e+02 8.473400000000000000e+04 5.000000000000000000e-01 2.077765400000000113e+02 1.107000000000000028e+01
3.640000000000000000e+02 8.520500000000000000e+04 0.000000000000000000e+00 1.223124200000000030e+02 1.021000000000000085e+01
3.760000000000000000e+02 8.555900000000000000e+04 0.000000000000000000e+00 1.575825299999999913e+02 1.065000000000000036e+01
3.770000000000000000e+02 8.566700000000000000e+04 0.000000000000000000e+00 1.786609799999999950e+02 1.100000000000000000e+01
3.780000000000000000e+02 8.570700000000000000e+04 1.500000000000000000e+00 1.741933300000000031e+02 1.089000000000000057e+01
3.830000000000000000e+02 9.154500000000000000e+04 0.000000000000000000e+00 1.701806599999999889e+02 1.047000000000000064e+01
3.840000000000000000e+02 9.156800000000000000e+04 5.000000000000000000e-01 1.562806899999999928e+02 9.949999999999999289e+00
3.880000000000000000e+02 9.168600000000000000e+04 1.000000000000000000e+00 1.769854400000000112e+02 1.084999999999999964e+01
3.890000000000000000e+02 9.168900000000000000e+04 0.000000000000000000e+00 1.609820899999999995e+02 1.021000000000000085e+01
3.900000000000000000e+02 9.169100000000000000e+04 5.000000000000000000e-01 1.169711700000000008e+02 1.050999999999999979e+01
3.920000000000000000e+02 9.169700000000000000e+04 5.000000000000000000e-01 1.334397899999999879e+02 1.064000000000000057e+01
3.940000000000000000e+02 9.192600000000000000e+04 1.500000000000000000e+00 1.093746260000000063e+02 1.006000000000000050e+01
3.950000000000000000e+02 9.195900000000000000e+04 1.500000000000000000e+00 9.044424399999999764e+01 1.011999999999999922e+01
3.970000000000000000e+02 9.196300000000000000e+04 0.000000000000000000e+00 1.857447500000000105e+02 1.103999999999999915e+01
3.980000000000000000e+02 9.198800000000000000e+04 5.000000000000000000e-01 3.004580000000000268e+02 1.114000000000000057e+01
4.000000000000000000e+02 9.199600000000000000e+04 1.500000000000000000e+00 1.618883999999999901e+02 1.046000000000000085e+01
4.020000000000000000e+02 9.259200000000000000e+04 1.000000000000000000e+00 1.897073399999999879e+02 1.106000000000000050e+01
4.060000000000000000e+02 9.277300000000000000e+04 0.000000000000000000e+00 1.745278600000000040e+02 1.084999999999999964e+01
4.090000000000000000e+02 9.302000000000000000e+04 1.500000000000000000e+00 5.424016600000000210e+01 9.619999999999999218e+00
4.180000000000000000e+02 9.380300000000000000e+04 0.000000000000000000e+00 1.574171299999999860e+02 1.093999999999999950e+01
4.220000000000000000e+02 9.791500000000000000e+04 5.000000000000000000e-01 2.136005100000000141e+02 1.092999999999999972e+01
4.230000000000000000e+02 9.809700000000000000e+04 1.000000000000000000e+00 1.327997900000000016e+02 1.016000000000000014e+01
4.260000000000000000e+02 9.888000000000000000e+04 0.000000000000000000e+00 2.242881299999999953e+02 1.119999999999999929e+01
4.370000000000000000e+02 9.968700000000000000e+04 1.500000000000000000e+00 1.604075300000000084e+02 1.080000000000000071e+01
4.380000000000000000e+02 9.974200000000000000e+04 1.500000000000000000e+00 1.007407000000000039e+02 1.015000000000000036e+01
4.440000000000000000e+02 1.054470000000000000e+05 1.500000000000000000e+00 8.618062600000000373e+01 1.010999999999999943e+01
4.450000000000000000e+02 1.055190000000000000e+05 1.000000000000000000e+00 1.266259160000000037e+02 1.033999999999999986e+01
4.490000000000000000e+02 1.057380000000000000e+05 1.000000000000000000e+00 9.966447999999999752e+01 1.050000000000000000e+01
4.530000000000000000e+02 1.060470000000000000e+05 1.500000000000000000e+00 1.029712140000000034e+02 1.014000000000000057e+01
4.610000000000000000e+02 1.065490000000000000e+05 5.000000000000000000e-01 7.265036000000000627e+01 1.026999999999999957e+01
4.660000000000000000e+02 1.068100000000000000e+05 1.500000000000000000e+00 1.857829999999999870e+02 1.074000000000000021e+01
4.670000000000000000e+02 1.068390000000000000e+05 1.000000000000000000e+00 1.706944300000000112e+02 1.053999999999999915e+01
4.690000000000000000e+02 1.071350000000000000e+05 1.000000000000000000e+00 2.413954999999999984e+02 1.110999999999999943e+01
4.860000000000000000e+02 1.363080000000000000e+05 1.500000000000000000e+00 1.642129700000000128e+02 1.050999999999999979e+01
4.890000000000000000e+02 1.366050000000000000e+05 0.000000000000000000e+00 2.370084699999999884e+02 1.101999999999999957e+01
4.900000000000000000e+02 1.366160000000000000e+05 1.000000000000000000e+00 1.950302700000000016e+02 1.065000000000000036e+01
4.910000000000000000e+02 1.366240000000000000e+05 1.000000000000000000e+00 1.218985299999999938e+02 1.027999999999999936e+01
4.960000000000000000e+02 1.368410000000000000e+05 1.000000000000000000e+00 1.424765500000000031e+02 1.048000000000000043e+01
4.970000000000000000e+02 1.368420000000000000e+05 0.000000000000000000e+00 1.732145999999999901e+02 1.080000000000000071e+01
4.980000000000000000e+02 1.368470000000000000e+05 1.500000000000000000e+00 1.539675400000000138e+02 1.065000000000000036e+01
5.010000000000000000e+02 1.368710000000000000e+05 5.000000000000000000e-01 9.126349000000000444e+01 9.730000000000000426e+00
5.020000000000000000e+02 1.368800000000000000e+05 1.500000000000000000e+00 6.174490399999999823e+01 9.779999999999999361e+00
5.030000000000000000e+02 1.368810000000000000e+05 1.500000000000000000e+00 6.551129000000000246e+01 9.550000000000000711e+00
5.090000000000000000e+02 1.370370000000000000e+05 5.000000000000000000e-01 2.906467299999999909e+02 1.124000000000000021e+01
5.120000000000000000e+02 1.373280000000000000e+05 1.500000000000000000e+00 1.258091050000000024e+02 1.030000000000000071e+01
5.180000000000000000e+02 1.378410000000000000e+05 1.000000000000000000e+00 4.020203399999999760e+01 8.900000000000000355e+00
5.280000000000000000e+02 1.391230000000000000e+05 1.500000000000000000e+00 1.751780500000000131e+02 1.077999999999999936e+01
5.300000000000000000e+02 1.432270000000000000e+05 1.500000000000000000e+00 1.420730900000000076e+02 1.049000000000000021e+01
5.320000000000000000e+02 1.432910000000000000e+05 0.000000000000000000e+00 1.268328800000000030e+02 1.016999999999999993e+01
5.380000000000000000e+02 1.437350000000000000e+05 5.000000000000000000e-01 1.571748399999999890e+02 1.094999999999999929e+01
5.390000000000000000e+02 1.437360000000000000e+05 1.500000000000000000e+00 1.963121299999999962e+02 1.096000000000000085e+01
5.400000000000000000e+02 1.437460000000000000e+05 1.500000000000000000e+00 1.181271739999999966e+02 1.066000000000000014e+01
5.430000000000000000e+02 1.439180000000000000e+05 1.000000000000000000e+00 9.373381000000000540e+01 9.980000000000000426e+00
5.550000000000000000e+02 1.443350000000000000e+05 1.000000000000000000e+00 2.101167800000000057e+02 1.108999999999999986e+01
5.630000000000000000e+02 1.446400000000000000e+05 1.000000000000000000e+00 1.897646300000000110e+02 1.108000000000000007e+01
5.650000000000000000e+02 1.446900000000000000e+05 1.500000000000000000e+00 1.168754399999999976e+02 1.040000000000000036e+01
5.710000000000000000e+02 1.457290000000000000e+05 1.500000000000000000e+00 1.206952059999999989e+02 1.040000000000000036e+01
5.770000000000000000e+02 1.770100000000000000e+05 1.500000000000000000e+00 1.500908399999999858e+02 1.055000000000000071e+01
5.890000000000000000e+02 1.779690000000000000e+05 0.000000000000000000e+00 2.348963799999999935e+02 1.102999999999999936e+01
6.060000000000000000e+02 1.840420000000000000e+05 0.000000000000000000e+00 2.858870000000000005e+02 1.138000000000000078e+01
6.070000000000000000e+02 1.840460000000000000e+05 0.000000000000000000e+00 2.570724500000000035e+02 1.096000000000000085e+01
6.090000000000000000e+02 1.842020000000000000e+05 1.000000000000000000e+00 1.807091000000000065e+02 1.088000000000000078e+01
6.170000000000000000e+02 1.843660000000000000e+05 1.500000000000000000e+00 5.809678999999999860e+01 9.460000000000000853e+00
6.210000000000000000e+02 1.846480000000000000e+05 0.000000000000000000e+00 1.602250699999999881e+02 1.059999999999999964e+01
6.220000000000000000e+02 1.846890000000000000e+05 1.500000000000000000e+00 2.234347799999999893e+02 1.107000000000000028e+01
6.250000000000000000e+02 1.850850000000000000e+05 1.000000000000000000e+00 1.891346000000000060e+02 1.096000000000000085e+01
6.270000000000000000e+02 1.852240000000000000e+05 1.000000000000000000e+00 1.956391299999999944e+02 1.098000000000000043e+01
6.320000000000000000e+02 1.853650000000000000e+05 5.000000000000000000e-01 1.002736600000000067e+02 1.039000000000000057e+01
6.370000000000000000e+02 1.855670000000000000e+05 5.000000000000000000e-01 2.168021099999999990e+02 1.090000000000000036e+01
6.420000000000000000e+02 1.859140000000000000e+05 5.000000000000000000e-01 1.976908099999999990e+02 1.116000000000000014e+01
6.470000000000000000e+02 1.864700000000000000e+05 1.000000000000000000e+00 1.414544699999999864e+02 1.049000000000000021e+01
6.480000000000000000e+02 1.865730000000000000e+05 1.500000000000000000e+00 1.486748699999999985e+02 1.040000000000000036e+01
6.580000000000000000e+02 1.983430000000000000e+05 1.000000000000000000e+00 2.112237399999999923e+02 1.048000000000000043e+01
6.610000000000000000e+02 1.986310000000000000e+05 1.000000000000000000e+00 1.440604099999999903e+02 1.049000000000000021e+01
6.690000000000000000e+02 2.023990000000000000e+05 1.000000000000000000e+00 1.780837400000000059e+02 1.094999999999999929e+01
6.710000000000000000e+02 2.024640000000000000e+05 1.500000000000000000e+00 8.665963000000000704e+01 1.001999999999999957e+01
6.720000000000000000e+02 2.024800000000000000e+05 5.000000000000000000e-01 1.945334599999999909e+02 1.056000000000000050e+01
6.760000000000000000e+02 2.027450000000000000e+05 1.500000000000000000e+00 1.594582499999999925e+02 1.065000000000000036e+01
6.790000000000000000e+02 2.031400000000000000e+05 1.000000000000000000e+00 1.887220599999999990e+02 1.092999999999999972e+01
6.840000000000000000e+02 2.038330000000000000e+05 0.000000000000000000e+00 2.071189999999999998e+02 1.090000000000000036e+01
6.860000000000000000e+02 2.040930000000000000e+05 1.000000000000000000e+00 1.833781299999999987e+02 1.091999999999999993e+01
6.900000000000000000e+02 2.048320000000000000e+05 0.000000000000000000e+00 6.341161999999999921e+01 1.007000000000000028e+01
6.940000000000000000e+02 2.048770000000000000e+05 0.000000000000000000e+00 7.818606599999999673e+01 1.021000000000000085e+01
6.960000000000000000e+02 2.049830000000000000e+05 1.000000000000000000e+00 1.451852000000000089e+02 1.051999999999999957e+01
6.970000000000000000e+02 2.050200000000000000e+05 1.500000000000000000e+00 1.514531200000000126e+02 1.031000000000000050e+01
7.000000000000000000e+02 2.050890000000000000e+05 1.000000000000000000e+00 1.275061649999999958e+02 1.040000000000000036e+01
7.030000000000000000e+02 2.051610000000000000e+05 1.000000000000000000e+00 2.649148000000000138e+02 1.114000000000000057e+01
7.040000000000000000e+02 2.051660000000000000e+05 1.500000000000000000e+00 5.836690999999999718e+01 9.839999999999999858e+00
7.050000000000000000e+02 2.051680000000000000e+05 1.000000000000000000e+00 1.177559899999999971e+02 1.025999999999999979e+01
7.060000000000000000e+02 2.052080000000000000e+05 1.000000000000000000e+00 1.048730850000000032e+02 1.008999999999999986e+01
7.070000000000000000e+02 2.052110000000000000e+05 5.000000000000000000e-01 1.308561100000000010e+02 1.042999999999999972e+01
7.110000000000000000e+02 2.086520000000000000e+05 0.000000000000000000e+00 1.538418000000000063e+02 1.100000000000000000e+01
7.130000000000000000e+02 2.088760000000000000e+05 1.000000000000000000e+00 1.547609400000000051e+02 1.039000000000000057e+01
7.160000000000000000e+02 2.091850000000000000e+05 5.000000000000000000e-01 1.767521800000000098e+02 1.073000000000000043e+01
7.210000000000000000e+02 2.096800000000000000e+05 0.000000000000000000e+00 1.996439699999999959e+02 1.110999999999999943e+01
7.300000000000000000e+02 2.102280000000000000e+05 1.500000000000000000e+00 1.739143200000000036e+02 1.067999999999999972e+01
7.310000000000000000e+02 2.103750000000000000e+05 1.000000000000000000e+00 1.775111100000000022e+02 1.053999999999999915e+01
7.320000000000000000e+02 2.104670000000000000e+05 0.000000000000000000e+00 1.773372799999999927e+02 1.063000000000000078e+01
7.410000000000000000e+02 2.142110000000000000e+05 5.000000000000000000e-01 1.448746800000000121e+02 1.090000000000000036e+01
7.440000000000000000e+02 2.142950000000000000e+05 1.500000000000000000e+00 1.468203900000000033e+02 1.049000000000000021e+01
7.450000000000000000e+02 2.143630000000000000e+05 1.000000000000000000e+00 1.876139400000000137e+02 1.099000000000000021e+01
7.480000000000000000e+02 2.148950000000000000e+05 1.000000000000000000e+00 1.332488999999999919e+02 1.026999999999999957e+01
7.500000000000000000e+02 2.152890000000000000e+05 0.000000000000000000e+00 1.792809000000000026e+02 1.081000000000000050e+01
7.570000000000000000e+02 2.161490000000000000e+05 1.000000000000000000e+00 2.202519499999999937e+02 1.063000000000000078e+01
7.590000000000000000e+02 2.161840000000000000e+05 0.000000000000000000e+00 1.510646500000000003e+02 1.050999999999999979e+01
7.600000000000000000e+02 2.163960000000000000e+05 1.000000000000000000e+00 2.035241499999999917e+02 1.072000000000000064e+01
7.660000000000000000e+02 2.187130000000000000e+05 1.500000000000000000e+00 9.975360999999999478e+01 1.002999999999999936e+01
7.680000000000000000e+02 2.199920000000000000e+05 1.000000000000000000e+00 1.402216500000000110e+02 1.044999999999999929e+01
7.690000000000000000e+02 2.201120000000000000e+05 0.000000000000000000e+00 7.985235600000000034e+01 1.011999999999999922e+01
7.730000000000000000e+02 2.202180000000000000e+05 0.000000000000000000e+00 1.225845000000000056e+02 1.050000000000000000e+01
7.790000000000000000e+02 2.203280000000000000e+05 1.000000000000000000e+00 8.173632000000000630e+01 9.800000000000000711e+00
7.880000000000000000e+02 2.203940000000000000e+05 1.000000000000000000e+00 1.074921099999999967e+02 1.030000000000000071e+01
7.890000000000000000e+02 2.203960000000000000e+05 1.500000000000000000e+00 1.572701099999999883e+02 1.051999999999999957e+01
7.900000000000000000e+02 2.204370000000000000e+05 0.000000000000000000e+00 2.050074999999999932e+02 1.108999999999999986e+01
7.930000000000000000e+02 2.204650000000000000e+05 5.000000000000000000e-01 2.408326600000000042e+02 1.131000000000000050e+01
7.940000000000000000e+02 2.204990000000000000e+05 1.000000000000000000e+00 1.370216000000000065e+02 1.068999999999999950e+01
7.950000000000000000e+02 2.205020000000000000e+05 1.000000000000000000e+00 1.590316500000000133e+02 1.036999999999999922e+01
8.170000000000000000e+02 2.272640000000000000e+05 1.500000000000000000e+00 1.308560999999999979e+02 1.041000000000000014e+01
8.190000000000000000e+02 2.272780000000000000e+05 1.000000000000000000e+00 1.541339000000000112e+02 1.010999999999999943e+01
8.290000000000000000e+02 2.276110000000000000e+05 1.000000000000000000e+00 2.271471300000000042e+02 1.085999999999999943e+01
8.310000000000000000e+02 2.276170000000000000e+05 0.000000000000000000e+00 1.200613299999999981e+02 1.051999999999999957e+01
8.340000000000000000e+02 2.279050000000000000e+05 1.000000000000000000e+00 1.834947799999999916e+02 1.078999999999999915e+01
8.370000000000000000e+02 2.280660000000000000e+05 1.500000000000000000e+00 1.433695199999999943e+02 1.031000000000000050e+01
8.500000000000000000e+02 2.287080000000000000e+05 0.000000000000000000e+00 1.547885699999999929e+02 1.099000000000000021e+01
8.550000000000000000e+02 2.291640000000000000e+05 5.000000000000000000e-01 1.045451659999999947e+02 1.057000000000000028e+01
8.630000000000000000e+02 2.304210000000000000e+05 1.000000000000000000e+00 1.570594600000000014e+02 1.050999999999999979e+01
8.640000000000000000e+02 2.304550000000000000e+05 5.000000000000000000e-01 2.050623600000000124e+02 1.105000000000000071e+01
8.650000000000000000e+02 2.305560000000000000e+05 0.000000000000000000e+00 1.717343400000000031e+02 1.097000000000000064e+01
8.670000000000000000e+02 2.305670000000000000e+05 1.000000000000000000e+00 2.393800200000000018e+02 1.103999999999999915e+01
8.690000000000000000e+02 2.306830000000000000e+05 0.000000000000000000e+00 6.402479599999999493e+01 9.939999999999999503e+00
8.750000000000000000e+02 2.307860000000000000e+05 0.000000000000000000e+00 1.252005500000000069e+02 9.929999999999999716e+00
8.760000000000000000e+02 2.307870000000000000e+05 0.000000000000000000e+00 6.448980000000000246e+01 9.339999999999999858e+00
8.770000000000000000e+02 2.307890000000000000e+05 5.000000000000000000e-01 8.734460400000000391e+01 9.519999999999999574e+00
8.780000000000000000e+02 2.307930000000000000e+05 1.000000000000000000e+00 8.736164999999999736e+01 9.730000000000000426e+00
8.800000000000000000e+02 2.307970000000000000e+05 0.000000000000000000e+00 5.100309000000000026e+01 8.939999999999999503e+00
8.850000000000000000e+02 2.308800000000000000e+05 1.000000000000000000e+00 6.902742000000000644e+01 9.699999999999999289e+00
8.990000000000000000e+02 2.382030000000000000e+05 1.500000000000000000e+00 7.598226999999999975e+01 1.001999999999999957e+01
9.050000000000000000e+02 2.382160000000000000e+05 1.500000000000000000e+00 9.186001600000000167e+01 1.017999999999999972e+01
9.070000000000000000e+02 2.382760000000000000e+05 1.000000000000000000e+00 1.556559799999999996e+02 1.058000000000000007e+01
9.080000000000000000e+02 2.382820000000000000e+05 1.000000000000000000e+00 1.503299100000000124e+02 1.048000000000000043e+01
9.090000000000000000e+02 2.383250000000000000e+05 5.000000000000000000e-01 9.751899000000000228e+01 1.017999999999999972e+01
9.190000000000000000e+02 2.384120000000000000e+05 1.000000000000000000e+00 3.093014499999999884e+02 1.088000000000000078e+01
9.200000000000000000e+02 2.384530000000000000e+05 5.000000000000000000e-01 1.481397599999999954e+02 1.068999999999999950e+01
9.220000000000000000e+02 2.384960000000000000e+05 1.500000000000000000e+00 7.415497999999999479e+01 1.013000000000000078e+01
9.230000000000000000e+02 2.385000000000000000e+05 0.000000000000000000e+00 1.129801250000000010e+02 1.017999999999999972e+01
9.240000000000000000e+02 2.389220000000000000e+05 0.000000000000000000e+00 1.852448400000000106e+02 1.074000000000000021e+01
9.380000000000000000e+02 2.403520000000000000e+05 1.500000000000000000e+00 9.139972000000000207e+01 9.859999999999999432e+00
9.420000000000000000e+02 2.501830000000000000e+05 5.000000000000000000e-01 1.552410299999999950e+02 1.023000000000000043e+01
9.430000000000000000e+02 2.501920000000000000e+05 1.500000000000000000e+00 1.558044299999999964e+02 1.066999999999999993e+01
9.440000000000000000e+02 2.502430000000000000e+05 0.000000000000000000e+00 8.467055499999999313e+01 1.007000000000000028e+01
9.540000000000000000e+02 2.520570000000000000e+05 5.000000000000000000e-01 9.198897599999999386e+01 9.910000000000000142e+00
9.580000000000000000e+02 2.713870000000000000e+05 1.000000000000000000e+00 1.815853400000000022e+02 1.092999999999999972e+01
9.590000000000000000e+02 2.714310000000000000e+05 1.500000000000000000e+00 1.567665299999999888e+02 1.050999999999999979e+01
9.620000000000000000e+02 2.714810000000000000e+05 1.500000000000000000e+00 2.055585800000000063e+02 1.117999999999999972e+01
9.630000000000000000e+02 2.715380000000000000e+05 5.000000000000000000e-01 1.839808800000000133e+02 1.097000000000000064e+01
9.650000000000000000e+02 2.716100000000000000e+05 1.500000000000000000e+00 6.011554000000000286e+01 9.380000000000000782e+00
9.660000000000000000e+02 2.721900000000000000e+05 0.000000000000000000e+00 1.872065299999999866e+02 1.096000000000000085e+01
9.680000000000000000e+02 2.724390000000000000e+05 1.000000000000000000e+00 1.412348200000000134e+02 1.049000000000000021e+01
9.700000000000000000e+02 2.724880000000000000e+05 5.000000000000000000e-01 1.305365299999999991e+02 1.033000000000000007e+01
9.750000000000000000e+02 2.728200000000000000e+05 0.000000000000000000e+00 1.674475300000000004e+02 1.082000000000000028e+01
9.770000000000000000e+02 2.728310000000000000e+05 5.000000000000000000e-01 2.543803399999999897e+02 1.116999999999999993e+01
9.780000000000000000e+02 2.728330000000000000e+05 5.000000000000000000e-01 1.615993799999999965e+02 1.091999999999999993e+01
9.790000000000000000e+02 2.729900000000000000e+05 5.000000000000000000e-01 1.373477200000000096e+02 1.058999999999999986e+01
9.920000000000000000e+02 2.738450000000000000e+05 0.000000000000000000e+00 2.891236000000000104e+02 1.124000000000000021e+01
9.930000000000000000e+02 2.738500000000000000e+05 1.000000000000000000e+00 3.190422399999999925e+02 1.114000000000000057e+01
9.940000000000000000e+02 2.738890000000000000e+05 1.500000000000000000e+00 1.946319399999999860e+02 1.108000000000000007e+01
1.002000000000000000e+03 2.781090000000000000e+05 1.500000000000000000e+00 1.684378399999999942e+02 1.033999999999999986e+01
1.011000000000000000e+03 2.787360000000000000e+05 1.500000000000000000e+00 5.652808799999999678e+01 9.699999999999999289e+00
1.017000000000000000e+03 2.788040000000000000e+05 1.500000000000000000e+00 6.894910000000000139e+01 9.820000000000000284e+00
1.020000000000000000e+03 2.788400000000000000e+05 5.000000000000000000e-01 1.017220149999999990e+02 1.041000000000000014e+01
1.030000000000000000e+03 2.798400000000000000e+05 1.000000000000000000e+00 1.206503600000000063e+02 1.043999999999999950e+01
1.031000000000000000e+03 2.798780000000000000e+05 0.000000000000000000e+00 2.327110399999999970e+02 1.125999999999999979e+01
1.034000000000000000e+03 2.799050000000000000e+05 5.000000000000000000e-01 1.705892200000000116e+02 1.042999999999999972e+01
1.035000000000000000e+03 2.799100000000000000e+05 5.000000000000000000e-01 2.194876999999999896e+02 1.100999999999999979e+01
1.041000000000000000e+03 2.878270000000000000e+05 1.500000000000000000e+00 6.128923400000000044e+01 9.830000000000000071e+00
1.045000000000000000e+03 2.886790000000000000e+05 1.000000000000000000e+00 2.080149399999999957e+02 1.091999999999999993e+01
1.050000000000000000e+03 2.888030000000000000e+05 0.000000000000000000e+00 1.769338799999999878e+02 1.066000000000000014e+01
1.061000000000000000e+03 2.890890000000000000e+05 1.000000000000000000e+00 1.961418899999999894e+02 1.058999999999999986e+01
1.065000000000000000e+03 2.891020000000000000e+05 1.000000000000000000e+00 9.783471000000000117e+01 1.014000000000000057e+01
1.069000000000000000e+03 2.891130000000000000e+05 1.000000000000000000e+00 1.233849600000000066e+02 1.051999999999999957e+01
1.071000000000000000e+03 2.891180000000000000e+05 1.500000000000000000e+00 5.237609499999999940e+01 9.300000000000000711e+00
1.072000000000000000e+03 2.891680000000000000e+05 5.000000000000000000e-01 5.608198500000000308e+01 9.099999999999999645e+00
1.073000000000000000e+03 2.891700000000000000e+05 1.000000000000000000e+00 7.438061999999999330e+01 9.699999999999999289e+00
1.078000000000000000e+03 2.891980000000000000e+05 1.500000000000000000e+00 6.484569500000000630e+01 9.630000000000000782e+00
1.084000000000000000e+03 2.899570000000000000e+05 1.500000000000000000e+00 1.034855699999999956e+02 1.032000000000000028e+01
1.087000000000000000e+03 2.903230000000000000e+05 1.000000000000000000e+00 1.990118300000000033e+02 1.090000000000000036e+01
1.094000000000000000e+03 2.966770000000000000e+05 1.500000000000000000e+00 2.160990899999999897e+02 1.076999999999999957e+01
1.100000000000000000e+03 2.968290000000000000e+05 1.500000000000000000e+00 8.259430999999999301e+01 1.015000000000000036e+01
1.103000000000000000e+03 2.969270000000000000e+05 1.000000000000000000e+00 2.208059100000000115e+02 1.092999999999999972e+01
1.116000000000000000e+03 2.985900000000000000e+05 0.000000000000000000e+00 1.369418000000000006e+02 1.055000000000000071e+01
1.117000000000000000e+03 2.985910000000000000e+05 1.500000000000000000e+00 1.232905800000000056e+02 1.039000000000000057e+01
1.127000000000000000e+03 3.004060000000000000e+05 5.000000000000000000e-01 2.040933200000000056e+02 1.091999999999999993e+01
1.128000000000000000e+03 3.004110000000000000e+05 0.000000000000000000e+00 1.587863900000000115e+02 1.081000000000000050e+01
1.132000000000000000e+03 3.006910000000000000e+05 0.000000000000000000e+00 1.199372099999999932e+02 1.034999999999999964e+01
1.133000000000000000e+03 3.007870000000000000e+05 1.000000000000000000e+00 1.201413199999999932e+02 1.032000000000000028e+01
1.137000000000000000e+03 3.011910000000000000e+05 1.500000000000000000e+00 1.861425000000000125e+02 1.069999999999999929e+01
1.138000000000000000e+03 3.011990000000000000e+05 1.500000000000000000e+00 8.504061000000000092e+01 1.013000000000000078e+01
1.143000000000000000e+03 3.015190000000000000e+05 0.000000000000000000e+00 2.180870400000000018e+02 1.094999999999999929e+01
1.147000000000000000e+03 3.019370000000000000e+05 5.000000000000000000e-01 1.626878399999999942e+02 1.103999999999999915e+01
1.148000000000000000e+03 3.019940000000000000e+05 1.000000000000000000e+00 1.814138499999999965e+02 1.066000000000000014e+01
1.151000000000000000e+03 3.026840000000000000e+05 1.000000000000000000e+00 1.470260600000000011e+02 1.035999999999999943e+01
1.162000000000000000e+03 3.190590000000000000e+05 1.000000000000000000e+00 1.076775740000000070e+02 1.001999999999999957e+01
1.163000000000000000e+03 3.190600000000000000e+05 1.000000000000000000e+00 1.360658400000000086e+02 1.055000000000000071e+01
1.165000000000000000e+03 3.190670000000000000e+05 1.000000000000000000e+00 2.024716600000000142e+02 1.092999999999999972e+01
1.166000000000000000e+03 3.190700000000000000e+05 5.000000000000000000e-01 1.944173999999999864e+02 1.067999999999999972e+01
1.169000000000000000e+03 3.191570000000000000e+05 1.500000000000000000e+00 1.081399399999999957e+02 1.019999999999999929e+01
1.170000000000000000e+03 3.191960000000000000e+05 5.000000000000000000e-01 9.564099000000000217e+01 1.016999999999999993e+01
1.171000000000000000e+03 3.191970000000000000e+05 1.500000000000000000e+00 1.184582099999999940e+02 1.038000000000000078e+01
1.172000000000000000e+03 3.192310000000000000e+05 0.000000000000000000e+00 7.258508999999999389e+01 1.005000000000000071e+01
1.176000000000000000e+03 3.192930000000000000e+05 5.000000000000000000e-01 9.419567000000000689e+01 1.028999999999999915e+01
1.179000000000000000e+03 3.193850000000000000e+05 1.500000000000000000e+00 7.481542000000000314e+01 1.013000000000000078e+01
1.181000000000000000e+03 3.193950000000000000e+05 5.000000000000000000e-01 1.051956899999999990e+02 1.071000000000000085e+01
1.184000000000000000e+03 3.194020000000000000e+05 1.000000000000000000e+00 1.910848100000000045e+02 1.078999999999999915e+01
1.185000000000000000e+03 3.194520000000000000e+05 1.000000000000000000e+00 1.295584000000000060e+02 1.049000000000000021e+01
1.193000000000000000e+03 3.210350000000000000e+05 1.000000000000000000e+00 8.220462000000000558e+01 9.830000000000000071e+00
1.194000000000000000e+03 3.210590000000000000e+05 1.000000000000000000e+00 8.616904399999999953e+01 9.669999999999999929e+00
1.195000000000000000e+03 3.211460000000000000e+05 5.000000000000000000e-01 7.480141000000000417e+01 9.699999999999999289e+00
1.206000000000000000e+03 3.235410000000000000e+05 1.000000000000000000e+00 1.663573299999999904e+02 1.048000000000000043e+01
1.207000000000000000e+03 3.235580000000000000e+05 1.500000000000000000e+00 1.652146600000000092e+02 1.090000000000000036e+01
1.208000000000000000e+03 3.235660000000000000e+05 0.000000000000000000e+00 1.031668599999999998e+02 1.000999999999999979e+01
1.211000000000000000e+03 3.235930000000000000e+05 5.000000000000000000e-01 2.510341300000000047e+02 1.113000000000000078e+01
1.212000000000000000e+03 3.238540000000000000e+05 1.500000000000000000e+00 1.607304200000000094e+02 1.071000000000000085e+01
1.219000000000000000e+03 3.243510000000000000e+05 1.500000000000000000e+00 1.266354599999999948e+02 1.044999999999999929e+01
1.226000000000000000e+03 3.253210000000000000e+05 1.000000000000000000e+00 1.986482100000000059e+02 1.096000000000000085e+01
1.231000000000000000e+03 3.254670000000000000e+05 5.000000000000000000e-01 2.143632399999999905e+02 1.098000000000000043e+01
1.236000000000000000e+03 3.457540000000000000e+05 1.500000000000000000e+00 9.984538999999999476e+01 1.025000000000000000e+01
1.237000000000000000e+03 3.457580000000000000e+05 0.000000000000000000e+00 2.483053700000000106e+02 1.119999999999999929e+01
1.238000000000000000e+03 3.457670000000000000e+05 5.000000000000000000e-01 2.510961900000000071e+02 1.103999999999999915e+01
1.239000000000000000e+03 3.458200000000000000e+05 1.500000000000000000e+00 1.175801199999999938e+02 1.025999999999999979e+01
1.241000000000000000e+03 3.458480000000000000e+05 0.000000000000000000e+00 1.733033299999999883e+02 1.093999999999999950e+01
1.242000000000000000e+03 3.460460000000000000e+05 1.000000000000000000e+00 1.156741200000000021e+02 1.023000000000000043e+01
1.246000000000000000e+03 3.465040000000000000e+05 1.500000000000000000e+00 9.812833999999999435e+01 9.990000000000000213e+00
1.247000000000000000e+03 3.466230000000000000e+05 5.000000000000000000e-01 1.722122799999999927e+02 1.053999999999999915e+01
1.252000000000000000e+03 3.468370000000000000e+05 0.000000000000000000e+00 9.008443499999999915e+01 1.013000000000000078e+01
1.253000000000000000e+03 3.468390000000000000e+05 1.000000000000000000e+00 1.204632950000000022e+02 1.039000000000000057e+01
1.256000000000000000e+03 3.468870000000000000e+05 5.000000000000000000e-01 1.232977599999999967e+02 1.055000000000000071e+01
1.257000000000000000e+03 3.468900000000000000e+05 1.000000000000000000e+00 1.369743499999999869e+02 1.040000000000000036e+01
1.259000000000000000e+03 3.468940000000000000e+05 1.500000000000000000e+00 2.037653699999999901e+02 1.047000000000000064e+01
1.263000000000000000e+03 3.474710000000000000e+05 5.000000000000000000e-01 1.966092500000000030e+02 1.086999999999999922e+01
1.269000000000000000e+03 3.481150000000000000e+05 1.000000000000000000e+00 2.194466199999999958e+02 1.111999999999999922e+01
1.274000000000000000e+03 3.709970000000000000e+05 5.000000000000000000e-01 1.540515699999999981e+02 1.090000000000000036e+01
1.276000000000000000e+03 3.711450000000000000e+05 1.500000000000000000e+00 1.371583300000000065e+02 1.046000000000000085e+01
1.278000000000000000e+03 3.711710000000000000e+05 0.000000000000000000e+00 9.527818999999999505e+01 1.015000000000000036e+01
1.279000000000000000e+03 3.711720000000000000e+05 0.000000000000000000e+00 2.587940399999999954e+02 1.116000000000000014e+01
1.282000000000000000e+03 3.717140000000000000e+05 1.500000000000000000e+00 1.532925700000000120e+02 1.067999999999999972e+01
1.286000000000000000e+03 3.718890000000000000e+05 1.500000000000000000e+00 1.906077699999999879e+02 1.096000000000000085e+01
1.287000000000000000e+03 3.719430000000000000e+05 1.500000000000000000e+00 2.061504700000000128e+02 1.107000000000000028e+01
1.289000000000000000e+03 3.719760000000000000e+05 1.000000000000000000e+00 1.278667599999999993e+02 1.055000000000000071e+01
1.291000000000000000e+03 3.721050000000000000e+05 1.500000000000000000e+00 1.049831499999999949e+02 1.039000000000000057e+01
1.292000000000000000e+03 3.721230000000000000e+05 0.000000000000000000e+00 2.682697000000000003e+02 1.142999999999999972e+01
1.294000000000000000e+03 3.721330000000000000e+05 5.000000000000000000e-01 1.932742900000000077e+02 1.058999999999999986e+01
1.298000000000000000e+03 3.724080000000000000e+05 1.000000000000000000e+00 1.817132300000000100e+02 1.075999999999999979e+01
1.300000000000000000e+03 3.724520000000000000e+05 5.000000000000000000e-01 1.336696200000000090e+02 1.065000000000000036e+01
1.304000000000000000e+03 3.731050000000000000e+05 1.500000000000000000e+00 1.648004999999999995e+02 1.078999999999999915e+01
1.305000000000000000e+03 3.731630000000000000e+05 0.000000000000000000e+00 1.863572399999999902e+02 1.082000000000000028e+01
1.306000000000000000e+03 3.731680000000000000e+05 0.000000000000000000e+00 2.415173599999999965e+02 1.119999999999999929e+01
1.307000000000000000e+03 3.731730000000000000e+05 1.000000000000000000e+00 1.890365299999999991e+02 1.097000000000000064e+01
1.315000000000000000e+03 3.755600000000000000e+05 5.000000000000000000e-01 2.155954399999999964e+02 1.110999999999999943e+01
1.316000000000000000e+03 3.755640000000000000e+05 1.000000000000000000e+00 1.426789899999999989e+02 1.018999999999999950e+01
1.318000000000000000e+03 3.756150000000000000e+05 5.000000000000000000e-01 1.091832349999999963e+02 1.069999999999999929e+01
1.323000000000000000e+03 3.760970000000000000e+05 1.000000000000000000e+00 1.949038400000000024e+02 1.091999999999999993e+01
1.338000000000000000e+03 3.767030000000000000e+05 0.000000000000000000e+00 1.937249999999999943e+02 1.074000000000000021e+01
1.342000000000000000e+03 3.775620000000000000e+05 1.500000000000000000e+00 1.463071600000000103e+02 1.067999999999999972e+01
1.344000000000000000e+03 3.776660000000000000e+05 1.500000000000000000e+00 2.452343600000000094e+02 1.098000000000000043e+01
1.345000000000000000e+03 3.777100000000000000e+05 5.000000000000000000e-01 1.122675859999999943e+02 1.002999999999999936e+01
1.349000000000000000e+03 3.781040000000000000e+05 1.000000000000000000e+00 2.696808500000000208e+02 1.091000000000000014e+01
1.353000000000000000e+03 3.806970000000000000e+05 1.000000000000000000e+00 2.157806899999999928e+02 1.099000000000000021e+01
1.354000000000000000e+03 3.807340000000000000e+05 0.000000000000000000e+00 1.930433299999999974e+02 1.096000000000000085e+01
1.355000000000000000e+03 3.811560000000000000e+05 1.500000000000000000e+00 8.229716500000000678e+01 1.000999999999999979e+01
1.356000000000000000e+03 3.811570000000000000e+05 1.000000000000000000e+00 2.079465600000000052e+02 1.035999999999999943e+01
1.358000000000000000e+03 3.811600000000000000e+05 1.000000000000000000e+00 1.044827800000000053e+02 1.006000000000000050e+01
1.360000000000000000e+03 3.812070000000000000e+05 1.000000000000000000e+00 1.329305699999999888e+02 1.060999999999999943e+01
1.362000000000000000e+03 3.812190000000000000e+05 5.000000000000000000e-01 1.359769900000000007e+02 1.032000000000000028e+01
1.363000000000000000e+03 3.812210000000000000e+05 1.000000000000000000e+00 1.473981799999999964e+02 1.013000000000000078e+01
1.365000000000000000e+03 3.812290000000000000e+05 0.000000000000000000e+00 1.518539000000000101e+02 1.049000000000000021e+01
1.368000000000000000e+03 3.819790000000000000e+05 1.000000000000000000e+00 1.985510299999999972e+02 1.091999999999999993e+01
1.370000000000000000e+03 3.821540000000000000e+05 0.000000000000000000e+00 1.915354199999999878e+02 1.080000000000000071e+01
1.371000000000000000e+03 3.821580000000000000e+05 1.000000000000000000e+00 1.460359300000000076e+02 1.047000000000000064e+01
1.372000000000000000e+03 3.825050000000000000e+05 0.000000000000000000e+00 1.219706649999999968e+02 1.063000000000000078e+01
1.373000000000000000e+03 3.825380000000000000e+05 1.000000000000000000e+00 1.633776200000000074e+02 1.027999999999999936e+01
1.374000000000000000e+03 3.825630000000000000e+05 5.000000000000000000e-01 7.759635000000000105e+01 9.849999999999999645e+00
1.376000000000000000e+03 3.826590000000000000e+05 1.000000000000000000e+00 1.838471800000000087e+02 1.075999999999999979e+01
1.381000000000000000e+03 3.831470000000000000e+05 1.000000000000000000e+00 2.478582000000000107e+02 1.118999999999999950e+01
1.386000000000000000e+03 3.862680000000000000e+05 1.000000000000000000e+00 2.121153099999999938e+02 1.094999999999999929e+01
1.389000000000000000e+03 3.863160000000000000e+05 1.500000000000000000e+00 1.440684500000000128e+02 1.060999999999999943e+01
1.393000000000000000e+03 3.866730000000000000e+05 5.000000000000000000e-01 2.470635699999999986e+02 1.106000000000000050e+01
1.395000000000000000e+03 3.867220000000000000e+05 5.000000000000000000e-01 1.039219060000000070e+02 1.028999999999999915e+01
1.396000000000000000e+03 3.868920000000000000e+05 1.500000000000000000e+00 1.562212800000000072e+02 1.069999999999999929e+01
1.399000000000000000e+03 3.870420000000000000e+05 1.000000000000000000e+00 1.581793800000000090e+02 1.041000000000000014e+01
1.401000000000000000e+03 3.875530000000000000e+05 5.000000000000000000e-01 2.147199599999999862e+02 1.083999999999999986e+01
1.402000000000000000e+03 3.876750000000000000e+05 1.500000000000000000e+00 1.669680799999999863e+02 1.068999999999999950e+01
1.405000000000000000e+03 3.877150000000000000e+05 1.000000000000000000e+00 1.298031900000000007e+02 1.055000000000000071e+01
1.407000000000000000e+03 3.881460000000000000e+05 1.000000000000000000e+00 2.489386299999999892e+02 1.103999999999999915e+01
1.414000000000000000e+03 3.885130000000000000e+05 5.000000000000000000e-01 1.757896599999999978e+02 1.092999999999999972e+01
1.415000000000000000e+03 3.885520000000000000e+05 1.000000000000000000e+00 2.108733000000000004e+02 1.100999999999999979e+01
1.420000000000000000e+03 3.966150000000000000e+05 1.500000000000000000e+00 1.370137599999999907e+02 1.051999999999999957e+01
1.421000000000000000e+03 3.966210000000000000e+05 1.500000000000000000e+00 1.157078249999999997e+02 1.048000000000000043e+01
1.423000000000000000e+03 3.967810000000000000e+05 1.500000000000000000e+00 2.033478399999999908e+02 1.132000000000000028e+01
1.431000000000000000e+03 4.174400000000000000e+05 0.000000000000000000e+00 2.052290199999999913e+02 1.121000000000000085e+01
1.435000000000000000e+03 4.174860000000000000e+05 5.000000000000000000e-01 6.311017600000000272e+01 1.008999999999999986e+01
1.437000000000000000e+03 4.175800000000000000e+05 5.000000000000000000e-01 7.632394399999999735e+01 9.929999999999999716e+00
1.442000000000000000e+03 4.186300000000000000e+05 1.000000000000000000e+00 1.580487200000000030e+02 1.041000000000000014e+01
1.443000000000000000e+03 4.186930000000000000e+05 1.500000000000000000e+00 1.815068499999999858e+02 1.061999999999999922e+01
1.450000000000000000e+03 4.192940000000000000e+05 1.000000000000000000e+00 1.613306399999999883e+02 1.069999999999999929e+01
1.453000000000000000e+03 4.193350000000000000e+05 1.000000000000000000e+00 1.371535299999999893e+02 1.033000000000000007e+01
1.454000000000000000e+03 4.193450000000000000e+05 1.000000000000000000e+00 1.174016340000000014e+02 1.042999999999999972e+01
1.460000000000000000e+03 4.222920000000000000e+05 1.000000000000000000e+00 1.985558499999999924e+02 1.041999999999999993e+01
1.463000000000000000e+03 4.223590000000000000e+05 1.500000000000000000e+00 9.171161999999999637e+01 1.007000000000000028e+01
1.465000000000000000e+03 4.223890000000000000e+05 0.000000000000000000e+00 9.564762000000000342e+01 1.042999999999999972e+01
1.466000000000000000e+03 4.224060000000000000e+05 0.000000000000000000e+00 8.320050000000000523e+01 1.005000000000000071e+01
1.469000000000000000e+03 4.224430000000000000e+05 1.500000000000000000e+00 1.033944400000000030e+02 1.006000000000000050e+01
1.470000000000000000e+03 4.224460000000000000e+05 1.500000000000000000e+00 1.112220149999999990e+02 1.035999999999999943e+01
1.485000000000000000e+03 4.232670000000000000e+05 1.000000000000000000e+00 1.032333500000000015e+02 1.001999999999999957e+01
1.490000000000000000e+03 4.576150000000000000e+05 1.500000000000000000e+00 1.400901299999999878e+02 1.042999999999999972e+01
1.496000000000000000e+03 4.607670000000000000e+05 1.500000000000000000e+00 1.188549699999999945e+02 1.015000000000000036e+01
1.498000000000000000e+03 4.631480000000000000e+05 5.000000000000000000e-01 7.453393599999999708e+01 1.001999999999999957e+01
1.508000000000000000e+03 4.849760000000000000e+05 1.500000000000000000e+00 4.179963300000000004e+01 9.419999999999999929e+00
1.510000000000000000e+03 4.850470000000000000e+05 1.500000000000000000e+00 1.214288899999999956e+02 1.027999999999999936e+01
1.512000000000000000e+03 4.855040000000000000e+05 1.500000000000000000e+00 8.713720000000000709e+01 1.019999999999999929e+01
1.521000000000000000e+03 4.858830000000000000e+05 5.000000000000000000e-01 1.859225299999999947e+02 1.053999999999999915e+01
1.524000000000000000e+03 4.859210000000000000e+05 0.000000000000000000e+00 1.196625200000000007e+02 1.048000000000000043e+01
1.538000000000000000e+03 4.870600000000000000e+05 1.500000000000000000e+00 2.075622099999999932e+02 1.091999999999999993e+01
1.540000000000000000e+03 4.914570000000000000e+05 1.000000000000000000e+00 1.597300899999999899e+02 1.064000000000000057e+01
1.543000000000000000e+03 4.915080000000000000e+05 1.000000000000000000e+00 1.283689599999999871e+02 1.060999999999999943e+01
1.552000000000000000e+03 4.924110000000000000e+05 0.000000000000000000e+00 1.239730760000000060e+02 1.069999999999999929e+01
1.554000000000000000e+03 4.924860000000000000e+05 0.000000000000000000e+00 1.601258100000000013e+02 1.011999999999999922e+01
1.555000000000000000e+03 4.926900000000000000e+05 5.000000000000000000e-01 1.251198959999999971e+02 1.023000000000000043e+01
1.556000000000000000e+03 4.928830000000000000e+05 1.500000000000000000e+00 1.593588900000000024e+02 1.066000000000000014e+01
1.557000000000000000e+03 4.929410000000000000e+05 0.000000000000000000e+00 1.201988800000000026e+02 1.034999999999999964e+01
1.559000000000000000e+03 4.930280000000000000e+05 5.000000000000000000e-01 1.333572000000000060e+02 1.072000000000000064e+01
1.566000000000000000e+03 4.938380000000000000e+05 1.000000000000000000e+00 1.688642000000000110e+02 1.040000000000000036e+01
1.569000000000000000e+03 4.970350000000000000e+05 5.000000000000000000e-01 2.263887000000000000e+02 1.119999999999999929e+01
1.571000000000000000e+03 5.047300000000000000e+05 1.000000000000000000e+00 2.101427500000000066e+02 1.094999999999999929e+01
1.572000000000000000e+03 5.048770000000000000e+05 1.000000000000000000e+00 1.113794199999999961e+02 1.040000000000000036e+01
1.573000000000000000e+03 5.048790000000000000e+05 5.000000000000000000e-01 1.276147200000000055e+02 1.042999999999999972e+01
1.577000000000000000e+03 5.053410000000000000e+05 1.000000000000000000e+00 2.098204499999999939e+02 1.065000000000000036e+01
1.578000000000000000e+03 5.057650000000000000e+05 0.000000000000000000e+00 1.834499500000000012e+02 1.091000000000000014e+01
1.585000000000000000e+03 5.061190000000000000e+05 0.000000000000000000e+00 2.242990100000000098e+02 1.107000000000000028e+01
1.586000000000000000e+03 5.077210000000000000e+05 0.000000000000000000e+00 1.969945800000000133e+02 1.139000000000000057e+01
1.587000000000000000e+03 5.081320000000000000e+05 1.000000000000000000e+00 3.220847499999999854e+02 1.103999999999999915e+01
1.588000000000000000e+03 5.081380000000000000e+05 1.500000000000000000e+00 1.259301760000000030e+02 1.049000000000000021e+01
1.589000000000000000e+03 5.081440000000000000e+05 1.500000000000000000e+00 1.444124300000000005e+02 1.047000000000000064e+01
1.590000000000000000e+03 5.081800000000000000e+05 5.000000000000000000e-01 2.102044799999999896e+02 1.106000000000000050e+01
1.591000000000000000e+03 5.081840000000000000e+05 1.500000000000000000e+00 1.553429700000000082e+02 1.077999999999999936e+01
1.592000000000000000e+03 5.082680000000000000e+05 5.000000000000000000e-01 1.112029650000000061e+02 1.025000000000000000e+01
1.593000000000000000e+03 5.083120000000000000e+05 1.500000000000000000e+00 9.809542000000000428e+01 1.018999999999999950e+01
1.594000000000000000e+03 5.083150000000000000e+05 1.500000000000000000e+00 2.231845399999999984e+02 1.107000000000000028e+01
1.603000000000000000e+03 5.085680000000000000e+05 1.500000000000000000e+00 1.325104000000000042e+02 1.030000000000000071e+01
1.604000000000000000e+03 5.085930000000000000e+05 5.000000000000000000e-01 1.354603400000000022e+02 1.058000000000000007e+01
1.605000000000000000e+03 5.086320000000000000e+05 5.000000000000000000e-01 8.053140000000000498e+01 1.056000000000000050e+01
1.608000000000000000e+03 5.087510000000000000e+05 5.000000000000000000e-01 1.096375799999999998e+02 1.023000000000000043e+01
1.613000000000000000e+03 5.090750000000000000e+05 0.000000000000000000e+00 1.317769299999999930e+02 1.051999999999999957e+01
1.614000000000000000e+03 5.090800000000000000e+05 1.000000000000000000e+00 1.071450300000000055e+02 1.010999999999999943e+01
1.630000000000000000e+03 5.118900000000000000e+05 1.500000000000000000e+00 1.362453500000000020e+02 1.055000000000000071e+01
1.631000000000000000e+03 5.118920000000000000e+05 1.000000000000000000e+00 1.683752100000000098e+02 1.085999999999999943e+01
1.635000000000000000e+03 5.121970000000000000e+05 1.500000000000000000e+00 9.376117000000000701e+01 1.023000000000000043e+01
1.638000000000000000e+03 5.123120000000000000e+05 1.000000000000000000e+00 1.904434699999999907e+02 1.051999999999999957e+01
1.645000000000000000e+03 5.140220000000000000e+05 1.500000000000000000e+00 9.698170500000000516e+01 1.014000000000000057e+01
1.649000000000000000e+03 5.142180000000000000e+05 1.000000000000000000e+00 1.908598200000000134e+02 1.091999999999999993e+01
1.657000000000000000e+03 5.172050000000000000e+05 0.000000000000000000e+00 2.449363700000000108e+02 1.124000000000000021e+01
1.658000000000000000e+03 5.172110000000000000e+05 1.000000000000000000e+00 1.625978100000000097e+02 1.078999999999999915e+01
1.660000000000000000e+03 5.172440000000000000e+05 1.500000000000000000e+00 1.209788900000000069e+02 1.043999999999999950e+01
1.665000000000000000e+03 5.172780000000000000e+05 5.000000000000000000e-01 2.476588999999999885e+02 1.106000000000000050e+01
1.668000000000000000e+03 5.173020000000000000e+05 1.500000000000000000e+00 8.745456000000000074e+01 1.017999999999999972e+01
1.673000000000000000e+03 5.174650000000000000e+05 1.000000000000000000e+00 8.974235000000000184e+01 1.009999999999999964e+01
1.682000000000000000e+03 5.188290000000000000e+05 5.000000000000000000e-01 9.941527999999999565e+01 9.929999999999999716e+00
1.685000000000000000e+03 5.191410000000000000e+05 5.000000000000000000e-01 1.627945599999999899e+02 1.091999999999999993e+01
1.690000000000000000e+03 5.217940000000000000e+05 1.000000000000000000e+00 1.598586099999999988e+02 1.040000000000000036e+01
1.691000000000000000e+03 5.218230000000000000e+05 0.000000000000000000e+00 1.635314199999999971e+02 1.093999999999999950e+01
1.696000000000000000e+03 5.220330000000000000e+05 1.000000000000000000e+00 2.046838500000000067e+02 1.096000000000000085e+01
1.709000000000000000e+03 5.349040000000000000e+05 1.000000000000000000e+00 1.611138500000000136e+02 1.036999999999999922e+01
1.724000000000000000e+03 5.364540000000000000e+05 0.000000000000000000e+00 2.491312599999999975e+02 1.108000000000000007e+01
1.725000000000000000e+03 5.364630000000000000e+05 1.000000000000000000e+00 2.258868899999999940e+02 1.105000000000000071e+01
1.729000000000000000e+03 5.369630000000000000e+05 5.000000000000000000e-01 2.202948199999999872e+02 1.091999999999999993e+01
1.739000000000000000e+03 5.373650000000000000e+05 1.000000000000000000e+00 1.923243899999999940e+02 1.042999999999999972e+01
1.747000000000000000e+03 5.434890000000000000e+05 0.000000000000000000e+00 1.532646200000000078e+02 1.092999999999999972e+01
1.751000000000000000e+03 5.434990000000000000e+05 1.500000000000000000e+00 6.605531999999999471e+01 1.025000000000000000e+01
1.752000000000000000e+03 5.435010000000000000e+05 1.000000000000000000e+00 1.673930699999999945e+02 1.047000000000000064e+01
1.753000000000000000e+03 5.435310000000000000e+05 5.000000000000000000e-01 1.423636500000000069e+02 1.041000000000000014e+01
1.756000000000000000e+03 5.435520000000000000e+05 1.500000000000000000e+00 1.124723050000000057e+02 1.009999999999999964e+01
1.757000000000000000e+03 5.435530000000000000e+05 5.000000000000000000e-01 9.930061999999999500e+01 1.034999999999999964e+01
1.758000000000000000e+03 5.435540000000000000e+05 1.500000000000000000e+00 8.431566999999999723e+01 1.002999999999999936e+01
1.765000000000000000e+03 5.438590000000000000e+05 1.500000000000000000e+00 1.577223700000000122e+02 1.073000000000000043e+01
1.770000000000000000e+03 5.447490000000000000e+05 1.000000000000000000e+00 2.379281300000000101e+02 1.090000000000000036e+01
1.777000000000000000e+03 5.459030000000000000e+05 1.000000000000000000e+00 1.812770199999999932e+02 1.075000000000000000e+01
1.783000000000000000e+03 5.488350000000000000e+05 5.000000000000000000e-01 1.994700200000000052e+02 1.081000000000000050e+01
1.784000000000000000e+03 5.488720000000000000e+05 1.500000000000000000e+00 1.193463749999999948e+02 1.051999999999999957e+01
1.788000000000000000e+03 5.490700000000000000e+05 5.000000000000000000e-01 1.286237500000000011e+02 1.007000000000000028e+01
1.792000000000000000e+03 5.492960000000000000e+05 0.000000000000000000e+00 1.831146699999999896e+02 1.094999999999999929e+01
1.801000000000000000e+03 5.507810000000000000e+05 1.000000000000000000e+00 1.340053699999999992e+02 1.039000000000000057e+01
1.809000000000000000e+03 5.515050000000000000e+05 5.000000000000000000e-01 2.794266400000000203e+02 1.133999999999999986e+01
1.811000000000000000e+03 5.516190000000000000e+05 0.000000000000000000e+00 1.355598099999999988e+02 1.018999999999999950e+01
1.818000000000000000e+03 5.592500000000000000e+05 5.000000000000000000e-01 1.514590000000000032e+02 1.096000000000000085e+01
1.822000000000000000e+03 5.594900000000000000e+05 0.000000000000000000e+00 8.777106499999999301e+01 1.028999999999999915e+01
1.827000000000000000e+03 5.602060000000000000e+05 1.500000000000000000e+00 2.104610399999999970e+02 1.069999999999999929e+01
1.831000000000000000e+03 5.603410000000000000e+05 1.000000000000000000e+00 2.320817000000000121e+02 1.117999999999999972e+01
1.836000000000000000e+03 5.608830000000000000e+05 1.500000000000000000e+00 2.216034999999999968e+02 1.121000000000000085e+01
1.838000000000000000e+03 5.609820000000000000e+05 5.000000000000000000e-01 1.765602100000000121e+02 1.031000000000000050e+01
1.841000000000000000e+03 5.614880000000000000e+05 1.500000000000000000e+00 5.756837500000000318e+01 9.320000000000000284e+00
1.844000000000000000e+03 5.674450000000000000e+05 1.500000000000000000e+00 1.115143360000000001e+02 1.008000000000000007e+01
1.861000000000000000e+03 5.695550000000000000e+05 1.500000000000000000e+00 1.165158899999999988e+02 1.043999999999999950e+01
1.869000000000000000e+03 5.702030000000000000e+05 5.000000000000000000e-01 2.096997800000000041e+02 1.077999999999999936e+01
1.870000000000000000e+03 5.702060000000000000e+05 1.500000000000000000e+00 1.520148599999999988e+02 1.050000000000000000e+01
1.871000000000000000e+03 5.702070000000000000e+05 1.000000000000000000e+00 1.838237300000000118e+02 1.075000000000000000e+01
1.875000000000000000e+03 5.702400000000000000e+05 1.000000000000000000e+00 1.204718199999999939e+02 1.005000000000000071e+01
1.879000000000000000e+03 5.736170000000000000e+05 1.500000000000000000e+00 8.297265000000000157e+01 1.007000000000000028e+01
1.894000000000000000e+03 5.744230000000000000e+05 5.000000000000000000e-01 1.749735100000000045e+02 1.074000000000000021e+01
1.900000000000000000e+03 5.753390000000000000e+05 0.000000000000000000e+00 8.588959499999999991e+01 1.041000000000000014e+01
1.913000000000000000e+03 5.837230000000000000e+05 0.000000000000000000e+00 2.345438800000000015e+02 1.119999999999999929e+01
1.920000000000000000e+03 5.851960000000000000e+05 5.000000000000000000e-01 1.397058299999999917e+02 1.055000000000000071e+01
1.921000000000000000e+03 5.852150000000000000e+05 0.000000000000000000e+00 2.144275700000000029e+02 1.102999999999999936e+01
1.934000000000000000e+03 5.863300000000000000e+05 1.000000000000000000e+00 1.073215600000000052e+02 1.017999999999999972e+01
1.937000000000000000e+03 5.922940000000000000e+05 1.000000000000000000e+00 2.011550100000000043e+02 1.055000000000000071e+01
1.939000000000000000e+03 5.924190000000000000e+05 1.000000000000000000e+00 1.305766099999999881e+02 1.010999999999999943e+01
1.944000000000000000e+03 5.928580000000000000e+05 1.500000000000000000e+00 1.646778600000000097e+02 1.068999999999999950e+01
1.949000000000000000e+03 5.936420000000000000e+05 1.500000000000000000e+00 7.615980999999999312e+01 9.650000000000000355e+00
1.953000000000000000e+03 5.938130000000000000e+05 1.000000000000000000e+00 2.407068199999999933e+02 1.099000000000000021e+01
1.955000000000000000e+03 5.940530000000000000e+05 1.500000000000000000e+00 1.140816899999999947e+02 1.053999999999999915e+01
1.967000000000000000e+03 5.949460000000000000e+05 5.000000000000000000e-01 7.195928999999999576e+01 9.880000000000000782e+00
1.972000000000000000e+03 5.949900000000000000e+05 1.500000000000000000e+00 9.641258999999999446e+01 1.033999999999999986e+01
1.987000000000000000e+03 5.998340000000000000e+05 0.000000000000000000e+00 2.234321899999999914e+02 1.121000000000000085e+01
1.988000000000000000e+03 5.998380000000000000e+05 0.000000000000000000e+00 2.009032400000000109e+02 1.115000000000000036e+01
2.000000000000000000e+03 6.007430000000000000e+05 5.000000000000000000e-01 2.048700699999999983e+02 1.096000000000000085e+01
2.001000000000000000e+03 6.008820000000000000e+05 5.000000000000000000e-01 1.248530700000000024e+02 1.027999999999999936e+01
2.002000000000000000e+03 6.009150000000000000e+05 1.000000000000000000e+00 1.698151400000000137e+02 1.080000000000000071e+01
2.004000000000000000e+03 6.009290000000000000e+05 1.000000000000000000e+00 1.391850300000000118e+02 1.064000000000000057e+01
2.005000000000000000e+03 6.009730000000000000e+05 5.000000000000000000e-01 1.389214200000000119e+02 1.038000000000000078e+01
2.008000000000000000e+03 6.010130000000000000e+05 1.000000000000000000e+00 1.994976499999999930e+02 1.086999999999999922e+01
2.009000000000000000e+03 6.010180000000000000e+05 1.500000000000000000e+00 5.982988399999999984e+01 9.720000000000000639e+00
2.011000000000000000e+03 6.011020000000000000e+05 1.500000000000000000e+00 1.182061900000000065e+02 1.034999999999999964e+01
2.012000000000000000e+03 6.011050000000000000e+05 1.500000000000000000e+00 1.479944500000000005e+02 1.052999999999999936e+01
2.014000000000000000e+03 6.012100000000000000e+05 1.000000000000000000e+00 2.618312000000000239e+02 1.100999999999999979e+01
2.016000000000000000e+03 6.012830000000000000e+05 0.000000000000000000e+00 1.460278600000000040e+02 1.016999999999999993e+01
2.020000000000000000e+03 6.093300000000000000e+05 1.000000000000000000e+00 1.954120000000000061e+02 1.091000000000000014e+01
2.027000000000000000e+03 6.099480000000000000e+05 1.500000000000000000e+00 1.718916000000000111e+02 1.090000000000000036e+01
2.029000000000000000e+03 6.103960000000000000e+05 1.500000000000000000e+00 1.560543999999999869e+02 1.068999999999999950e+01
2.031000000000000000e+03 6.104040000000000000e+05 1.000000000000000000e+00 1.820815699999999993e+02 1.066999999999999993e+01
2.049000000000000000e+03 6.179890000000000000e+05 1.500000000000000000e+00 1.469509600000000091e+02 1.044999999999999929e+01
2.054000000000000000e+03 6.181420000000000000e+05 1.000000000000000000e+00 1.271583559999999977e+02 1.019999999999999929e+01
2.055000000000000000e+03 6.181430000000000000e+05 1.500000000000000000e+00 2.094527899999999931e+02 1.061999999999999922e+01
2.056000000000000000e+03 6.181440000000000000e+05 1.000000000000000000e+00 1.067198800000000034e+02 1.023000000000000043e+01
2.057000000000000000e+03 6.181510000000000000e+05 0.000000000000000000e+00 1.483534400000000062e+02 1.051999999999999957e+01
2.061000000000000000e+03 6.189060000000000000e+05 1.500000000000000000e+00 1.425047800000000109e+02 1.057000000000000028e+01
2.062000000000000000e+03 6.189120000000000000e+05 5.000000000000000000e-01 1.231965200000000067e+02 1.033999999999999986e+01
2.063000000000000000e+03 6.189290000000000000e+05 0.000000000000000000e+00 3.038958400000000211e+02 1.133000000000000007e+01
2.065000000000000000e+03 6.189310000000000000e+05 0.000000000000000000e+00 9.938357000000000596e+01 1.017999999999999972e+01
2.067000000000000000e+03 6.189370000000000000e+05 5.000000000000000000e-01 1.153521599999999978e+02 1.028999999999999915e+01
2.068000000000000000e+03 6.189380000000000000e+05 1.000000000000000000e+00 1.789725599999999872e+02 1.064000000000000057e+01
2.070000000000000000e+03 6.189420000000000000e+05 0.000000000000000000e+00 1.185054599999999994e+02 1.056000000000000050e+01
2.071000000000000000e+03 6.189470000000000000e+05 5.000000000000000000e-01 1.545574799999999982e+02 1.058999999999999986e+01
2.072000000000000000e+03 6.189520000000000000e+05 1.500000000000000000e+00 1.569684900000000027e+02 1.075999999999999979e+01
2.073000000000000000e+03 6.189760000000000000e+05 1.000000000000000000e+00 1.619005300000000034e+02 1.053999999999999915e+01
2.074000000000000000e+03 6.189880000000000000e+05 1.000000000000000000e+00 9.959556999999999505e+01 1.003999999999999915e+01
2.086000000000000000e+03 6.192580000000000000e+05 0.000000000000000000e+00 1.542944500000000119e+02 1.007000000000000028e+01
2.101000000000000000e+03 6.223500000000000000e+05 0.000000000000000000e+00 2.042010999999999967e+02 1.109999999999999964e+01
2.103000000000000000e+03 6.224290000000000000e+05 1.500000000000000000e+00 1.726326300000000060e+02 1.050999999999999979e+01
2.110000000000000000e+03 6.227700000000000000e+05 1.500000000000000000e+00 8.182084999999999297e+01 1.000999999999999979e+01
2.111000000000000000e+03 6.227870000000000000e+05 1.000000000000000000e+00 2.287307999999999879e+02 1.091999999999999993e+01
2.114000000000000000e+03 6.230170000000000000e+05 5.000000000000000000e-01 1.643748600000000124e+02 1.084999999999999964e+01
2.115000000000000000e+03 6.230430000000000000e+05 1.000000000000000000e+00 1.702031200000000126e+02 1.049000000000000021e+01
2.116000000000000000e+03 6.231430000000000000e+05 1.500000000000000000e+00 1.288139600000000087e+02 1.038000000000000078e+01
2.128000000000000000e+03 6.634400000000000000e+05 5.000000000000000000e-01 7.888396500000000344e+01 9.949999999999999289e+00
2.154000000000000000e+03 9.008500007000000000e+09 0.000000000000000000e+00 2.650573699999999917e+02 1.093999299999999941e+01
2.155000000000000000e+03 9.008500018000000000e+09 5.000000000000000000e-01 1.305050400000000081e+02 1.002861900000000084e+01
2.156000000000000000e+03 9.008500020000000000e+09 0.000000000000000000e+00 1.704778599999999926e+02 1.089494999999999969e+01
2.157000000000000000e+03 9.008500022000000000e+09 5.000000000000000000e-01 9.817959000000000458e+01 1.014007800000000081e+01
2.158000000000000000e+03 9.008500024000000000e+09 5.000000000000000000e-01 1.871088699999999960e+02 1.075354699999999930e+01
2.159000000000000000e+03 9.008500034000000000e+09 1.000000000000000000e+00 1.439261799999999880e+02 1.019932299999999969e+01
2.160000000000000000e+03 9.008500042000000000e+09 0.000000000000000000e+00 2.023228599999999915e+02 1.052263800000000060e+01
2.162000000000000000e+03 9.008500059000000000e+09 0.000000000000000000e+00 2.048463399999999979e+02 1.061220900000000000e+01
2.164000000000000000e+03 9.008500064000000000e+09 0.000000000000000000e+00 1.251979749999999996e+02 1.001446999999999932e+01
2.165000000000000000e+03 9.008500067000000000e+09 1.000000000000000000e+00 1.866973700000000065e+02 1.062026600000000087e+01
2.166000000000000000e+03 9.008500068000000000e+09 0.000000000000000000e+00 8.744359000000000037e+01 1.018911400000000000e+01
2.167000000000000000e+03 9.008500069000000000e+09 1.000000000000000000e+00 2.020425600000000088e+02 1.090125399999999978e+01
2.168000000000000000e+03 9.008500070000000000e+09 1.000000000000000000e+00 1.667355699999999956e+02 1.062780300000000011e+01
2.170000000000000000e+03 9.008500077000000000e+09 0.000000000000000000e+00 1.831646000000000072e+02 1.076404499999999942e+01
2.171000000000000000e+03 9.008500080000000000e+09 1.500000000000000000e+00 8.954831000000000074e+01 1.008624900000000046e+01
2.172000000000000000e+03 9.008500082000000000e+09 1.000000000000000000e+00 8.962012000000000000e+01 1.035401399999999938e+01
2.173000000000000000e+03 9.008500083000000000e+09 1.000000000000000000e+00 1.414267299999999921e+02 1.027559199999999962e+01
2.175000000000000000e+03 9.008500089000000000e+09 1.000000000000000000e+00 3.299465000000000146e+02 1.098720400000000019e+01
2.176000000000000000e+03 9.008500093000000000e+09 1.000000000000000000e+00 1.113228500000000025e+02 1.011204200000000064e+01
2.177000000000000000e+03 9.008500096000000000e+09 0.000000000000000000e+00 1.642500000000000000e+02 1.090576000000000079e+01
2.179000000000000000e+03 9.008500100000000000e+09 1.500000000000000000e+00 1.298963500000000124e+02 1.022978799999999922e+01
2.181000000000000000e+03 9.008500105000000000e+09 1.000000000000000000e+00 1.571284599999999898e+02 1.010597699999999932e+01
2.183000000000000000e+03 9.008500110000000000e+09 1.000000000000000000e+00 2.178725900000000024e+02 1.075023400000000073e+01
2.186000000000000000e+03 9.008500118000000000e+09 0.000000000000000000e+00 1.226406999999999954e+02 1.035859400000000008e+01
2.188000000000000000e+03 9.008500122000000000e+09 5.000000000000000000e-01 1.296957700000000102e+02 1.028857299999999952e+01
2.189000000000000000e+03 9.008500128000000000e+09 1.500000000000000000e+00 1.183206200000000052e+02 1.030692299999999939e+01
2.191000000000000000e+03 9.008500134000000000e+09 5.000000000000000000e-01 1.515638700000000085e+02 1.017074900000000071e+01
2.193000000000000000e+03 9.008500137000000000e+09 1.500000000000000000e+00 7.871150000000000091e+01 1.004504900000000056e+01
2.194000000000000000e+03 9.008500138000000000e+09 0.000000000000000000e+00 1.140429000000000030e+02 1.037810799999999922e+01
2.195000000000000000e+03 9.008500139000000000e+09 0.000000000000000000e+00 1.319622999999999990e+02 1.047900199999999948e+01
2.198000000000000000e+03 9.008500158000000000e+09 1.500000000000000000e+00 1.000377500000000026e+02 1.014674699999999952e+01
2.199000000000000000e+03 9.008500160000000000e+09 5.000000000000000000e-01 9.403319999999999368e+01 1.011308099999999932e+01
2.201000000000000000e+03 9.008500166000000000e+09 1.500000000000000000e+00 1.258962800000000044e+02 1.041252099999999992e+01
2.202000000000000000e+03 9.008500169000000000e+09 0.000000000000000000e+00 1.738480700000000070e+02 1.070936099999999946e+01
2.203000000000000000e+03 9.008500171000000000e+09 1.000000000000000000e+00 9.660847499999999854e+01 1.006603699999999968e+01
2.204000000000000000e+03 9.008500172000000000e+09 1.000000000000000000e+00 2.016279600000000016e+02 1.039523100000000078e+01
2.207000000000000000e+03 9.008500182000000000e+09 0.000000000000000000e+00 1.665221400000000074e+02 1.043548900000000046e+01
2.210000000000000000e+03 9.008500193000000000e+09 5.000000000000000000e-01 1.211940299999999979e+02 1.005542299999999933e+01
2.211000000000000000e+03 9.008500196000000000e+09 1.000000000000000000e+00 1.801957899999999881e+02 1.061515900000000023e+01
2.212000000000000000e+03 9.008500197000000000e+09 5.000000000000000000e-01 1.131826300000000032e+02 1.016734899999999975e+01
2.213000000000000000e+03 9.008500204000000000e+09 1.500000000000000000e+00 1.013290939999999978e+02 1.015393199999999929e+01
2.217000000000000000e+03 9.008500210000000000e+09 1.000000000000000000e+00 1.397993500000000040e+02 1.020839900000000000e+01
2.219000000000000000e+03 9.008500221000000000e+09 1.500000000000000000e+00 7.847307000000000698e+01 1.000045000000000073e+01
2.220000000000000000e+03 9.008500224000000000e+09 1.000000000000000000e+00 9.414284999999999570e+01 1.000387899999999952e+01
2.221000000000000000e+03 9.008500225000000000e+09 0.000000000000000000e+00 2.321522699999999872e+02 1.092243799999999965e+01
2.224000000000000000e+03 9.008500234000000000e+09 0.000000000000000000e+00 2.134181800000000067e+02 1.091167500000000068e+01
2.225000000000000000e+03 9.008500236000000000e+09 1.000000000000000000e+00 1.244960399999999936e+02 1.019804599999999972e+01
2.226000000000000000e+03 9.008500237000000000e+09 1.000000000000000000e+00 1.983793200000000070e+02 1.058217400000000019e+01
2.228000000000000000e+03 9.008500240000000000e+09 5.000000000000000000e-01 1.076790160000000043e+02 1.013731800000000050e+01
2.229000000000000000e+03 9.008500245000000000e+09 5.000000000000000000e-01 2.592739000000000260e+02 1.085508699999999926e+01
2.230000000000000000e+03 9.008500246000000000e+09 1.000000000000000000e+00 1.344790199999999913e+02 1.032448100000000046e+01
2.231000000000000000e+03 9.008500249000000000e+09 5.000000000000000000e-01 1.177480240000000009e+02 1.026167000000000051e+01
2.232000000000000000e+03 9.008500251000000000e+09 1.000000000000000000e+00 1.068658499999999947e+02 1.043357100000000059e+01
2.233000000000000000e+03 9.008500256000000000e+09 1.000000000000000000e+00 1.492548400000000015e+02 1.028525450000000063e+01
2.236000000000000000e+03 9.008500282000000000e+09 1.000000000000000000e+00 1.959345700000000079e+02 1.031100750000000055e+01
2.237000000000000000e+03 9.008500292000000000e+09 1.000000000000000000e+00 1.341543000000000063e+02 1.038402750000000019e+01
2.238000000000000000e+03 9.008500296000000000e+09 1.000000000000000000e+00 1.303599900000000105e+02 1.046169899999999942e+01
2.239000000000000000e+03 9.008500302000000000e+09 1.000000000000000000e+00 2.016362599999999929e+02 1.074937399999999954e+01
2.240000000000000000e+03 9.008500303000000000e+09 0.000000000000000000e+00 1.872304000000000030e+02 1.075040000000000084e+01
2.241000000000000000e+03 9.008500307000000000e+09 0.000000000000000000e+00 9.625177999999999656e+01 1.016124199999999966e+01
2.245000000000000000e+03 9.008500323000000000e+09 1.500000000000000000e+00 1.951265699999999867e+02 1.077980100000000085e+01
2.246000000000000000e+03 9.008500326000000000e+09 1.500000000000000000e+00 9.336819500000000005e+01 1.008939100000000089e+01
2.247000000000000000e+03 9.008500328000000000e+09 0.000000000000000000e+00 1.935652800000000013e+02 1.061660400000000060e+01
2.248000000000000000e+03 9.008500333000000000e+09 0.000000000000000000e+00 1.971260699999999986e+02 1.062674499999999966e+01
2.249000000000000000e+03 9.008500339000000000e+09 5.000000000000000000e-01 1.022747399999999942e+02 1.027998099999999937e+01
2.250000000000000000e+03 9.008500347000000000e+09 0.000000000000000000e+00 1.055337799999999930e+02 1.025765799999999928e+01
2.251000000000000000e+03 9.008500351000000000e+09 5.000000000000000000e-01 1.398701800000000048e+02 1.045345099999999938e+01
2.253000000000000000e+03 9.008500359000000000e+09 5.000000000000000000e-01 1.519686100000000124e+02 1.023798099999999955e+01
2.254000000000000000e+03 9.008500362000000000e+09 1.000000000000000000e+00 8.223202999999999463e+01 1.004025700000000043e+01
2.255000000000000000e+03 9.008500365000000000e+09 0.000000000000000000e+00 1.631482399999999870e+02 1.060686800000000041e+01
2.257000000000000000e+03 9.008500391000000000e+09 1.000000000000000000e+00 1.335648300000000006e+02 1.057921799999999912e+01
2.258000000000000000e+03 9.008500394000000000e+09 1.000000000000000000e+00 1.504806399999999940e+02 1.053292199999999923e+01
2.259000000000000000e+03 9.008500398000000000e+09 1.500000000000000000e+00 1.336200300000000141e+02 1.020429900000000067e+01
2.260000000000000000e+03 9.008500405000000000e+09 1.000000000000000000e+00 2.443147899999999879e+02 1.097125149999999927e+01
2.261000000000000000e+03 9.008500450000000000e+09 1.500000000000000000e+00 7.360773000000000366e+01 1.013366500000000059e+01
2.264000000000000000e+03 9.008500463000000000e+09 1.500000000000000000e+00 1.661834299999999871e+02 1.022278900000000057e+01
2.266000000000000000e+03 9.008500477000000000e+09 1.500000000000000000e+00 9.108943999999999619e+01 1.051145700000000005e+01
2.267000000000000000e+03 9.008500492000000000e+09 1.500000000000000000e+00 7.777367399999999975e+01 1.025758899999999940e+01
2.270000000000000000e+03 9.008500516000000000e+09 1.500000000000000000e+00 1.254150800000000032e+02 1.064651600000000009e+01
2.272000000000000000e+03 9.008500533000000000e+09 5.000000000000000000e-01 1.054275200000000012e+02 1.000546899999999972e+01
2.274000000000000000e+03 9.008500542000000000e+09 5.000000000000000000e-01 7.761642999999999404e+01 1.004047599999999996e+01
2.275000000000000000e+03 9.008500586000000000e+09 1.000000000000000000e+00 1.082225799999999936e+02 1.006362299999999976e+01
2.276000000000000000e+03 9.008500615000000000e+09 1.500000000000000000e+00 1.331747100000000046e+02 1.062784199999999935e+01
2.278000000000000000e+03 9.008500631000000000e+09 5.000000000000000000e-01 1.593255200000000116e+02 1.032897299999999952e+01
2.279000000000000000e+03 9.008500643000000000e+09 1.500000000000000000e+00 1.385859199999999873e+02 1.035923599999999922e+01
2.281000000000000000e+03 9.008500663000000000e+09 5.000000000000000000e-01 1.096370600000000053e+02 1.011390600000000006e+01
2.283000000000000000e+03 9.008500679000000000e+09 1.500000000000000000e+00 1.038122560000000050e+02 1.027796700000000030e+01
2.285000000000000000e+03 9.008500688000000000e+09 0.000000000000000000e+00 1.317107699999999966e+02 1.008108900000000041e+01
2.287000000000000000e+03 9.008500690000000000e+09 1.000000000000000000e+00 1.069081299999999999e+02 1.035451400000000000e+01
2.289000000000000000e+03 9.008500716000000000e+09 1.500000000000000000e+00 1.351813400000000058e+02 1.038052000000000064e+01
2.291000000000000000e+03 9.008500722000000000e+09 1.500000000000000000e+00 9.240100999999999942e+01 1.019154699999999991e+01
2.293000000000000000e+03 9.008500724000000000e+09 1.500000000000000000e+00 1.257130800000000050e+02 1.089203900000000047e+01
2.294000000000000000e+03 9.008500730000000000e+09 1.500000000000000000e+00 7.471846999999999639e+01 1.003543499999999966e+01
2.295000000000000000e+03 9.008500731000000000e+09 1.000000000000000000e+00 1.705335200000000100e+02 1.074097399999999958e+01
2.296000000000000000e+03 9.008500735000000000e+09 1.000000000000000000e+00 1.585801700000000096e+02 1.037485900000000072e+01
2.297000000000000000e+03 9.008500744000000000e+09 1.000000000000000000e+00 1.258066900000000032e+02 1.011562400000000039e+01
2.300000000000000000e+03 9.008500753000000000e+09 5.000000000000000000e-01 9.022981000000000051e+01 1.000738600000000034e+01
2.301000000000000000e+03 9.008500759000000000e+09 1.000000000000000000e+00 1.524647199999999998e+02 1.030577899999999936e+01
2.302000000000000000e+03 9.008500777000000000e+09 1.000000000000000000e+00 1.917656200000000126e+02 1.056956300000000049e+01
2.304000000000000000e+03 9.008500795000000000e+09 1.500000000000000000e+00 9.154558000000000106e+01 1.059406500000000051e+01
2.306000000000000000e+03 9.008500829000000000e+09 0.000000000000000000e+00 1.299506399999999928e+02 1.031780599999999914e+01
2.307000000000000000e+03 9.008500848000000000e+09 1.000000000000000000e+00 2.401436199999999985e+02 1.067162599999999983e+01
2.309000000000000000e+03 9.008500862000000000e+09 1.000000000000000000e+00 2.473588699999999960e+02 1.067376900000000006e+01
2.310000000000000000e+03 9.008500868000000000e+09 0.000000000000000000e+00 1.290380000000000109e+02 1.007260400000000011e+01
2.311000000000000000e+03 9.008500890000000000e+09 1.500000000000000000e+00 1.030618740000000031e+02 1.037496499999999955e+01
2.314000000000000000e+03 9.008500897000000000e+09 5.000000000000000000e-01 1.399485200000000020e+02 1.030036699999999961e+01
2.317000000000000000e+03 9.008500939000000000e+09 1.500000000000000000e+00 1.309164000000000101e+02 1.053627700000000011e+01
2.318000000000000000e+03 9.008500951000000000e+09 1.000000000000000000e+00 1.377747300000000052e+02 1.049284399999999984e+01
2.320000000000000000e+03 9.008501016000000000e+09 1.500000000000000000e+00 1.307655499999999904e+02 1.038788100000000014e+01
2.322000000000000000e+03 9.008501028000000000e+09 1.000000000000000000e+00 2.394282399999999882e+02 1.052947299999999942e+01
2.323000000000000000e+03 9.008501058000000000e+09 5.000000000000000000e-01 1.235661900000000060e+02 1.005261699999999969e+01
2.324000000000000000e+03 9.008501077000000000e+09 0.000000000000000000e+00 7.865031399999999451e+01 1.011010899999999957e+01
2.325000000000000000e+03 9.008501098000000000e+09 1.500000000000000000e+00 9.314423999999999637e+01 1.014436500000000052e+01
2.326000000000000000e+03 9.008501218000000000e+09 1.500000000000000000e+00 1.757047599999999932e+02 1.052000499999999938e+01
2.331000000000000000e+03 9.011900006000000000e+09 0.000000000000000000e+00 2.288057300000000112e+02 1.084140900000000052e+01
2.334000000000000000e+03 9.011900013000000000e+09 5.000000000000000000e-01 1.610498800000000017e+02 1.037607999999999997e+01
2.340000000000000000e+03 9.011900025000000000e+09 1.000000000000000000e+00 8.268855999999999540e+01 9.805206999999999340e+00
2.341000000000000000e+03 9.011900026000000000e+09 1.000000000000000000e+00 6.662554000000000087e+01 1.011273399999999967e+01
2.344000000000000000e+03 9.011900037000000000e+09 1.500000000000000000e+00 8.601152999999999338e+01 9.636428000000000438e+00
2.347000000000000000e+03 9.011900045000000000e+09 5.000000000000000000e-01 1.028420100000000019e+02 1.004332100000000061e+01
2.348000000000000000e+03 9.011900048000000000e+09 1.000000000000000000e+00 2.138083499999999901e+02 1.089030200000000015e+01
2.350000000000000000e+03 9.011900051000000000e+09 0.000000000000000000e+00 2.030077499999999873e+02 1.058116200000000084e+01
2.352000000000000000e+03 9.011900057000000000e+09 1.000000000000000000e+00 2.644173299999999927e+02 1.112022999999999939e+01
2.355000000000000000e+03 9.011900072000000000e+09 1.500000000000000000e+00 1.416145500000000084e+02 1.064550799999999953e+01
2.356000000000000000e+03 9.011900073000000000e+09 0.000000000000000000e+00 1.574104800000000068e+02 1.021769800000000039e+01
2.357000000000000000e+03 9.011900074000000000e+09 0.000000000000000000e+00 2.246404599999999903e+02 1.115463100000000018e+01
2.358000000000000000e+03 9.011900082000000000e+09 1.000000000000000000e+00 1.765054599999999994e+02 1.067928500000000014e+01
2.360000000000000000e+03 9.011900086000000000e+09 5.000000000000000000e-01 1.139792499999999933e+02 9.940234000000000236e+00
2.362000000000000000e+03 9.011900091000000000e+09 1.000000000000000000e+00 1.072574400000000026e+02 1.026626699999999914e+01
2.367000000000000000e+03 9.011900103000000000e+09 1.500000000000000000e+00 1.344542199999999923e+02 1.032576000000000072e+01
2.371000000000000000e+03 9.011900118000000000e+09 1.000000000000000000e+00 8.303667000000000087e+01 9.846999999999999531e+00
2.372000000000000000e+03 9.011900121000000000e+09 1.500000000000000000e+00 7.742383999999999844e+01 9.928964000000000567e+00
2.373000000000000000e+03 9.011900123000000000e+09 1.000000000000000000e+00 1.323277600000000120e+02 1.017018000000000022e+01
2.377000000000000000e+03 9.011900137000000000e+09 1.000000000000000000e+00 1.822031100000000094e+02 1.043365900000000046e+01
2.378000000000000000e+03 9.011900138000000000e+09 1.500000000000000000e+00 1.860724500000000035e+02 1.094155800000000056e+01
2.383000000000000000e+03 9.011900156000000000e+09 5.000000000000000000e-01 1.621041899999999885e+02 1.069326900000000080e+01
2.384000000000000000e+03 9.011900157000000000e+09 5.000000000000000000e-01 6.061919999999999931e+01 9.709981000000000861e+00
2.386000000000000000e+03 9.011900163000000000e+09 1.500000000000000000e+00 8.266498599999999897e+01 9.899929000000000201e+00
2.387000000000000000e+03 9.011900165000000000e+09 1.000000000000000000e+00 8.377254000000000644e+01 9.869946499999999290e+00
2.389000000000000000e+03 9.011900168000000000e+09 5.000000000000000000e-01 1.225978549999999956e+02 1.027630800000000022e+01
2.390000000000000000e+03 9.011900170000000000e+09 1.000000000000000000e+00 9.897821999999999321e+01 9.912812000000000623e+00
2.392000000000000000e+03 9.011900175000000000e+09 5.000000000000000000e-01 1.560576499999999953e+02 1.056904399999999988e+01
2.393000000000000000e+03 9.011900183000000000e+09 0.000000000000000000e+00 1.674009399999999914e+02 1.043957999999999942e+01
2.394000000000000000e+03 9.011900186000000000e+09 1.000000000000000000e+00 9.344446999999999548e+01 1.014235299999999995e+01
2.395000000000000000e+03 9.011900189000000000e+09 0.000000000000000000e+00 5.386341000000000179e+01 1.007773199999999925e+01
2.396000000000000000e+03 9.011900196000000000e+09 1.500000000000000000e+00 7.064042999999999495e+01 9.903425999999999618e+00
2.397000000000000000e+03 9.011900198000000000e+09 5.000000000000000000e-01 8.873845000000000027e+01 9.997011999999999787e+00
2.398000000000000000e+03 9.011900201000000000e+09 1.000000000000000000e+00 9.872856000000000165e+01 1.002507300000000079e+01
2.399000000000000000e+03 9.011900202000000000e+09 1.000000000000000000e+00 8.389702599999999677e+01 1.003474699999999942e+01
2.401000000000000000e+03 9.011900210000000000e+09 1.500000000000000000e+00 6.018607699999999738e+01 9.759460000000000690e+00
2.403000000000000000e+03 9.011900216000000000e+09 0.000000000000000000e+00 9.456196599999999819e+01 9.786939999999999529e+00
2.404000000000000000e+03 9.011900217000000000e+09 1.000000000000000000e+00 1.534018599999999992e+02 1.021837299999999971e+01
2.405000000000000000e+03 9.011900218000000000e+09 1.500000000000000000e+00 8.799578999999999951e+01 9.758819000000000798e+00
2.406000000000000000e+03 9.011900222000000000e+09 1.000000000000000000e+00 6.312026000000000181e+01 9.569715000000000416e+00
2.409000000000000000e+03 9.011900232000000000e+09 1.500000000000000000e+00 1.168710860000000054e+02 1.041922399999999982e+01
2.415000000000000000e+03 9.011900247000000000e+09 1.500000000000000000e+00 1.761243399999999895e+02 1.070000600000000013e+01
2.416000000000000000e+03 9.011900250000000000e+09 1.000000000000000000e+00 1.071104700000000065e+02 1.008393599999999957e+01
2.417000000000000000e+03 9.011900251000000000e+09 5.000000000000000000e-01 7.325412000000000035e+01 9.856388000000000815e+00
2.419000000000000000e+03 9.011900261000000000e+09 5.000000000000000000e-01 2.058664699999999925e+02 1.056853599999999993e+01
2.420000000000000000e+03 9.011900263000000000e+09 5.000000000000000000e-01 1.101032900000000012e+02 1.023135800000000017e+01
2.421000000000000000e+03 9.011900264000000000e+09 1.500000000000000000e+00 6.836924999999999386e+01 9.560537000000000063e+00
2.422000000000000000e+03 9.011900265000000000e+09 1.500000000000000000e+00 1.314243500000000040e+02 1.067285000000000039e+01
2.424000000000000000e+03 9.011900272000000000e+09 5.000000000000000000e-01 2.052421300000000031e+02 1.064012050000000009e+01
2.425000000000000000e+03 9.011900273000000000e+09 1.500000000000000000e+00 1.678733000000000004e+02 1.077610499999999938e+01
2.426000000000000000e+03 9.011900274000000000e+09 1.000000000000000000e+00 1.782332800000000077e+02 1.023448400000000014e+01
2.427000000000000000e+03 9.011900279000000000e+09 1.000000000000000000e+00 1.477305900000000065e+02 1.075365099999999963e+01
2.428000000000000000e+03 9.011900281000000000e+09 5.000000000000000000e-01 1.807684299999999951e+02 1.059482799999999969e+01
2.429000000000000000e+03 9.011900285000000000e+09 1.000000000000000000e+00 8.485022999999999627e+01 9.863637000000000654e+00
2.430000000000000000e+03 9.011900287000000000e+09 5.000000000000000000e-01 6.636630999999999858e+01 1.043063800000000008e+01
2.432000000000000000e+03 9.011900298000000000e+09 5.000000000000000000e-01 2.018127700000000004e+02 1.080950699999999998e+01
2.433000000000000000e+03 9.011900302000000000e+09 1.500000000000000000e+00 7.604309999999999548e+01 1.000316899999999976e+01
2.434000000000000000e+03 9.011900304000000000e+09 5.000000000000000000e-01 6.568649000000000626e+01 9.618164000000000158e+00
2.437000000000000000e+03 9.011900314000000000e+09 5.000000000000000000e-01 2.025316200000000038e+02 1.042076999999999920e+01
2.439000000000000000e+03 9.011900322000000000e+09 1.500000000000000000e+00 6.832406000000000290e+01 9.853479999999999350e+00
2.440000000000000000e+03 9.011900325000000000e+09 0.000000000000000000e+00 1.250549100000000067e+02 1.043708700000000000e+01
2.441000000000000000e+03 9.011900328000000000e+09 0.000000000000000000e+00 5.411238999999999777e+01 1.002039199999999930e+01
2.442000000000000000e+03 9.011900329000000000e+09 5.000000000000000000e-01 8.315936000000000661e+01 9.993078999999999823e+00
2.444000000000000000e+03 9.011900338000000000e+09 1.500000000000000000e+00 1.034416049999999956e+02 1.034813300000000069e+01
2.445000000000000000e+03 9.011900340000000000e+09 1.500000000000000000e+00 1.462852000000000032e+02 1.066795199999999966e+01
2.446000000000000000e+03 9.011900342000000000e+09 1.500000000000000000e+00 8.013531999999999300e+01 9.862819999999999254e+00
2.447000000000000000e+03 9.011900343000000000e+09 1.500000000000000000e+00 1.174276899999999983e+02 1.020488500000000087e+01
2.450000000000000000e+03 9.011900351000000000e+09 1.500000000000000000e+00 1.139312099999999930e+02 1.020808899999999930e+01
2.451000000000000000e+03 9.011900353000000000e+09 1.500000000000000000e+00 1.272704999999999984e+02 1.035787400000000069e+01
2.453000000000000000e+03 9.011900365000000000e+09 5.000000000000000000e-01 1.549105999999999881e+02 1.041406250000000000e+01
2.455000000000000000e+03 9.011900371000000000e+09 1.500000000000000000e+00 5.830273400000000095e+01 9.787008000000000152e+00
2.456000000000000000e+03 9.011900376000000000e+09 1.500000000000000000e+00 8.009905000000000541e+01 1.002820700000000009e+01
2.457000000000000000e+03 9.011900383000000000e+09 1.000000000000000000e+00 1.567502100000000098e+02 1.066807700000000025e+01
2.459000000000000000e+03 9.011900404000000000e+09 1.500000000000000000e+00 6.840543999999999869e+01 9.569591000000000847e+00
2.464000000000000000e+03 9.011900422000000000e+09 5.000000000000000000e-01 7.850221000000000515e+01 9.764030999999999239e+00
2.465000000000000000e+03 9.011900429000000000e+09 5.000000000000000000e-01 1.218982199999999949e+02 1.043557599999999930e+01
2.467000000000000000e+03 9.011900438000000000e+09 0.000000000000000000e+00 9.931996999999999787e+01 1.015740100000000012e+01
2.468000000000000000e+03 9.011900440000000000e+09 1.000000000000000000e+00 2.497710099999999898e+02 1.083061200000000035e+01
2.471000000000000000e+03 9.011900451000000000e+09 1.000000000000000000e+00 1.533284899999999880e+02 1.037231799999999993e+01
2.472000000000000000e+03 9.011900453000000000e+09 1.500000000000000000e+00 7.432585000000000264e+01 9.876533500000000743e+00
2.473000000000000000e+03 9.011900459000000000e+09 5.000000000000000000e-01 6.973618999999999346e+01 9.819076000000000803e+00
2.474000000000000000e+03 9.011900460000000000e+09 1.500000000000000000e+00 1.030234999999999985e+02 1.022329799999999977e+01
2.475000000000000000e+03 9.011900462000000000e+09 1.000000000000000000e+00 2.200858000000000061e+02 1.054698899999999995e+01
2.476000000000000000e+03 9.011900475000000000e+09 0.000000000000000000e+00 6.896631999999999607e+01 9.852387999999999479e+00
2.478000000000000000e+03 9.011900479000000000e+09 1.000000000000000000e+00 1.331900500000000136e+02 1.056450099999999992e+01
2.479000000000000000e+03 9.011900492000000000e+09 5.000000000000000000e-01 2.215377000000000010e+02 1.054881400000000014e+01
2.480000000000000000e+03 9.011900498000000000e+09 5.000000000000000000e-01 8.723023000000000593e+01 1.037744000000000000e+01
2.481000000000000000e+03 9.011900500000000000e+09 1.000000000000000000e+00 1.514666599999999903e+02 1.039140800000000020e+01
2.486000000000000000e+03 9.011900529000000000e+09 1.500000000000000000e+00 1.705575399999999888e+02 1.079843800000000087e+01
2.487000000000000000e+03 9.011900535000000000e+09 1.000000000000000000e+00 1.067361700000000013e+02 1.036854399999999998e+01
2.489000000000000000e+03 9.011900539000000000e+09 1.500000000000000000e+00 5.992090000000000316e+01 1.008624200000000037e+01
2.492000000000000000e+03 9.011900557000000000e+09 1.000000000000000000e+00 1.763063799999999901e+02 1.071353099999999969e+01
2.495000000000000000e+03 9.011900590000000000e+09 5.000000000000000000e-01 9.067552000000000589e+01 1.008176699999999926e+01
2.496000000000000000e+03 9.011900592000000000e+09 1.500000000000000000e+00 1.663003799999999899e+02 1.036046499999999959e+01
2.498000000000000000e+03 9.011900609000000000e+09 1.500000000000000000e+00 1.273069899999999990e+02 1.032634900000000044e+01
2.500000000000000000e+03 9.011900617000000000e+09 1.000000000000000000e+00 1.031291959999999932e+02 1.035341099999999948e+01
2.501000000000000000e+03 9.011900622000000000e+09 1.000000000000000000e+00 1.294563899999999990e+02 1.039706200000000003e+01
2.502000000000000000e+03 9.011900630000000000e+09 1.500000000000000000e+00 1.589596899999999948e+02 1.089800900000000006e+01
2.508000000000000000e+03 9.011900708000000000e+09 1.500000000000000000e+00 1.060868399999999951e+02 1.056855200000000039e+01
2.509000000000000000e+03 9.011900711000000000e+09 0.000000000000000000e+00 1.553188199999999881e+02 1.063656100000000038e+01
2.513000000000000000e+03 9.011900757000000000e+09 5.000000000000000000e-01 1.538399499999999875e+02 1.086696199999999912e+01
2.519000000000000000e+03 9.011900785000000000e+09 5.000000000000000000e-01 1.125678999999999945e+02 9.969177000000000177e+00
2.520000000000000000e+03 9.011900789000000000e+09 1.500000000000000000e+00 1.256885999999999939e+02 1.047978999999999949e+01
2.521000000000000000e+03 9.011900793000000000e+09 1.500000000000000000e+00 1.089389100000000070e+02 1.034052100000000074e+01
2.522000000000000000e+03 9.011900807000000000e+09 1.500000000000000000e+00 1.629568299999999965e+02 1.060599400000000081e+01
2.523000000000000000e+03 9.011900816000000000e+09 1.500000000000000000e+00 6.171427500000000066e+01 9.828165999999999514e+00
2.527000000000000000e+03 9.011900874000000000e+09 0.000000000000000000e+00 2.083429999999999893e+02 1.090247800000000034e+01
2.528000000000000000e+03 9.011900885000000000e+09 1.500000000000000000e+00 1.270842739999999935e+02 1.045613299999999946e+01
2.529000000000000000e+03 9.011900934000000000e+09 1.500000000000000000e+00 8.287709999999999866e+01 9.780722000000000804e+00
2.531000000000000000e+03 9.016800002000000000e+09 0.000000000000000000e+00 1.172614439999999973e+02 1.005409399999999920e+01
2.533000000000000000e+03 9.016800009000000000e+09 5.000000000000000000e-01 1.225336400000000054e+02 9.997854999999999492e+00
2.534000000000000000e+03 9.016800010000000000e+09 5.000000000000000000e-01 1.119078300000000041e+02 1.021016200000000040e+01
2.535000000000000000e+03 9.016800013000000000e+09 1.500000000000000000e+00 8.342235999999999763e+01 9.919878999999999891e+00
2.536000000000000000e+03 9.016800014000000000e+09 1.000000000000000000e+00 1.544520699999999920e+02 1.075865300000000069e+01
2.537000000000000000e+03 9.016800024000000000e+09 1.000000000000000000e+00 2.072627099999999984e+02 1.070878899999999945e+01
2.538000000000000000e+03 9.016800037000000000e+09 0.000000000000000000e+00 4.739462300000000283e+01 9.774789999999999424e+00
2.540000000000000000e+03 9.016800039000000000e+09 1.000000000000000000e+00 2.205939500000000066e+02 1.084057499999999941e+01
2.541000000000000000e+03 9.016800041000000000e+09 5.000000000000000000e-01 1.384224100000000135e+02 1.061919999999999931e+01
2.542000000000000000e+03 9.016800047000000000e+09 1.000000000000000000e+00 1.664660299999999893e+02 1.066185600000000022e+01
2.543000000000000000e+03 9.016800056000000000e+09 1.000000000000000000e+00 1.056025499999999937e+02 1.022705200000000048e+01
2.544000000000000000e+03 9.016800061000000000e+09 5.000000000000000000e-01 2.437022000000000048e+02 1.098349100000000078e+01
2.547000000000000000e+03 9.016800069000000000e+09 1.500000000000000000e+00 1.232825239999999951e+02 1.037587800000000016e+01
2.548000000000000000e+03 9.016800071000000000e+09 5.000000000000000000e-01 1.728228900000000010e+02 1.044471599999999967e+01
2.549000000000000000e+03 9.016800072000000000e+09 1.000000000000000000e+00 6.232659499999999753e+01 9.827130000000000365e+00
2.551000000000000000e+03 9.016800079000000000e+09 1.500000000000000000e+00 1.027326900000000052e+02 1.013852299999999929e+01
2.552000000000000000e+03 9.016800080000000000e+09 1.000000000000000000e+00 1.298229800000000012e+02 1.035801700000000025e+01
2.553000000000000000e+03 9.016800084000000000e+09 1.000000000000000000e+00 1.102013239999999996e+02 1.022444600000000037e+01
2.558000000000000000e+03 9.016800094000000000e+09 5.000000000000000000e-01 7.217941999999999325e+01 9.711684999999999235e+00
2.561000000000000000e+03 9.016800106000000000e+09 0.000000000000000000e+00 7.219886999999999944e+01 9.811341999999999786e+00
2.566000000000000000e+03 9.016800130000000000e+09 1.000000000000000000e+00 1.635336200000000133e+02 1.055806899999999970e+01
2.567000000000000000e+03 9.016800131000000000e+09 1.500000000000000000e+00 8.480983999999999412e+01 9.777575999999999823e+00
2.568000000000000000e+03 9.016800138000000000e+09 5.000000000000000000e-01 2.238907499999999970e+02 1.087260400000000082e+01
2.572000000000000000e+03 9.016800153000000000e+09 1.500000000000000000e+00 9.525261000000000422e+01 1.044287699999999930e+01
2.573000000000000000e+03 9.016800156000000000e+09 0.000000000000000000e+00 9.021036999999999750e+01 9.762263000000000801e+00
2.574000000000000000e+03 9.016800160000000000e+09 1.500000000000000000e+00 1.501451600000000042e+02 1.050538099999999986e+01
2.577000000000000000e+03 9.016800171000000000e+09 1.500000000000000000e+00 5.635085699999999775e+01 9.586669999999999803e+00
2.580000000000000000e+03 9.016800187000000000e+09 5.000000000000000000e-01 9.971940999999999633e+01 1.018553900000000034e+01
2.584000000000000000e+03 9.016800222000000000e+09 1.000000000000000000e+00 1.186012039999999956e+02 1.005504600000000082e+01
2.585000000000000000e+03 9.016800228000000000e+09 1.500000000000000000e+00 6.648115500000000111e+01 9.844007500000000022e+00
2.589000000000000000e+03 9.016800234000000000e+09 1.500000000000000000e+00 7.747830000000000439e+01 9.949006999999999934e+00
2.590000000000000000e+03 9.016800236000000000e+09 0.000000000000000000e+00 2.002858699999999885e+02 1.082552300000000045e+01
2.591000000000000000e+03 9.016800241000000000e+09 1.500000000000000000e+00 1.170779299999999949e+02 1.037811600000000034e+01
2.597000000000000000e+03 9.016800272000000000e+09 1.000000000000000000e+00 5.708157700000000290e+01 9.616094000000000364e+00
2.599000000000000000e+03 9.016800275000000000e+09 0.000000000000000000e+00 1.745707999999999913e+02 1.035005899999999990e+01
2.600000000000000000e+03 9.016800276000000000e+09 1.500000000000000000e+00 1.190632250000000028e+02 1.039097100000000040e+01
2.602000000000000000e+03 9.016800303000000000e+09 0.000000000000000000e+00 1.873261899999999969e+02 1.098632399999999976e+01
2.603000000000000000e+03 9.016800304000000000e+09 1.500000000000000000e+00 8.480308999999999742e+01 9.943203999999999709e+00
2.604000000000000000e+03 9.016800308000000000e+09 1.500000000000000000e+00 1.119419900000000041e+02 1.018431299999999951e+01
2.606000000000000000e+03 9.016800317000000000e+09 1.500000000000000000e+00 8.522812999999999306e+01 1.002155499999999932e+01
2.619000000000000000e+03 9.016800412000000000e+09 1.000000000000000000e+00 1.255973800000000011e+02 1.045442700000000080e+01
2.620000000000000000e+03 9.016800416000000000e+09 1.000000000000000000e+00 2.391160600000000045e+02 1.071814499999999981e+01
2.624000000000000000e+03 9.016800440000000000e+09 1.500000000000000000e+00 7.273327999999999349e+01 9.801353000000000648e+00
2.627000000000000000e+03 9.044200004000000000e+09 5.000000000000000000e-01 1.939817700000000116e+02 1.101675400000000060e+01
2.628000000000000000e+03 9.044200007000000000e+09 0.000000000000000000e+00 2.714173999999999864e+02 1.078687399999999919e+01
2.629000000000000000e+03 9.044200015000000000e+09 1.000000000000000000e+00 1.801120099999999979e+02 1.083033999999999963e+01
2.633000000000000000e+03 9.044200032000000000e+09 5.000000000000000000e-01 1.962179999999999893e+02 1.069247999999999976e+01
2.636000000000000000e+03 9.044200057000000000e+09 1.000000000000000000e+00 1.050876700000000028e+02 1.027607899999999930e+01
2.637000000000000000e+03 9.044200061000000000e+09 0.000000000000000000e+00 1.992161700000000053e+02 1.089734600000000064e+01
2.638000000000000000e+03 9.044200062000000000e+09 5.000000000000000000e-01 1.979814599999999984e+02 1.025311100000000053e+01
2.641000000000000000e+03 9.044200079000000000e+09 5.000000000000000000e-01 1.037068500000000029e+02 1.009828100000000006e+01
2.642000000000000000e+03 9.044200090000000000e+09 1.000000000000000000e+00 1.553577699999999879e+02 1.020824299999999951e+01
2.643000000000000000e+03 9.044200091000000000e+09 5.000000000000000000e-01 1.279227099999999950e+02 1.032688100000000020e+01
2.647000000000000000e+03 9.044200130000000000e+09 1.000000000000000000e+00 1.193865299999999934e+02 1.030612999999999957e+01
2.649000000000000000e+03 9.044200140000000000e+09 1.000000000000000000e+00 1.269323700000000059e+02 1.027772099999999966e+01
2.651000000000000000e+03 9.044200148000000000e+09 0.000000000000000000e+00 1.902167699999999968e+02 1.089231599999999922e+01
2.652000000000000000e+03 9.044200155000000000e+09 1.000000000000000000e+00 2.856317000000000235e+02 1.073254700000000028e+01
2.654000000000000000e+03 9.044200170000000000e+09 1.000000000000000000e+00 1.935132099999999866e+02 1.066618800000000000e+01
2.655000000000000000e+03 9.044200175000000000e+09 0.000000000000000000e+00 1.773968000000000131e+02 1.068462700000000076e+01
2.656000000000000000e+03 9.044200176000000000e+09 1.000000000000000000e+00 9.639336400000000538e+01 1.004708499999999916e+01
2.657000000000000000e+03 9.044200179000000000e+09 1.500000000000000000e+00 1.344810799999999915e+02 1.044030300000000011e+01
2.660000000000000000e+03 9.044200204000000000e+09 1.500000000000000000e+00 1.251104399999999970e+02 1.046939199999999914e+01
2.661000000000000000e+03 9.044200205000000000e+09 1.000000000000000000e+00 1.171851350000000025e+02 1.029638699999999929e+01
2.663000000000000000e+03 9.044200217000000000e+09 1.500000000000000000e+00 1.684932699999999954e+02 1.075900900000000071e+01
2.666000000000000000e+03 9.044200269000000000e+09 1.500000000000000000e+00 9.562508400000000108e+01 1.012759699999999974e+01
2.669000000000000000e+03 9.044200316000000000e+09 1.500000000000000000e+00 1.850609100000000069e+02 1.075921400000000006e+01
2.670000000000000000e+03 9.044200348000000000e+09 1.500000000000000000e+00 1.141534099999999938e+02 1.055207200000000078e+01
2.671000000000000000e+03 9.044200383000000000e+09 1.000000000000000000e+00 1.170321959999999990e+02 1.026695899999999995e+01
2.674000000000000000e+03 9.091700002000000000e+09 0.000000000000000000e+00 1.739741400000000056e+02 1.002007599999999954e+01
2.675000000000000000e+03 9.091700005000000000e+09 0.000000000000000000e+00 9.995690999999999349e+01 1.011673500000000026e+01
2.676000000000000000e+03 9.091700014000000000e+09 1.500000000000000000e+00 1.157789499999999947e+02 1.020394300000000065e+01
2.677000000000000000e+03 9.091700022000000000e+09 1.500000000000000000e+00 1.331135299999999972e+02 1.053225899999999982e+01
2.678000000000000000e+03 9.091700024000000000e+09 0.000000000000000000e+00 2.300687100000000100e+02 1.083165200000000006e+01
2.679000000000000000e+03 9.091700025000000000e+09 0.000000000000000000e+00 1.684016599999999926e+02 1.078394800000000053e+01
2.680000000000000000e+03 9.091700033000000000e+09 1.500000000000000000e+00 1.565159500000000037e+02 1.072331199999999995e+01
2.683000000000000000e+03 9.091700038000000000e+09 1.000000000000000000e+00 1.484662999999999897e+02 1.062790299999999988e+01
2.688000000000000000e+03 9.091700076000000000e+09 1.500000000000000000e+00 1.002712899999999934e+02 1.021002900000000047e+01
2.690000000000000000e+03 9.091700092000000000e+09 5.000000000000000000e-01 1.044875200000000035e+02 1.036041499999999971e+01
2.698000000000000000e+03 9.091700143000000000e+09 5.000000000000000000e-01 1.064952849999999955e+02 1.014010200000000061e+01
2.704000000000000000e+03 9.091700231000000000e+09 1.500000000000000000e+00 1.439002800000000093e+02 1.047983400000000032e+01
2.705000000000000000e+03 9.091700242000000000e+09 1.000000000000000000e+00 9.660097000000000378e+01 1.011893599999999971e+01
2.711000000000000000e+03 9.091700725000000000e+09 1.000000000000000000e+00 1.299836400000000083e+02 1.040059199999999962e+01
2.712000000000000000e+03 9.091700733000000000e+09 0.000000000000000000e+00 1.351068300000000022e+02 1.090473199999999920e+01
2.718000000000000000e+03 9.239900003000000000e+09 1.000000000000000000e+00 2.106126299999999958e+02 1.069869899999999951e+01
2.719000000000000000e+03 9.239900004000000000e+09 1.000000000000000000e+00 3.025443999999999960e+02 1.132278100000000087e+01
2.720000000000000000e+03 9.239900009000000000e+09 1.000000000000000000e+00 2.311511199999999917e+02 1.073146999999999984e+01
2.721000000000000000e+03 9.239900010000000000e+09 0.000000000000000000e+00 1.504101300000000094e+02 1.008577499999999993e+01
2.723000000000000000e+03 9.239900012000000000e+09 0.000000000000000000e+00 1.424139999999999873e+02 1.030918699999999966e+01
2.724000000000000000e+03 9.239900013000000000e+09 1.000000000000000000e+00 1.862873199999999940e+02 1.039694099999999999e+01
2.725000000000000000e+03 9.239900017000000000e+09 1.000000000000000000e+00 1.027939999999999969e+02 1.003527399999999936e+01
2.726000000000000000e+03 9.239900019000000000e+09 5.000000000000000000e-01 7.671325000000000216e+01 1.011042600000000036e+01
2.727000000000000000e+03 9.239900020000000000e+09 0.000000000000000000e+00 2.042268799999999942e+02 1.093941799999999986e+01
2.729000000000000000e+03 9.239900034000000000e+09 1.000000000000000000e+00 1.398261300000000062e+02 1.030819200000000002e+01
2.730000000000000000e+03 9.239900035000000000e+09 1.500000000000000000e+00 1.137426799999999929e+02 1.057637500000000053e+01
2.732000000000000000e+03 9.239900039000000000e+09 5.000000000000000000e-01 1.177783299999999969e+02 1.041907499999999942e+01
2.734000000000000000e+03 9.239900054000000000e+09 0.000000000000000000e+00 1.449223299999999881e+02 1.092185399999999973e+01
2.735000000000000000e+03 9.239900056000000000e+09 0.000000000000000000e+00 1.725466999999999871e+02 1.033739950000000007e+01
2.738000000000000000e+03 9.239900067000000000e+09 0.000000000000000000e+00 1.255106999999999999e+02 1.008706600000000009e+01
2.739000000000000000e+03 9.239900068000000000e+09 0.000000000000000000e+00 7.987974499999999978e+01 1.011373399999999911e+01
2.742000000000000000e+03 9.239900088000000000e+09 1.000000000000000000e+00 1.358747600000000091e+02 1.056870299999999929e+01
2.743000000000000000e+03 9.239900100000000000e+09 1.000000000000000000e+00 1.806826000000000079e+02 1.073372099999999918e+01
2.744000000000000000e+03 9.239900105000000000e+09 1.500000000000000000e+00 2.058662999999999954e+02 1.086775899999999950e+01
2.746000000000000000e+03 9.239900107000000000e+09 1.500000000000000000e+00 1.093119659999999982e+02 1.037833499999999987e+01
2.748000000000000000e+03 9.239900112000000000e+09 1.500000000000000000e+00 1.063467700000000065e+02 1.025396250000000009e+01
2.749000000000000000e+03 9.239900114000000000e+09 1.000000000000000000e+00 1.417843300000000113e+02 1.003704500000000088e+01
2.750000000000000000e+03 9.239900117000000000e+09 1.500000000000000000e+00 7.368393000000000370e+01 1.010411500000000018e+01
2.754000000000000000e+03 9.239900122000000000e+09 0.000000000000000000e+00 1.918573599999999999e+02 1.050751200000000019e+01
2.755000000000000000e+03 9.239900125000000000e+09 1.000000000000000000e+00 2.111218900000000076e+02 1.074546199999999985e+01
2.758000000000000000e+03 9.239900131000000000e+09 1.500000000000000000e+00 1.046359400000000051e+02 1.011651999999999951e+01
2.759000000000000000e+03 9.239900135000000000e+09 1.500000000000000000e+00 1.109292800000000057e+02 1.024454300000000018e+01
2.760000000000000000e+03 9.239900136000000000e+09 1.000000000000000000e+00 2.428501899999999978e+02 1.073678699999999964e+01
2.761000000000000000e+03 9.239900138000000000e+09 0.000000000000000000e+00 1.640826299999999947e+02 1.009018900000000052e+01
2.764000000000000000e+03 9.239900145000000000e+09 1.000000000000000000e+00 1.706008999999999958e+02 1.077725900000000081e+01
2.766000000000000000e+03 9.239900147000000000e+09 0.000000000000000000e+00 1.369516999999999882e+02 1.023456499999999991e+01
2.767000000000000000e+03 9.239900150000000000e+09 1.000000000000000000e+00 1.070761260000000021e+02 1.040441700000000047e+01
2.768000000000000000e+03 9.239900152000000000e+09 5.000000000000000000e-01 2.635369600000000219e+02 1.104824100000000087e+01
2.771000000000000000e+03 9.239900167000000000e+09 1.000000000000000000e+00 2.224190999999999860e+02 1.102842899999999915e+01
2.772000000000000000e+03 9.239900169000000000e+09 1.500000000000000000e+00 1.252416099999999943e+02 1.050691199999999981e+01
2.773000000000000000e+03 9.239900175000000000e+09 1.000000000000000000e+00 9.413753499999999974e+01 1.008527899999999988e+01
2.774000000000000000e+03 9.239900178000000000e+09 1.500000000000000000e+00 1.379493300000000033e+02 1.063316900000000054e+01
2.777000000000000000e+03 9.239900185000000000e+09 1.500000000000000000e+00 1.047037660000000017e+02 1.053446300000000058e+01
2.778000000000000000e+03 9.239900196000000000e+09 0.000000000000000000e+00 6.308633799999999781e+01 1.015944499999999984e+01
2.779000000000000000e+03 9.239900202000000000e+09 0.000000000000000000e+00 7.823793000000000575e+01 1.016750399999999921e+01
2.782000000000000000e+03 9.239900211000000000e+09 1.000000000000000000e+00 1.685307300000000055e+02 1.073354499999999945e+01
2.789000000000000000e+03 9.239900248000000000e+09 1.500000000000000000e+00 1.394395299999999907e+02 1.048564400000000063e+01
2.790000000000000000e+03 9.239900256000000000e+09 0.000000000000000000e+00 1.552736500000000035e+02 1.102358399999999961e+01
2.793000000000000000e+03 9.239900277000000000e+09 0.000000000000000000e+00 9.907761999999999603e+01 1.072398300000000049e+01
2.795000000000000000e+03 9.239900293000000000e+09 1.500000000000000000e+00 1.108292849999999987e+02 1.004356100000000040e+01
2.796000000000000000e+03 9.239900300000000000e+09 1.000000000000000000e+00 1.800574799999999982e+02 1.078093900000000005e+01
2.797000000000000000e+03 9.239900315000000000e+09 1.500000000000000000e+00 1.103520050000000055e+02 1.004879799999999967e+01
2.801000000000000000e+03 9.239900345000000000e+09 5.000000000000000000e-01 1.086986540000000048e+02 1.028195299999999968e+01
2.803000000000000000e+03 9.239900354000000000e+09 1.000000000000000000e+00 1.239650039999999933e+02 1.037279700000000027e+01
2.805000000000000000e+03 9.239900362000000000e+09 1.000000000000000000e+00 1.979219699999999875e+02 1.089353799999999950e+01
2.808000000000000000e+03 9.239900385000000000e+09 1.500000000000000000e+00 1.122747899999999959e+02 1.039409350000000032e+01
2.809000000000000000e+03 9.239900386000000000e+09 1.500000000000000000e+00 2.101199599999999919e+02 1.064752999999999972e+01
2.810000000000000000e+03 9.239900390000000000e+09 1.000000000000000000e+00 2.450403599999999926e+02 1.108396699999999946e+01
2.812000000000000000e+03 9.239900398000000000e+09 1.000000000000000000e+00 1.225130400000000037e+02 1.022652199999999922e+01
2.813000000000000000e+03 9.239900403000000000e+09 5.000000000000000000e-01 1.616794999999999902e+02 1.071033399999999958e+01
2.817000000000000000e+03 9.239900457000000000e+09 1.000000000000000000e+00 2.120808000000000106e+02 1.067906400000000033e+01
2.819000000000000000e+03 9.239900478000000000e+09 1.500000000000000000e+00 1.361374000000000137e+02 1.060547799999999974e+01
2.820000000000000000e+03 9.239900492000000000e+09 0.000000000000000000e+00 1.598675499999999943e+02 1.095769400000000005e+01
2.821000000000000000e+03 9.239900501000000000e+09 1.500000000000000000e+00 6.581498999999999455e+01 1.005374049999999997e+01
2.823000000000000000e+03 9.239900540000000000e+09 0.000000000000000000e+00 1.018893300000000011e+02 1.038028300000000037e+01
2.826000000000000000e+03 9.239900567000000000e+09 5.000000000000000000e-01 7.244401000000000579e+01 1.003700800000000015e+01
2.828000000000000000e+03 9.239900588000000000e+09 1.000000000000000000e+00 1.633932200000000137e+02 1.067068399999999961e+01
2.831000000000000000e+03 9.239900641000000000e+09 1.500000000000000000e+00 1.814630600000000129e+02 1.088993199999999995e+01
2.838000000000000000e+03 9.239900821000000000e+09 1.500000000000000000e+00 1.334137599999999964e+02 1.026630300000000062e+01
2.842000000000000000e+03 9.239900970000000000e+09 0.000000000000000000e+00 1.173480100000000022e+02 1.014693199999999962e+01
2.843000000000000000e+03 9.239901001000000000e+09 0.000000000000000000e+00 2.044320500000000038e+02 1.104068700000000014e+01
2.844000000000000000e+03 9.239901020000000000e+09 5.000000000000000000e-01 1.126050999999999931e+02 1.011279500000000020e+01
2.845000000000000000e+03 9.239901025000000000e+09 1.500000000000000000e+00 8.509259000000000128e+01 1.010831400000000002e+01
2.847000000000000000e+03 9.239901116000000000e+09 1.500000000000000000e+00 1.055026500000000027e+02 1.073961399999999955e+01
2.848000000000000000e+03 9.239901179000000000e+09 0.000000000000000000e+00 1.080409199999999998e+02 1.034488400000000041e+01
2.849000000000000000e+03 9.239901253000000000e+09 5.000000000000000000e-01 1.111575239999999951e+02 1.005677000000000021e+01
2.854000000000000000e+03 9.388000002000000000e+09 1.000000000000000000e+00 1.027968750000000000e+02 1.047241900000000037e+01
2.857000000000000000e+03 9.388000005000000000e+09 1.500000000000000000e+00 1.050151800000000009e+02 1.005542900000000017e+01
2.859000000000000000e+03 9.388000007000000000e+09 0.000000000000000000e+00 2.112360500000000059e+02 1.089872899999999944e+01
2.860000000000000000e+03 9.388000022000000000e+09 5.000000000000000000e-01 1.089596499999999963e+02 1.007926800000000078e+01
2.861000000000000000e+03 9.388000027000000000e+09 0.000000000000000000e+00 2.159275199999999870e+02 1.082108700000000034e+01
2.862000000000000000e+03 9.388000032000000000e+09 1.500000000000000000e+00 5.240181700000000120e+01 1.011127199999999959e+01
2.863000000000000000e+03 9.388000033000000000e+09 1.000000000000000000e+00 1.527630900000000054e+02 1.066864900000000027e+01
2.864000000000000000e+03 9.388000035000000000e+09 0.000000000000000000e+00 1.245515299999999996e+02 1.030012100000000075e+01
2.865000000000000000e+03 9.388000041000000000e+09 1.500000000000000000e+00 2.460561700000000087e+02 1.059115500000000054e+01
2.869000000000000000e+03 9.388000048000000000e+09 1.000000000000000000e+00 8.638225599999999815e+01 1.014045499999999933e+01
2.870000000000000000e+03 9.388000051000000000e+09 0.000000000000000000e+00 1.286392199999999946e+02 1.054175949999999951e+01
2.872000000000000000e+03 9.388000055000000000e+09 0.000000000000000000e+00 1.398409000000000049e+02 1.076170399999999994e+01
2.873000000000000000e+03 9.388000056000000000e+09 1.000000000000000000e+00 1.027325799999999987e+02 1.030171999999999954e+01
2.875000000000000000e+03 9.388000062000000000e+09 1.000000000000000000e+00 3.453761000000000081e+02 1.124671900000000058e+01
2.877000000000000000e+03 9.388000065000000000e+09 1.000000000000000000e+00 2.498572800000000029e+02 1.115025100000000080e+01
2.878000000000000000e+03 9.388000067000000000e+09 1.000000000000000000e+00 9.165498999999999796e+01 1.004243849999999938e+01
2.880000000000000000e+03 9.388000073000000000e+09 1.000000000000000000e+00 2.234493999999999971e+02 1.060025500000000065e+01
2.881000000000000000e+03 9.388000074000000000e+09 1.500000000000000000e+00 9.562218000000000018e+01 1.020319100000000034e+01
2.883000000000000000e+03 9.388000084000000000e+09 5.000000000000000000e-01 8.702465999999999724e+01 1.014869999999999983e+01
2.885000000000000000e+03 9.388000099000000000e+09 1.500000000000000000e+00 1.154657600000000031e+02 1.039362700000000039e+01
2.886000000000000000e+03 9.388000101000000000e+09 1.500000000000000000e+00 7.057146500000000344e+01 1.001429599999999986e+01
2.887000000000000000e+03 9.388000105000000000e+09 1.500000000000000000e+00 1.354582499999999925e+02 1.049605799999999967e+01
2.889000000000000000e+03 9.388000120000000000e+09 0.000000000000000000e+00 1.393456400000000031e+02 1.061891999999999925e+01
2.891000000000000000e+03 9.388000124000000000e+09 1.000000000000000000e+00 1.578439600000000098e+02 1.073045499999999919e+01
2.895000000000000000e+03 9.388000137000000000e+09 5.000000000000000000e-01 6.271081000000000216e+01 9.688076999999999828e+00
2.897000000000000000e+03 9.388000142000000000e+09 1.500000000000000000e+00 8.721671999999999514e+01 1.009167099999999984e+01
2.898000000000000000e+03 9.388000146000000000e+09 1.000000000000000000e+00 1.431920800000000042e+02 1.022668099999999924e+01
2.899000000000000000e+03 9.388000156000000000e+09 5.000000000000000000e-01 3.913020000000000209e+01 9.912397999999999598e+00
2.902000000000000000e+03 9.388000195000000000e+09 5.000000000000000000e-01 1.111785349999999966e+02 1.049116500000000052e+01
2.903000000000000000e+03 9.388000197000000000e+09 1.500000000000000000e+00 1.175990599999999944e+02 1.042263499999999965e+01
2.904000000000000000e+03 9.388000200000000000e+09 0.000000000000000000e+00 8.087749999999999773e+01 1.002806600000000081e+01
2.906000000000000000e+03 9.388000248000000000e+09 1.000000000000000000e+00 1.139280399999999958e+02 1.022781400000000041e+01
2.907000000000000000e+03 9.388000253000000000e+09 1.000000000000000000e+00 8.527116399999999885e+01 1.001247799999999977e+01
2.908000000000000000e+03 9.388000256000000000e+09 5.000000000000000000e-01 1.463394299999999930e+02 1.068293599999999977e+01
2.909000000000000000e+03 9.388000266000000000e+09 0.000000000000000000e+00 4.863476599999999905e+01 9.505050999999999917e+00
2.910000000000000000e+03 9.388000269000000000e+09 1.500000000000000000e+00 1.104478900000000010e+02 1.054794399999999932e+01
2.912000000000000000e+03 9.388000296000000000e+09 1.000000000000000000e+00 5.644251299999999816e+01 1.011930800000000019e+01
2.920000000000000000e+03 9.388000380000000000e+09 1.000000000000000000e+00 9.495574000000000581e+01 1.043012599999999956e+01
2.923000000000000000e+03 9.388000400000000000e+09 1.500000000000000000e+00 9.570566599999999369e+01 1.013927200000000006e+01
2.924000000000000000e+03 9.388000416000000000e+09 0.000000000000000000e+00 5.071864999999999668e+01 1.020665299999999931e+01
2.925000000000000000e+03 9.388000437000000000e+09 1.500000000000000000e+00 1.754162900000000036e+02 1.107313399999999959e+01
2.926000000000000000e+03 9.388000471000000000e+09 1.000000000000000000e+00 7.772404500000000382e+01 1.022812200000000082e+01
2.928000000000000000e+03 9.388000489000000000e+09 0.000000000000000000e+00 1.442033399999999972e+02 1.089301900000000067e+01
2.929000000000000000e+03 9.388000496000000000e+09 1.500000000000000000e+00 8.986606999999999346e+01 1.025118100000000076e+01
2.930000000000000000e+03 9.388000547000000000e+09 1.500000000000000000e+00 9.937015999999999849e+01 1.009557700000000047e+01
2.931000000000000000e+03 9.388000566000000000e+09 1.500000000000000000e+00 1.000370800000000031e+02 1.026253099999999918e+01
2.933000000000000000e+03 9.388000597000000000e+09 0.000000000000000000e+00 1.125985399999999998e+02 1.030709799999999987e+01
2.936000000000000000e+03 9.388000773000000000e+09 0.000000000000000000e+00 1.352235300000000109e+02 1.027020899999999948e+01
2.937000000000000000e+03 9.388000785000000000e+09 1.000000000000000000e+00 1.045020750000000049e+02 1.027621399999999952e+01
2.938000000000000000e+03 9.388000807000000000e+09 1.000000000000000000e+00 1.877699900000000071e+02 1.063399599999999978e+01
2.939000000000000000e+03 9.388000825000000000e+09 1.000000000000000000e+00 9.795904000000000167e+01 1.024456099999999914e+01
2.940000000000000000e+03 9.388000827000000000e+09 1.000000000000000000e+00 1.213467899999999986e+02 1.012566699999999997e+01
2.942000000000000000e+03 9.388000921000000000e+09 1.000000000000000000e+00 1.629569700000000125e+02 1.079030000000000022e+01
2.943000000000000000e+03 9.388000949000000000e+09 0.000000000000000000e+00 1.442521800000000098e+02 1.076934299999999922e+01
2.944000000000000000e+03 9.388000993000000000e+09 1.000000000000000000e+00 1.149232599999999991e+02 1.025842600000000004e+01
2.951000000000000000e+03 9.403800003000000000e+09 1.000000000000000000e+00 1.326799200000000098e+02 1.047235200000000077e+01
2.952000000000000000e+03 9.403800004000000000e+09 0.000000000000000000e+00 6.711127999999999361e+01 9.903342000000000311e+00
2.953000000000000000e+03 9.403800005000000000e+09 0.000000000000000000e+00 6.756802999999999315e+01 1.081597599999999915e+01
2.954000000000000000e+03 9.403800007000000000e+09 1.000000000000000000e+00 9.418790400000000318e+01 1.058389999999999986e+01
2.955000000000000000e+03 9.403800008000000000e+09 1.000000000000000000e+00 1.850155200000000093e+02 1.021993800000000086e+01
2.957000000000000000e+03 9.403800016000000000e+09 1.000000000000000000e+00 7.211233500000000163e+01 9.736897000000000801e+00
2.958000000000000000e+03 9.403800017000000000e+09 5.000000000000000000e-01 7.556774000000000058e+01 1.013624399999999959e+01
2.959000000000000000e+03 9.403800021000000000e+09 1.500000000000000000e+00 1.341827999999999861e+02 1.048546799999999912e+01
2.961000000000000000e+03 9.403800023000000000e+09 5.000000000000000000e-01 7.560550000000000637e+01 9.996708999999999179e+00
2.962000000000000000e+03 9.403800025000000000e+09 5.000000000000000000e-01 1.770091099999999926e+02 1.069231800000000021e+01
2.963000000000000000e+03 9.403800026000000000e+09 0.000000000000000000e+00 7.596635000000000559e+01 9.836420000000000385e+00
2.965000000000000000e+03 9.403800029000000000e+09 5.000000000000000000e-01 2.667418000000000120e+02 1.105883700000000047e+01
2.966000000000000000e+03 9.403800032000000000e+09 1.000000000000000000e+00 8.099740599999999802e+01 1.013882899999999943e+01
2.969000000000000000e+03 9.403800045000000000e+09 1.000000000000000000e+00 8.640552499999999725e+01 1.002536899999999953e+01
2.970000000000000000e+03 9.403800047000000000e+09 0.000000000000000000e+00 1.629713900000000137e+02 1.052450900000000011e+01
2.971000000000000000e+03 9.403800057000000000e+09 0.000000000000000000e+00 1.462940700000000049e+02 1.050597800000000070e+01
2.972000000000000000e+03 9.403800064000000000e+09 5.000000000000000000e-01 1.031569499999999948e+02 1.009307399999999966e+01
2.973000000000000000e+03 9.403800073000000000e+09 5.000000000000000000e-01 7.886163000000000523e+01 1.009182900000000060e+01
2.974000000000000000e+03 9.403800077000000000e+09 0.000000000000000000e+00 1.016158199999999994e+02 1.033933700000000044e+01
2.976000000000000000e+03 9.403800086000000000e+09 0.000000000000000000e+00 1.291249699999999905e+02 1.036669200000000046e+01
2.979000000000000000e+03 9.403800101000000000e+09 1.000000000000000000e+00 1.657538000000000125e+02 1.026661099999999927e+01
2.981000000000000000e+03 9.403800114000000000e+09 1.500000000000000000e+00 8.972500999999999749e+01 1.011883599999999994e+01
2.984000000000000000e+03 9.403800119000000000e+09 0.000000000000000000e+00 1.357095999999999947e+02 1.012942400000000021e+01
2.985000000000000000e+03 9.403800120000000000e+09 1.000000000000000000e+00 1.651194800000000100e+02 1.050757800000000053e+01
2.986000000000000000e+03 9.403800121000000000e+09 5.000000000000000000e-01 1.201041259999999937e+02 9.945145999999999376e+00
2.987000000000000000e+03 9.403800123000000000e+09 0.000000000000000000e+00 2.822581500000000005e+02 1.105254599999999954e+01
2.988000000000000000e+03 9.403800131000000000e+09 5.000000000000000000e-01 7.210863999999999407e+01 1.015959900000000005e+01
2.990000000000000000e+03 9.403800140000000000e+09 1.500000000000000000e+00 7.109201000000000192e+01 9.612344000000000221e+00
2.991000000000000000e+03 9.403800148000000000e+09 1.500000000000000000e+00 1.173497700000000066e+02 1.032857599999999998e+01
2.993000000000000000e+03 9.403800156000000000e+09 1.000000000000000000e+00 1.003266140000000064e+02 1.028381500000000059e+01
2.994000000000000000e+03 9.403800159000000000e+09 5.000000000000000000e-01 1.405008400000000108e+02 1.002995600000000032e+01
2.996000000000000000e+03 9.403800165000000000e+09 5.000000000000000000e-01 7.908259599999999523e+01 9.924479500000000343e+00
2.997000000000000000e+03 9.403800167000000000e+09 5.000000000000000000e-01 1.488850099999999941e+02 9.961159000000000319e+00
2.998000000000000000e+03 9.403800168000000000e+09 0.000000000000000000e+00 1.490504500000000121e+02 1.057052999999999976e+01
3.001000000000000000e+03 9.403800187000000000e+09 5.000000000000000000e-01 8.824225599999999758e+01 9.804282999999999859e+00
3.002000000000000000e+03 9.403800215000000000e+09 5.000000000000000000e-01 1.161566849999999960e+02 1.062411700000000003e+01
3.004000000000000000e+03 9.403800245000000000e+09 1.500000000000000000e+00 4.792582300000000117e+01 9.038959999999999440e+00
3.006000000000000000e+03 9.403800250000000000e+09 5.000000000000000000e-01 8.692863499999999988e+01 1.011047800000000052e+01
3.007000000000000000e+03 9.403800256000000000e+09 1.500000000000000000e+00 6.772803999999999292e+01 9.745677999999999841e+00
3.010000000000000000e+03 9.403800295000000000e+09 1.000000000000000000e+00 1.017919700000000063e+02 9.967575000000000074e+00
3.016000000000000000e+03 9.403800349000000000e+09 1.500000000000000000e+00 1.633469200000000114e+02 1.081463800000000042e+01
3.019000000000000000e+03 9.403800371000000000e+09 1.000000000000000000e+00 1.883175500000000113e+02 1.029655550000000019e+01
3.020000000000000000e+03 9.403800381000000000e+09 1.000000000000000000e+00 8.885692000000000235e+01 9.836596000000000117e+00
3.021000000000000000e+03 9.403800390000000000e+09 1.000000000000000000e+00 8.679112000000000648e+01 1.004423199999999916e+01
3.024000000000000000e+03 9.403800462000000000e+09 5.000000000000000000e-01 5.999429700000000310e+01 9.766292999999999225e+00
3.026000000000000000e+03 9.403800473000000000e+09 1.000000000000000000e+00 7.432709499999999991e+01 9.914436000000000249e+00
3.028000000000000000e+03 9.403800507000000000e+09 0.000000000000000000e+00 8.967386999999999375e+01 1.017477099999999979e+01
3.029000000000000000e+03 9.403800520000000000e+09 0.000000000000000000e+00 1.204560900000000032e+02 1.000379299999999994e+01
3.030000000000000000e+03 9.403800521000000000e+09 1.500000000000000000e+00 5.755957399999999780e+01 9.778085000000000804e+00
3.032000000000000000e+03 9.403800559000000000e+09 1.500000000000000000e+00 6.398722000000000065e+01 9.754713999999999885e+00
3.037000000000000000e+03 9.403800636000000000e+09 1.000000000000000000e+00 2.198070700000000102e+02 1.051117799999999924e+01
3.038000000000000000e+03 9.403800637000000000e+09 1.500000000000000000e+00 1.667427000000000135e+02 1.054025900000000071e+01
3.041000000000000000e+03 9.403800694000000000e+09 1.500000000000000000e+00 7.308387000000000455e+01 9.799823999999999202e+00
3.043000000000000000e+03 9.403800746000000000e+09 5.000000000000000000e-01 6.083476999999999890e+01 9.585876000000000730e+00
3.044000000000000000e+03 9.403800757000000000e+09 1.000000000000000000e+00 1.260955799999999982e+02 1.046315700000000071e+01
3.045000000000000000e+03 9.403800763000000000e+09 1.000000000000000000e+00 1.388069800000000100e+02 1.035880700000000054e+01
3.047000000000000000e+03 9.403800813000000000e+09 1.000000000000000000e+00 1.908413500000000056e+02 1.090011299999999927e+01
3.049000000000000000e+03 9.403800833000000000e+09 0.000000000000000000e+00 7.873310999999999638e+01 1.018920999999999921e+01
3.051000000000000000e+03 9.403800911000000000e+09 0.000000000000000000e+00 7.782161000000000683e+01 1.019236800000000009e+01
3.052000000000000000e+03 9.403800929000000000e+09 1.500000000000000000e+00 9.379395999999999844e+01 1.016795349999999942e+01
3.056000000000000000e+03 9.403801002000000000e+09 0.000000000000000000e+00 1.157814560000000057e+02 1.036135699999999993e+01
3.057000000000000000e+03 9.403801010000000000e+09 1.000000000000000000e+00 2.075503500000000088e+02 1.067706399999999967e+01
3.058000000000000000e+03 9.403801061000000000e+09 1.500000000000000000e+00 7.488849000000000444e+01 1.030024099999999976e+01
3.065000000000000000e+03 9.403801281000000000e+09 1.500000000000000000e+00 5.744116000000000355e+01 9.801854000000000511e+00
3.067000000000000000e+03 9.403801579000000000e+09 0.000000000000000000e+00 5.230488199999999921e+01 9.642782999999999660e+00
