2.000000000000000000e+00 7.139000000000000000e+03 1.000000000000000000e+00 2.356128099999999961e+02 1.063000000000000078e+01
3.000000000000000000e+00 7.206000000000000000e+03 2.000000000000000000e+00 1.061017700000000019e+02 1.048000000000000043e+01
4.000000000000000000e+00 7.289000000000000000e+03 5.000000000000000000e-01 2.051452800000000138e+02 1.111999999999999922e+01
6.000000000000000000e+00 7.839000000000000000e+03 5.000000000000000000e-01 1.957611200000000053e+02 1.105000000000000071e+01
7.000000000000000000e+00 7.841000000000000000e+03 1.500000000000000000e+00 1.786468800000000101e+02 1.096000000000000085e+01
8.000000000000000000e+00 7.946000000000000000e+03 2.000000000000000000e+00 1.770996700000000033e+02 1.091999999999999993e+01
9.000000000000000000e+00 7.969000000000000000e+03 5.000000000000000000e-01 2.497976500000000044e+02 1.101999999999999957e+01
1.000000000000000000e+01 7.992000000000000000e+03 1.000000000000000000e+00 2.300979600000000005e+02 1.094999999999999929e+01
1.200000000000000000e+01 8.353000000000000000e+03 3.000000000000000000e+00 7.154206000000000643e+01 9.439999999999999503e+00
1.300000000000000000e+01 8.391000000000000000e+03 -9.000000000000000000e+00 4.580389799999999667e+01 8.810000000000000497e+00
1.500000000000000000e+01 8.485000000000000000e+03 3.000000000000000000e+00 5.725049599999999828e+01 9.210000000000000853e+00
1.700000000000000000e+01 8.488000000000000000e+03 0.000000000000000000e+00 7.445080600000000004e+01 9.509999999999999787e+00
1.800000000000000000e+01 8.490000000000000000e+03 -9.000000000000000000e+00 3.746034199999999714e+01 9.050000000000000711e+00
2.000000000000000000e+01 8.570000000000000000e+03 3.000000000000000000e+00 6.147237400000000207e+01 9.269999999999999574e+00
2.300000000000000000e+01 8.865000000000000000e+03 0.000000000000000000e+00 2.146797599999999875e+02 1.066000000000000014e+01
2.400000000000000000e+01 8.913000000000000000e+03 3.000000000000000000e+00 4.072531500000000193e+01 8.789999999999999147e+00
2.600000000000000000e+01 9.062000000000000000e+03 1.000000000000000000e+00 1.345759999999999934e+02 1.023000000000000043e+01
2.700000000000000000e+01 9.067000000000000000e+03 2.500000000000000000e+00 8.501413999999999760e+01 9.439999999999999503e+00
2.900000000000000000e+01 9.115000000000000000e+03 3.000000000000000000e+00 5.679120000000000346e+01 9.060000000000000497e+00
3.100000000000000000e+01 9.352000000000000000e+03 2.500000000000000000e+00 6.173478300000000019e+01 8.970000000000000639e+00
3.200000000000000000e+01 1.455200000000000000e+04 1.000000000000000000e+00 1.781168000000000120e+02 1.086999999999999922e+01
3.300000000000000000e+01 1.455500000000000000e+04 3.000000000000000000e+00 4.254079000000000121e+01 8.919999999999999929e+00
3.400000000000000000e+01 1.469700000000000000e+04 2.000000000000000000e+00 1.547999900000000082e+02 1.091000000000000014e+01
3.600000000000000000e+01 1.481200000000000000e+04 2.500000000000000000e+00 7.063781000000000176e+01 9.990000000000000213e+00
3.700000000000000000e+01 1.516500000000000000e+04 5.000000000000000000e-01 1.800699999999999932e+02 1.115000000000000036e+01
3.900000000000000000e+01 1.522000000000000000e+04 3.000000000000000000e+00 4.576231800000000050e+01 8.980000000000000426e+00
4.000000000000000000e+01 1.548100000000000000e+04 0.000000000000000000e+00 2.258518200000000036e+02 1.108000000000000007e+01
4.100000000000000000e+01 1.584700000000000000e+04 3.000000000000000000e+00 4.801615499999999770e+01 9.560000000000000497e+00
4.300000000000000000e+01 1.602200000000000000e+04 5.000000000000000000e-01 1.195870060000000024e+02 1.041000000000000014e+01
4.400000000000000000e+01 1.602600000000000000e+04 2.500000000000000000e+00 1.256707799999999935e+02 1.023000000000000043e+01
4.500000000000000000e+01 1.624200000000000000e+04 1.500000000000000000e+00 1.037688399999999973e+02 1.044999999999999929e+01
4.800000000000000000e+01 1.631700000000000000e+04 1.000000000000000000e+00 1.184500199999999950e+02 1.052999999999999936e+01
5.000000000000000000e+01 1.639200000000000000e+04 -9.000000000000000000e+00 6.005975000000000108e+01 9.220000000000000639e+00
5.100000000000000000e+01 1.642600000000000000e+04 3.000000000000000000e+00 9.898485999999999763e+01 9.160000000000000142e+00
5.200000000000000000e+01 1.642900000000000000e+04 -9.000000000000000000e+00 6.040015999999999963e+01 9.339999999999999858e+00
5.300000000000000000e+01 1.643000000000000000e+04 3.000000000000000000e+00 3.604113799999999657e+01 9.189999999999999503e+00
5.500000000000000000e+01 1.648700000000000000e+04 2.500000000000000000e+00 6.769355000000000189e+01 9.660000000000000142e+00
5.700000000000000000e+01 1.652600000000000000e+04 0.000000000000000000e+00 9.852656600000000253e+01 1.025999999999999979e+01
6.300000000000000000e+01 1.727300000000000000e+04 3.000000000000000000e+00 9.438245399999999563e+01 1.041999999999999993e+01
6.500000000000000000e+01 1.739000000000000000e+04 5.000000000000000000e-01 2.004368599999999958e+02 1.106000000000000050e+01
6.900000000000000000e+01 2.217500000000000000e+04 3.000000000000000000e+00 4.691758699999999749e+01 8.730000000000000426e+00
7.100000000000000000e+01 2.258200000000000000e+04 5.000000000000000000e-01 2.220529500000000098e+02 1.106000000000000050e+01
7.200000000000000000e+01 2.259500000000000000e+04 1.000000000000000000e+00 2.681537000000000148e+02 1.111999999999999922e+01
7.300000000000000000e+01 2.263300000000000000e+04 3.000000000000000000e+00 5.898561000000000121e+01 1.040000000000000036e+01
7.400000000000000000e+01 2.283900000000000000e+04 3.000000000000000000e+00 5.844836399999999799e+01 9.369999999999999218e+00
7.600000000000000000e+01 2.288700000000000000e+04 2.000000000000000000e+00 1.238667999999999978e+02 1.047000000000000064e+01
7.700000000000000000e+01 2.293200000000000000e+04 3.000000000000000000e+00 3.795492600000000039e+01 9.470000000000000639e+00
7.800000000000000000e+01 2.307000000000000000e+04 1.000000000000000000e+00 1.718067599999999970e+02 1.091999999999999993e+01
7.900000000000000000e+01 2.307500000000000000e+04 1.500000000000000000e+00 1.323756099999999947e+02 1.038000000000000078e+01
8.000000000000000000e+01 2.308200000000000000e+04 0.000000000000000000e+00 2.530085599999999886e+02 1.108000000000000007e+01
8.100000000000000000e+01 2.311700000000000000e+04 1.500000000000000000e+00 2.033138700000000085e+02 1.114000000000000057e+01
8.200000000000000000e+01 2.322500000000000000e+04 1.500000000000000000e+00 1.067234339999999975e+02 1.030000000000000071e+01
8.300000000000000000e+01 2.325900000000000000e+04 2.500000000000000000e+00 1.394792999999999950e+02 1.051999999999999957e+01
8.400000000000000000e+01 2.326500000000000000e+04 0.000000000000000000e+00 1.829562400000000082e+02 1.100000000000000000e+01
8.500000000000000000e+01 2.333700000000000000e+04 2.500000000000000000e+00 6.109698000000000206e+01 9.740000000000000213e+00
8.600000000000000000e+01 2.334100000000000000e+04 0.000000000000000000e+00 2.577335499999999797e+02 1.100999999999999979e+01
8.800000000000000000e+01 2.356500000000000000e+04 2.000000000000000000e+00 1.124807500000000005e+02 1.031000000000000050e+01
9.000000000000000000e+01 2.359100000000000000e+04 3.000000000000000000e+00 4.357638000000000034e+01 8.900000000000000355e+00
9.100000000000000000e+01 2.359300000000000000e+04 3.000000000000000000e+00 3.775516499999999809e+01 8.509999999999999787e+00
9.200000000000000000e+01 2.361900000000000000e+04 1.500000000000000000e+00 2.281475800000000049e+02 1.098000000000000043e+01
9.700000000000000000e+01 2.386800000000000000e+04 3.000000000000000000e+00 4.608234800000000320e+01 8.669999999999999929e+00
9.800000000000000000e+01 2.401300000000000000e+04 2.500000000000000000e+00 1.157942659999999933e+02 1.058000000000000007e+01
1.000000000000000000e+02 2.443300000000000000e+04 3.000000000000000000e+00 5.210512500000000102e+01 9.140000000000000568e+00
1.010000000000000000e+02 2.865400000000000000e+04 3.000000000000000000e+00 5.659579000000000093e+01 9.140000000000000568e+00
1.020000000000000000e+02 2.873800000000000000e+04 3.000000000000000000e+00 8.325485000000000468e+01 1.005000000000000071e+01
1.030000000000000000e+02 2.886000000000000000e+04 3.000000000000000000e+00 6.413891999999999882e+01 9.460000000000000853e+00
1.070000000000000000e+02 3.046900000000000000e+04 5.000000000000000000e-01 2.357994400000000041e+02 1.116000000000000014e+01
1.090000000000000000e+02 3.061500000000000000e+04 5.000000000000000000e-01 2.858885999999999967e+02 1.113000000000000078e+01
1.110000000000000000e+02 3.078600000000000000e+04 2.000000000000000000e+00 1.230129500000000036e+02 1.034999999999999964e+01
1.120000000000000000e+02 3.084700000000000000e+04 5.000000000000000000e-01 2.511029699999999991e+02 1.143999999999999950e+01
1.130000000000000000e+02 3.089000000000000000e+04 3.000000000000000000e+00 6.797672000000000025e+01 9.789999999999999147e+00
1.140000000000000000e+02 3.091300000000000000e+04 -9.000000000000000000e+00 3.769732700000000136e+01 9.220000000000000639e+00
1.170000000000000000e+02 3.107900000000000000e+04 2.000000000000000000e+00 1.944393799999999999e+02 1.081000000000000050e+01
1.200000000000000000e+02 3.144800000000000000e+04 1.000000000000000000e+00 1.611499499999999898e+02 1.075000000000000000e+01
1.220000000000000000e+02 3.150900000000000000e+04 3.000000000000000000e+00 4.181665000000000276e+01 8.439999999999999503e+00
1.240000000000000000e+02 3.162300000000000000e+04 5.000000000000000000e-01 2.683883700000000090e+02 1.131000000000000050e+01
1.270000000000000000e+02 3.191200000000000000e+04 1.500000000000000000e+00 2.201890600000000120e+02 1.094999999999999929e+01
1.280000000000000000e+02 3.193900000000000000e+04 2.500000000000000000e+00 1.385872699999999895e+02 1.052999999999999936e+01
1.300000000000000000e+02 3.219600000000000000e+04 0.000000000000000000e+00 1.725654800000000080e+02 1.127999999999999936e+01
1.330000000000000000e+02 3.229500000000000000e+04 3.000000000000000000e+00 5.779282800000000009e+01 9.099999999999999645e+00
1.360000000000000000e+02 3.688000000000000000e+04 1.000000000000000000e+00 1.639093200000000081e+02 1.080000000000000071e+01
1.370000000000000000e+02 3.689400000000000000e+04 3.000000000000000000e+00 6.438639999999999475e+01 8.839999999999999858e+00
1.390000000000000000e+02 3.705000000000000000e+04 3.000000000000000000e+00 6.701784000000000674e+01 9.119999999999999218e+00
1.400000000000000000e+02 3.706400000000000000e+04 2.000000000000000000e+00 1.398463600000000042e+02 1.065000000000000036e+01
1.410000000000000000e+02 3.905700000000000000e+04 0.000000000000000000e+00 1.293024599999999964e+02 1.043999999999999950e+01
1.440000000000000000e+02 3.914500000000000000e+04 2.500000000000000000e+00 9.402038600000000201e+01 1.019999999999999929e+01
1.450000000000000000e+02 3.936500000000000000e+04 2.000000000000000000e+00 5.041430299999999676e+01 9.179999999999999716e+00
1.460000000000000000e+02 3.947500000000000000e+04 1.000000000000000000e+00 1.187955599999999947e+02 1.052999999999999936e+01
1.470000000000000000e+02 3.953900000000000000e+04 3.000000000000000000e+00 1.299521000000000015e+02 1.043999999999999950e+01
1.480000000000000000e+02 3.959400000000000000e+04 3.000000000000000000e+00 5.948177700000000101e+01 9.300000000000000711e+00
1.490000000000000000e+02 3.967100000000000000e+04 -9.000000000000000000e+00 6.902788499999999772e+01 9.509999999999999787e+00
1.500000000000000000e+02 3.970900000000000000e+04 1.500000000000000000e+00 2.050969200000000114e+02 1.109999999999999964e+01
1.520000000000000000e+02 4.016400000000000000e+04 2.000000000000000000e+00 1.527032600000000002e+02 1.044999999999999929e+01
1.530000000000000000e+02 4.019700000000000000e+04 1.500000000000000000e+00 5.988432000000000244e+01 9.630000000000000782e+00
1.570000000000000000e+02 4.041900000000000000e+04 1.500000000000000000e+00 2.243964799999999968e+02 1.096000000000000085e+01
1.590000000000000000e+02 4.044500000000000000e+04 0.000000000000000000e+00 1.965525800000000061e+02 1.128999999999999915e+01
1.600000000000000000e+02 4.045300000000000000e+04 3.000000000000000000e+00 7.003606399999999610e+01 9.589999999999999858e+00
1.620000000000000000e+02 4.049100000000000000e+04 5.000000000000000000e-01 1.222786899999999974e+02 1.046000000000000085e+01
1.630000000000000000e+02 4.076500000000000000e+04 2.500000000000000000e+00 6.325654999999999717e+01 9.039999999999999147e+00
1.650000000000000000e+02 4.105900000000000000e+04 0.000000000000000000e+00 2.623698699999999917e+02 1.132000000000000028e+01
1.660000000000000000e+02 4.107500000000000000e+04 3.000000000000000000e+00 4.306257599999999996e+01 8.509999999999999787e+00
1.680000000000000000e+02 4.114400000000000000e+04 2.000000000000000000e+00 1.089603400000000022e+02 1.033999999999999986e+01
1.690000000000000000e+02 4.116400000000000000e+04 3.000000000000000000e+00 4.968236999999999881e+01 8.419999999999999929e+00
1.710000000000000000e+02 4.118000000000000000e+04 0.000000000000000000e+00 1.524698999999999955e+02 1.047000000000000064e+01
1.720000000000000000e+02 4.127400000000000000e+04 5.000000000000000000e-01 1.181923749999999984e+02 1.058000000000000007e+01
1.730000000000000000e+02 4.127700000000000000e+04 1.500000000000000000e+00 1.263158399999999943e+02 1.038000000000000078e+01
1.740000000000000000e+02 4.130200000000000000e+04 1.500000000000000000e+00 7.406064000000000647e+01 9.759999999999999787e+00
1.750000000000000000e+02 4.135400000000000000e+04 3.000000000000000000e+00 4.637959299999999985e+01 9.150000000000000355e+00
1.760000000000000000e+02 4.715200000000000000e+04 0.000000000000000000e+00 1.968641800000000046e+02 1.106000000000000050e+01
1.770000000000000000e+02 4.722400000000000000e+04 3.000000000000000000e+00 5.197266799999999876e+01 9.160000000000000142e+00
1.780000000000000000e+02 4.724500000000000000e+04 3.000000000000000000e+00 6.003145599999999860e+01 9.169999999999999929e+00
1.790000000000000000e+02 4.725400000000000000e+04 0.000000000000000000e+00 1.952866999999999962e+02 1.102999999999999936e+01
1.800000000000000000e+02 4.725800000000000000e+04 1.500000000000000000e+00 1.066607060000000047e+02 1.027999999999999936e+01
1.810000000000000000e+02 4.728600000000000000e+04 3.000000000000000000e+00 4.254080600000000345e+01 8.509999999999999787e+00
1.820000000000000000e+02 4.729300000000000000e+04 1.000000000000000000e+00 1.232309199999999976e+02 1.016999999999999993e+01
1.830000000000000000e+02 4.734200000000000000e+04 2.500000000000000000e+00 7.500410499999999558e+01 1.008999999999999986e+01
1.860000000000000000e+02 4.750000000000000000e+04 3.000000000000000000e+00 5.521437499999999687e+01 9.490000000000000213e+00
1.880000000000000000e+02 4.765200000000000000e+04 3.000000000000000000e+00 4.102397500000000008e+01 9.429999999999999716e+00
1.890000000000000000e+02 4.767400000000000000e+04 1.000000000000000000e+00 2.628255300000000148e+02 1.109999999999999964e+01
1.900000000000000000e+02 4.801600000000000000e+04 2.500000000000000000e+00 1.228074900000000014e+02 1.027999999999999936e+01
1.910000000000000000e+02 4.804900000000000000e+04 1.500000000000000000e+00 1.582272000000000105e+02 1.056000000000000050e+01
1.930000000000000000e+02 4.847000000000000000e+04 0.000000000000000000e+00 1.606139200000000073e+02 1.100999999999999979e+01
1.940000000000000000e+02 4.850600000000000000e+04 2.500000000000000000e+00 1.230900699999999972e+02 1.034999999999999964e+01
1.950000000000000000e+02 4.854800000000000000e+04 5.000000000000000000e-01 1.913053099999999915e+02 1.105000000000000071e+01
1.960000000000000000e+02 4.868100000000000000e+04 1.000000000000000000e+00 2.589148299999999949e+02 1.116000000000000014e+01
1.970000000000000000e+02 4.874000000000000000e+04 3.000000000000000000e+00 8.780418400000000645e+01 1.000999999999999979e+01
1.980000000000000000e+02 4.896900000000000000e+04 3.000000000000000000e+00 5.592988199999999921e+01 9.519999999999999574e+00
2.030000000000000000e+02 4.972800000000000000e+04 3.000000000000000000e+00 5.592747500000000116e+01 9.259999999999999787e+00
2.050000000000000000e+02 4.973400000000000000e+04 1.000000000000000000e+00 1.549820599999999899e+02 1.044999999999999929e+01
2.060000000000000000e+02 4.975300000000000000e+04 3.000000000000000000e+00 4.563192399999999793e+01 8.759999999999999787e+00
2.070000000000000000e+02 4.975500000000000000e+04 3.000000000000000000e+00 4.731145999999999674e+01 8.550000000000000711e+00
2.080000000000000000e+02 4.978400000000000000e+04 1.000000000000000000e+00 9.244567000000000689e+01 1.024000000000000021e+01
2.110000000000000000e+02 5.377000000000000000e+04 3.000000000000000000e+00 4.160836400000000168e+01 9.050000000000000711e+00
2.120000000000000000e+02 5.377100000000000000e+04 3.000000000000000000e+00 4.202062000000000097e+01 8.490000000000000213e+00
2.130000000000000000e+02 5.380900000000000000e+04 3.000000000000000000e+00 4.526781499999999880e+01 9.050000000000000711e+00
2.140000000000000000e+02 5.397700000000000000e+04 3.000000000000000000e+00 6.660415999999999315e+01 1.000999999999999979e+01
2.170000000000000000e+02 5.420200000000000000e+04 0.000000000000000000e+00 1.773406200000000013e+02 1.058000000000000007e+01
2.180000000000000000e+02 5.427000000000000000e+04 0.000000000000000000e+00 2.649578599999999824e+02 1.127999999999999936e+01
2.190000000000000000e+02 5.435900000000000000e+04 2.500000000000000000e+00 6.772205999999999904e+01 1.030000000000000071e+01
2.230000000000000000e+02 5.450000000000000000e+04 5.000000000000000000e-01 1.915647299999999973e+02 1.092999999999999972e+01
2.280000000000000000e+02 5.492100000000000000e+04 0.000000000000000000e+00 1.650886700000000076e+02 1.099000000000000021e+01
2.290000000000000000e+02 5.493800000000000000e+04 3.000000000000000000e+00 4.312760999999999711e+01 8.289999999999999147e+00
2.300000000000000000e+02 5.495700000000000000e+04 2.000000000000000000e+00 1.414906799999999976e+02 1.059999999999999964e+01
2.310000000000000000e+02 5.512400000000000000e+04 3.000000000000000000e+00 5.084628000000000014e+01 8.740000000000000213e+00
2.330000000000000000e+02 5.515000000000000000e+04 3.000000000000000000e+00 7.559610999999999592e+01 1.011999999999999922e+01
2.380000000000000000e+02 5.534600000000000000e+04 3.000000000000000000e+00 4.887082699999999846e+01 9.099999999999999645e+00
2.400000000000000000e+02 5.537200000000000000e+04 3.000000000000000000e+00 4.853944800000000015e+01 9.039999999999999147e+00
2.410000000000000000e+02 5.553700000000000000e+04 2.500000000000000000e+00 1.260856600000000043e+02 1.053999999999999915e+01
2.420000000000000000e+02 5.564800000000000000e+04 3.000000000000000000e+00 4.726289400000000285e+01 8.970000000000000639e+00
2.430000000000000000e+02 5.568400000000000000e+04 3.000000000000000000e+00 7.601594000000000051e+01 9.509999999999999787e+00
2.450000000000000000e+02 5.605500000000000000e+04 -9.000000000000000000e+00 5.448754999999999882e+01 9.250000000000000000e+00
2.460000000000000000e+02 5.606100000000000000e+04 3.000000000000000000e+00 5.010983999999999838e+01 9.130000000000000782e+00
2.480000000000000000e+02 5.614000000000000000e+04 1.000000000000000000e+00 2.492136199999999917e+02 1.130000000000000071e+01
2.490000000000000000e+02 5.618100000000000000e+04 0.000000000000000000e+00 8.836957599999999502e+01 1.032000000000000028e+01
2.520000000000000000e+02 6.223900000000000000e+04 0.000000000000000000e+00 1.251343459999999936e+02 1.089000000000000057e+01
2.530000000000000000e+02 6.224400000000000000e+04 0.000000000000000000e+00 1.665318100000000072e+02 1.015000000000000036e+01
2.550000000000000000e+02 6.243500000000000000e+04 3.000000000000000000e+00 4.351584199999999925e+01 9.000000000000000000e+00
2.590000000000000000e+02 6.321000000000000000e+04 1.500000000000000000e+00 1.112410399999999981e+02 1.030000000000000071e+01
2.600000000000000000e+02 6.327600000000000000e+04 2.000000000000000000e+00 9.628104999999999336e+01 1.035999999999999943e+01
2.610000000000000000e+02 6.330200000000000000e+04 2.500000000000000000e+00 1.123563000000000045e+02 1.047000000000000064e+01
2.620000000000000000e+02 6.330500000000000000e+04 1.500000000000000000e+00 1.976444500000000062e+02 1.074000000000000021e+01
2.630000000000000000e+02 6.338900000000000000e+04 2.500000000000000000e+00 8.855557000000000301e+01 1.007000000000000028e+01
2.640000000000000000e+02 6.377700000000000000e+04 2.500000000000000000e+00 6.183147000000000304e+01 1.044999999999999929e+01
2.660000000000000000e+02 6.378000000000000000e+04 1.500000000000000000e+00 1.021172499999999985e+02 1.032000000000000028e+01
2.670000000000000000e+02 6.385500000000000000e+04 3.000000000000000000e+00 4.788575699999999813e+01 9.560000000000000497e+00
2.680000000000000000e+02 6.399700000000000000e+04 2.000000000000000000e+00 1.614358499999999879e+02 1.106000000000000050e+01
2.690000000000000000e+02 6.408700000000000000e+04 2.500000000000000000e+00 1.066581299999999999e+02 1.036999999999999922e+01
2.730000000000000000e+02 6.523700000000000000e+04 3.000000000000000000e+00 7.003512999999999522e+01 9.150000000000000355e+00
2.740000000000000000e+02 6.527800000000000000e+04 3.000000000000000000e+00 7.245711500000000171e+01 9.119999999999999218e+00
2.750000000000000000e+02 6.535500000000000000e+04 3.000000000000000000e+00 6.000377699999999948e+01 8.919999999999999929e+00
2.760000000000000000e+02 6.535900000000000000e+04 3.000000000000000000e+00 6.825109999999999388e+01 9.630000000000000782e+00
2.770000000000000000e+02 6.538400000000000000e+04 2.000000000000000000e+00 1.076341100000000068e+02 9.970000000000000639e+00
2.780000000000000000e+02 6.539500000000000000e+04 2.500000000000000000e+00 1.149581799999999987e+02 1.043999999999999950e+01
2.800000000000000000e+02 6.540800000000000000e+04 0.000000000000000000e+00 1.823932000000000073e+02 1.091999999999999993e+01
2.810000000000000000e+02 6.541000000000000000e+04 5.000000000000000000e-01 8.886966999999999928e+01 1.005000000000000071e+01
2.820000000000000000e+02 6.946200000000000000e+04 3.000000000000000000e+00 4.415271800000000013e+01 9.289999999999999147e+00
2.850000000000000000e+02 6.962000000000000000e+04 3.000000000000000000e+00 4.481725000000000136e+01 9.300000000000000711e+00
2.860000000000000000e+02 6.965300000000000000e+04 3.000000000000000000e+00 4.974047999999999803e+01 8.640000000000000568e+00
2.870000000000000000e+02 6.974000000000000000e+04 -9.000000000000000000e+00 5.753976399999999813e+01 9.589999999999999858e+00
2.880000000000000000e+02 6.975200000000000000e+04 2.000000000000000000e+00 1.207470299999999952e+02 1.036999999999999922e+01
2.890000000000000000e+02 6.982200000000000000e+04 2.000000000000000000e+00 1.638438600000000065e+02 1.119999999999999929e+01
2.910000000000000000e+02 6.986400000000000000e+04 3.000000000000000000e+00 4.481224000000000274e+01 8.699999999999999289e+00
2.920000000000000000e+02 6.998600000000000000e+04 2.000000000000000000e+00 1.427874300000000005e+02 1.089000000000000057e+01
2.930000000000000000e+02 7.002200000000000000e+04 5.000000000000000000e-01 2.177155199999999979e+02 1.093999999999999950e+01
2.960000000000000000e+02 7.040300000000000000e+04 2.000000000000000000e+00 1.216865700000000032e+02 1.091000000000000014e+01
2.970000000000000000e+02 7.053200000000000000e+04 1.500000000000000000e+00 9.737427499999999725e+01 1.021000000000000085e+01
2.980000000000000000e+02 7.064000000000000000e+04 5.000000000000000000e-01 1.953615700000000004e+02 1.091000000000000014e+01
2.990000000000000000e+02 7.067000000000000000e+04 0.000000000000000000e+00 2.298682300000000112e+02 1.121000000000000085e+01
3.010000000000000000e+02 7.077700000000000000e+04 3.000000000000000000e+00 3.763060000000000116e+01 8.740000000000000213e+00
3.020000000000000000e+02 7.080200000000000000e+04 0.000000000000000000e+00 2.515208900000000085e+02 1.109999999999999964e+01
3.030000000000000000e+02 7.080800000000000000e+04 0.000000000000000000e+00 8.864072000000000173e+01 1.008000000000000007e+01
3.080000000000000000e+02 7.117800000000000000e+04 5.000000000000000000e-01 1.799675300000000107e+02 1.100000000000000000e+01
3.090000000000000000e+02 7.126900000000000000e+04 3.000000000000000000e+00 4.491109000000000151e+01 9.089999999999999858e+00
3.110000000000000000e+02 7.138200000000000000e+04 3.000000000000000000e+00 4.989450999999999681e+01 8.949999999999999289e+00
3.120000000000000000e+02 7.722600000000000000e+04 1.500000000000000000e+00 1.179542849999999987e+02 1.032000000000000028e+01
3.130000000000000000e+02 7.722700000000000000e+04 2.000000000000000000e+00 1.339329999999999927e+02 1.028999999999999915e+01
3.140000000000000000e+02 7.737300000000000000e+04 3.000000000000000000e+00 4.981411700000000309e+01 9.000000000000000000e+00
3.160000000000000000e+02 7.744600000000000000e+04 2.000000000000000000e+00 7.165502999999999645e+01 1.033000000000000007e+01
3.180000000000000000e+02 7.771000000000000000e+04 1.500000000000000000e+00 1.219692000000000007e+02 1.038000000000000078e+01
3.190000000000000000e+02 7.775400000000000000e+04 2.000000000000000000e+00 1.168576199999999972e+02 1.048000000000000043e+01
3.220000000000000000e+02 7.835500000000000000e+04 1.500000000000000000e+00 1.687759900000000073e+02 1.061999999999999922e+01
3.230000000000000000e+02 7.840600000000000000e+04 3.000000000000000000e+00 5.144142500000000240e+01 8.990000000000000213e+00
3.250000000000000000e+02 7.852300000000000000e+04 2.500000000000000000e+00 9.227973000000000070e+01 1.011999999999999922e+01
3.260000000000000000e+02 7.853000000000000000e+04 5.000000000000000000e-01 1.739488800000000026e+02 1.085999999999999943e+01
3.270000000000000000e+02 7.853100000000000000e+04 2.000000000000000000e+00 1.444002000000000123e+02 1.073000000000000043e+01
3.280000000000000000e+02 7.863400000000000000e+04 1.000000000000000000e+00 1.304205800000000011e+02 1.036999999999999922e+01
3.290000000000000000e+02 7.866700000000000000e+04 3.000000000000000000e+00 7.752976999999999919e+01 1.016000000000000014e+01
3.300000000000000000e+02 7.879100000000000000e+04 3.000000000000000000e+00 5.189078500000000105e+01 9.269999999999999574e+00
3.310000000000000000e+02 7.882700000000000000e+04 1.500000000000000000e+00 9.577957999999999572e+01 1.030000000000000071e+01
3.360000000000000000e+02 7.944400000000000000e+04 2.500000000000000000e+00 5.028573999999999700e+01 9.210000000000000853e+00
3.380000000000000000e+02 7.960100000000000000e+04 3.000000000000000000e+00 5.684449399999999741e+01 9.050000000000000711e+00
3.400000000000000000e+02 7.967000000000000000e+04 3.000000000000000000e+00 6.919150999999999385e+01 9.449999999999999289e+00
3.410000000000000000e+02 7.968900000000000000e+04 -9.000000000000000000e+00 3.734844600000000270e+01 9.179999999999999716e+00
3.420000000000000000e+02 7.969000000000000000e+04 3.000000000000000000e+00 6.072411999999999921e+01 9.509999999999999787e+00
3.430000000000000000e+02 7.969300000000000000e+04 1.500000000000000000e+00 7.568301999999999907e+01 1.007000000000000028e+01
3.460000000000000000e+02 7.971100000000000000e+04 1.000000000000000000e+00 1.302055699999999945e+02 1.032000000000000028e+01
3.480000000000000000e+02 7.973300000000000000e+04 5.000000000000000000e-01 7.689365399999999795e+01 1.023000000000000043e+01
3.500000000000000000e+02 7.975000000000000000e+04 0.000000000000000000e+00 1.769741500000000087e+02 1.098000000000000043e+01
3.510000000000000000e+02 7.977100000000000000e+04 3.000000000000000000e+00 5.716908300000000054e+01 9.019999999999999574e+00
3.530000000000000000e+02 7.985000000000000000e+04 -9.000000000000000000e+00 8.103101999999999805e+01 9.820000000000000284e+00
3.540000000000000000e+02 7.986600000000000000e+04 0.000000000000000000e+00 1.719478499999999883e+02 1.064000000000000057e+01
3.550000000000000000e+02 8.404800000000000000e+04 3.000000000000000000e+00 5.851101700000000250e+01 8.660000000000000142e+00
3.570000000000000000e+02 8.410600000000000000e+04 5.000000000000000000e-01 1.251191800000000001e+02 9.929999999999999716e+00
3.580000000000000000e+02 8.410700000000000000e+04 2.500000000000000000e+00 6.037246700000000033e+01 9.710000000000000853e+00
3.590000000000000000e+02 8.420900000000000000e+04 0.000000000000000000e+00 1.906849799999999959e+02 1.106000000000000050e+01
3.600000000000000000e+02 8.467700000000000000e+04 2.000000000000000000e+00 1.525414900000000102e+02 1.056000000000000050e+01
3.610000000000000000e+02 8.468000000000000000e+04 1.000000000000000000e+00 1.365933499999999867e+02 1.050999999999999979e+01
3.620000000000000000e+02 8.473400000000000000e+04 5.000000000000000000e-01 2.077765400000000113e+02 1.107000000000000028e+01
3.630000000000000000e+02 8.490000000000000000e+04 2.000000000000000000e+00 1.384171299999999860e+02 1.043999999999999950e+01
3.640000000000000000e+02 8.520500000000000000e+04 0.000000000000000000e+00 1.223124200000000030e+02 1.021000000000000085e+01
3.660000000000000000e+02 8.528000000000000000e+04 2.000000000000000000e+00 1.563984000000000094e+02 1.066000000000000014e+01
3.670000000000000000e+02 8.541600000000000000e+04 2.000000000000000000e+00 1.476756000000000029e+02 1.021000000000000085e+01
3.680000000000000000e+02 8.541800000000000000e+04 2.000000000000000000e+00 3.676594000000000051e+01 8.830000000000000071e+00
3.700000000000000000e+02 8.546400000000000000e+04 3.000000000000000000e+00 4.947543999999999897e+01 8.529999999999999361e+00
3.720000000000000000e+02 8.547900000000000000e+04 2.500000000000000000e+00 5.432374999999999687e+01 9.369999999999999218e+00
3.730000000000000000e+02 8.548100000000000000e+04 3.000000000000000000e+00 5.842484699999999975e+01 9.019999999999999574e+00
3.740000000000000000e+02 8.550500000000000000e+04 2.000000000000000000e+00 2.151775700000000029e+02 1.106000000000000050e+01
3.750000000000000000e+02 8.550700000000000000e+04 3.000000000000000000e+00 3.930358999999999980e+01 9.019999999999999574e+00
3.760000000000000000e+02 8.555900000000000000e+04 0.000000000000000000e+00 1.575825299999999913e+02 1.065000000000000036e+01
3.770000000000000000e+02 8.566700000000000000e+04 0.000000000000000000e+00 1.786609799999999950e+02 1.100000000000000000e+01
3.780000000000000000e+02 8.570700000000000000e+04 1.500000000000000000e+00 1.741933300000000031e+02 1.089000000000000057e+01
3.790000000000000000e+02 8.591900000000000000e+04 3.000000000000000000e+00 4.618329599999999857e+01 8.580000000000000071e+00
3.830000000000000000e+02 9.154500000000000000e+04 0.000000000000000000e+00 1.701806599999999889e+02 1.047000000000000064e+01
3.840000000000000000e+02 9.156800000000000000e+04 5.000000000000000000e-01 1.562806899999999928e+02 9.949999999999999289e+00
3.870000000000000000e+02 9.162700000000000000e+04 2.500000000000000000e+00 8.082280000000000086e+01 1.031000000000000050e+01
3.880000000000000000e+02 9.168600000000000000e+04 1.000000000000000000e+00 1.769854400000000112e+02 1.084999999999999964e+01
3.890000000000000000e+02 9.168900000000000000e+04 0.000000000000000000e+00 1.609820899999999995e+02 1.021000000000000085e+01
3.900000000000000000e+02 9.169100000000000000e+04 5.000000000000000000e-01 1.169711700000000008e+02 1.050999999999999979e+01
3.910000000000000000e+02 9.169200000000000000e+04 2.500000000000000000e+00 1.222058940000000007e+02 1.041000000000000014e+01
3.920000000000000000e+02 9.169700000000000000e+04 5.000000000000000000e-01 1.334397899999999879e+02 1.064000000000000057e+01
3.940000000000000000e+02 9.192600000000000000e+04 1.500000000000000000e+00 1.093746260000000063e+02 1.006000000000000050e+01
3.950000000000000000e+02 9.195900000000000000e+04 1.500000000000000000e+00 9.044424399999999764e+01 1.011999999999999922e+01
3.970000000000000000e+02 9.196300000000000000e+04 0.000000000000000000e+00 1.857447500000000105e+02 1.103999999999999915e+01
3.980000000000000000e+02 9.198800000000000000e+04 5.000000000000000000e-01 3.004580000000000268e+02 1.114000000000000057e+01
4.000000000000000000e+02 9.199600000000000000e+04 1.500000000000000000e+00 1.618883999999999901e+02 1.046000000000000085e+01
4.020000000000000000e+02 9.259200000000000000e+04 1.000000000000000000e+00 1.897073399999999879e+02 1.106000000000000050e+01
4.050000000000000000e+02 9.277000000000000000e+04 -9.000000000000000000e+00 9.217915999999999599e+01 9.929999999999999716e+00
4.060000000000000000e+02 9.277300000000000000e+04 0.000000000000000000e+00 1.745278600000000040e+02 1.084999999999999964e+01
4.070000000000000000e+02 9.281800000000000000e+04 3.000000000000000000e+00 4.798136000000000223e+01 8.330000000000000071e+00
4.080000000000000000e+02 9.294400000000000000e+04 3.000000000000000000e+00 7.639958000000000027e+01 9.570000000000000284e+00
4.090000000000000000e+02 9.302000000000000000e+04 1.500000000000000000e+00 5.424016600000000210e+01 9.619999999999999218e+00
4.100000000000000000e+02 9.302300000000000000e+04 2.000000000000000000e+00 1.087423859999999962e+02 1.023000000000000043e+01
4.110000000000000000e+02 9.306200000000000000e+04 2.000000000000000000e+00 9.497234000000000265e+01 1.011999999999999922e+01
4.120000000000000000e+02 9.316700000000000000e+04 3.000000000000000000e+00 6.771616000000000213e+01 9.019999999999999574e+00
4.180000000000000000e+02 9.380300000000000000e+04 0.000000000000000000e+00 1.574171299999999860e+02 1.093999999999999950e+01
4.200000000000000000e+02 9.383200000000000000e+04 3.000000000000000000e+00 5.078152000000000044e+01 9.369999999999999218e+00
4.220000000000000000e+02 9.791500000000000000e+04 5.000000000000000000e-01 2.136005100000000141e+02 1.092999999999999972e+01
4.230000000000000000e+02 9.809700000000000000e+04 1.000000000000000000e+00 1.327997900000000016e+02 1.016000000000000014e+01
4.240000000000000000e+02 9.814300000000000000e+04 3.000000000000000000e+00 4.765677300000000116e+01 8.390000000000000568e+00
4.250000000000000000e+02 9.865200000000000000e+04 3.000000000000000000e+00 3.918052000000000135e+01 8.490000000000000213e+00
4.260000000000000000e+02 9.888000000000000000e+04 0.000000000000000000e+00 2.242881299999999953e+02 1.119999999999999929e+01
4.270000000000000000e+02 9.925900000000000000e+04 3.000000000000000000e+00 5.712663700000000233e+01 9.310000000000000497e+00
4.280000000000000000e+02 9.932600000000000000e+04 3.000000000000000000e+00 6.676147000000000276e+01 8.589999999999999858e+00
4.300000000000000000e+02 9.939300000000000000e+04 2.000000000000000000e+00 6.225356000000000023e+01 9.640000000000000568e+00
4.310000000000000000e+02 9.941000000000000000e+04 3.000000000000000000e+00 5.836952999999999747e+01 8.560000000000000497e+00
4.330000000000000000e+02 9.943000000000000000e+04 3.000000000000000000e+00 5.142207700000000159e+01 9.199999999999999289e+00
4.340000000000000000e+02 9.946400000000000000e+04 3.000000000000000000e+00 5.893419999999999703e+01 9.349999999999999645e+00
4.370000000000000000e+02 9.968700000000000000e+04 1.500000000000000000e+00 1.604075300000000084e+02 1.080000000000000071e+01
4.380000000000000000e+02 9.974200000000000000e+04 1.500000000000000000e+00 1.007407000000000039e+02 1.015000000000000036e+01
4.390000000000000000e+02 9.979500000000000000e+04 3.000000000000000000e+00 4.475808700000000329e+01 8.949999999999999289e+00
4.400000000000000000e+02 1.001620000000000000e+05 3.000000000000000000e+00 5.173801799999999673e+01 9.150000000000000355e+00
4.420000000000000000e+02 1.001920000000000000e+05 3.000000000000000000e+00 5.583114599999999683e+01 9.330000000000000071e+00
4.430000000000000000e+02 1.054200000000000000e+05 2.000000000000000000e+00 1.127502400000000051e+02 1.038000000000000078e+01
4.440000000000000000e+02 1.054470000000000000e+05 1.500000000000000000e+00 8.618062600000000373e+01 1.010999999999999943e+01
4.450000000000000000e+02 1.055190000000000000e+05 1.000000000000000000e+00 1.266259160000000037e+02 1.033999999999999986e+01
4.490000000000000000e+02 1.057380000000000000e+05 1.000000000000000000e+00 9.966447999999999752e+01 1.050000000000000000e+01
4.500000000000000000e+02 1.059620000000000000e+05 3.000000000000000000e+00 7.698843999999999710e+01 8.960000000000000853e+00
4.530000000000000000e+02 1.060470000000000000e+05 1.500000000000000000e+00 1.029712140000000034e+02 1.014000000000000057e+01
4.560000000000000000e+02 1.063310000000000000e+05 3.000000000000000000e+00 8.725766000000000133e+01 9.609999999999999432e+00
4.570000000000000000e+02 1.063430000000000000e+05 3.000000000000000000e+00 4.836179400000000328e+01 9.119999999999999218e+00
4.590000000000000000e+02 1.063890000000000000e+05 2.000000000000000000e+00 1.178590999999999980e+02 1.019999999999999929e+01
4.600000000000000000e+02 1.065070000000000000e+05 3.000000000000000000e+00 1.047257699999999971e+02 1.022000000000000064e+01
4.610000000000000000e+02 1.065490000000000000e+05 5.000000000000000000e-01 7.265036000000000627e+01 1.026999999999999957e+01
4.620000000000000000e+02 1.066160000000000000e+05 3.000000000000000000e+00 6.552295999999999765e+01 9.660000000000000142e+00
4.630000000000000000e+02 1.066340000000000000e+05 2.500000000000000000e+00 1.010479660000000024e+02 1.015000000000000036e+01
4.660000000000000000e+02 1.068100000000000000e+05 1.500000000000000000e+00 1.857829999999999870e+02 1.074000000000000021e+01
4.670000000000000000e+02 1.068390000000000000e+05 1.000000000000000000e+00 1.706944300000000112e+02 1.053999999999999915e+01
4.680000000000000000e+02 1.069080000000000000e+05 2.500000000000000000e+00 1.068387299999999982e+02 1.076999999999999957e+01
4.690000000000000000e+02 1.071350000000000000e+05 1.000000000000000000e+00 2.413954999999999984e+02 1.110999999999999943e+01
4.720000000000000000e+02 1.072590000000000000e+05 3.000000000000000000e+00 5.777244000000000312e+01 9.289999999999999147e+00
4.730000000000000000e+02 1.073950000000000000e+05 3.000000000000000000e+00 7.553100999999999487e+01 9.580000000000000071e+00
4.740000000000000000e+02 1.074540000000000000e+05 -9.000000000000000000e+00 5.974640999999999735e+01 9.820000000000000284e+00
4.750000000000000000e+02 1.075030000000000000e+05 2.500000000000000000e+00 6.671725000000000705e+01 9.640000000000000568e+00
4.760000000000000000e+02 1.075090000000000000e+05 2.000000000000000000e+00 8.445466000000000406e+01 1.068999999999999950e+01
4.780000000000000000e+02 1.075940000000000000e+05 3.000000000000000000e+00 5.366651499999999686e+01 8.929999999999999716e+00
4.790000000000000000e+02 1.077990000000000000e+05 3.000000000000000000e+00 7.339186999999999728e+01 9.599999999999999645e+00
4.800000000000000000e+02 1.078240000000000000e+05 2.000000000000000000e+00 1.285838799999999935e+02 1.034999999999999964e+01
4.860000000000000000e+02 1.363080000000000000e+05 1.500000000000000000e+00 1.642129700000000128e+02 1.050999999999999979e+01
4.890000000000000000e+02 1.366050000000000000e+05 0.000000000000000000e+00 2.370084699999999884e+02 1.101999999999999957e+01
4.900000000000000000e+02 1.366160000000000000e+05 1.000000000000000000e+00 1.950302700000000016e+02 1.065000000000000036e+01
4.910000000000000000e+02 1.366240000000000000e+05 1.000000000000000000e+00 1.218985299999999938e+02 1.027999999999999936e+01
4.920000000000000000e+02 1.366260000000000000e+05 3.000000000000000000e+00 7.999454000000000065e+01 1.000999999999999979e+01
4.930000000000000000e+02 1.366720000000000000e+05 3.000000000000000000e+00 5.243976599999999877e+01 9.160000000000000142e+00
4.940000000000000000e+02 1.366880000000000000e+05 2.000000000000000000e+00 1.335011700000000019e+02 1.047000000000000064e+01
4.960000000000000000e+02 1.368410000000000000e+05 1.000000000000000000e+00 1.424765500000000031e+02 1.048000000000000043e+01
4.970000000000000000e+02 1.368420000000000000e+05 0.000000000000000000e+00 1.732145999999999901e+02 1.080000000000000071e+01
4.980000000000000000e+02 1.368470000000000000e+05 1.500000000000000000e+00 1.539675400000000138e+02 1.065000000000000036e+01
4.990000000000000000e+02 1.368560000000000000e+05 -9.000000000000000000e+00 6.565286999999999296e+01 9.029999999999999361e+00
5.010000000000000000e+02 1.368710000000000000e+05 5.000000000000000000e-01 9.126349000000000444e+01 9.730000000000000426e+00
5.020000000000000000e+02 1.368800000000000000e+05 1.500000000000000000e+00 6.174490399999999823e+01 9.779999999999999361e+00
5.030000000000000000e+02 1.368810000000000000e+05 1.500000000000000000e+00 6.551129000000000246e+01 9.550000000000000711e+00
5.050000000000000000e+02 1.369170000000000000e+05 3.000000000000000000e+00 5.087851299999999810e+01 9.109999999999999432e+00
5.060000000000000000e+02 1.369180000000000000e+05 3.000000000000000000e+00 6.633443499999999915e+01 9.449999999999999289e+00
5.070000000000000000e+02 1.369660000000000000e+05 3.000000000000000000e+00 4.499822199999999839e+01 8.699999999999999289e+00
5.090000000000000000e+02 1.370370000000000000e+05 5.000000000000000000e-01 2.906467299999999909e+02 1.124000000000000021e+01
5.100000000000000000e+02 1.370710000000000000e+05 3.000000000000000000e+00 3.514000000000000057e+01 8.710000000000000853e+00
5.120000000000000000e+02 1.373280000000000000e+05 1.500000000000000000e+00 1.258091050000000024e+02 1.030000000000000071e+01
5.130000000000000000e+02 1.373500000000000000e+05 3.000000000000000000e+00 3.843995699999999971e+01 8.669999999999999929e+00
5.150000000000000000e+02 1.377890000000000000e+05 3.000000000000000000e+00 4.271199800000000124e+01 8.570000000000000284e+00
5.160000000000000000e+02 1.378090000000000000e+05 2.000000000000000000e+00 1.828639200000000073e+02 1.073000000000000043e+01
5.180000000000000000e+02 1.378410000000000000e+05 1.000000000000000000e+00 4.020203399999999760e+01 8.900000000000000355e+00
5.190000000000000000e+02 1.378470000000000000e+05 3.000000000000000000e+00 3.623292000000000002e+01 9.160000000000000142e+00
5.200000000000000000e+02 1.380470000000000000e+05 3.000000000000000000e+00 4.933817700000000173e+01 9.349999999999999645e+00
5.260000000000000000e+02 1.382910000000000000e+05 -9.000000000000000000e+00 5.398996700000000004e+01 9.300000000000000711e+00
5.270000000000000000e+02 1.383810000000000000e+05 3.000000000000000000e+00 5.779225000000000279e+01 9.400000000000000355e+00
5.280000000000000000e+02 1.391230000000000000e+05 1.500000000000000000e+00 1.751780500000000131e+02 1.077999999999999936e+01
5.300000000000000000e+02 1.432270000000000000e+05 1.500000000000000000e+00 1.420730900000000076e+02 1.049000000000000021e+01
5.320000000000000000e+02 1.432910000000000000e+05 0.000000000000000000e+00 1.268328800000000030e+02 1.016999999999999993e+01
5.350000000000000000e+02 1.434990000000000000e+05 3.000000000000000000e+00 5.839700700000000211e+01 8.740000000000000213e+00
5.370000000000000000e+02 1.436050000000000000e+05 2.500000000000000000e+00 1.365970599999999990e+02 1.056000000000000050e+01
5.380000000000000000e+02 1.437350000000000000e+05 5.000000000000000000e-01 1.571748399999999890e+02 1.094999999999999929e+01
5.390000000000000000e+02 1.437360000000000000e+05 1.500000000000000000e+00 1.963121299999999962e+02 1.096000000000000085e+01
5.400000000000000000e+02 1.437460000000000000e+05 1.500000000000000000e+00 1.181271739999999966e+02 1.066000000000000014e+01
5.420000000000000000e+02 1.438140000000000000e+05 3.000000000000000000e+00 4.461664999999999992e+01 9.339999999999999858e+00
5.430000000000000000e+02 1.439180000000000000e+05 1.000000000000000000e+00 9.373381000000000540e+01 9.980000000000000426e+00
5.440000000000000000e+02 1.440510000000000000e+05 2.000000000000000000e+00 7.922903399999999863e+01 1.016000000000000014e+01
5.450000000000000000e+02 1.440730000000000000e+05 3.000000000000000000e+00 1.413255000000000052e+02 1.059999999999999964e+01
5.490000000000000000e+02 1.441970000000000000e+05 3.000000000000000000e+00 4.830016299999999774e+01 9.130000000000000782e+00
5.530000000000000000e+02 1.443200000000000000e+05 -9.000000000000000000e+00 1.027700300000000055e+02 1.026999999999999957e+01
5.540000000000000000e+02 1.443270000000000000e+05 2.000000000000000000e+00 1.277136399999999981e+02 1.078999999999999915e+01
5.550000000000000000e+02 1.443350000000000000e+05 1.000000000000000000e+00 2.101167800000000057e+02 1.108999999999999986e+01
5.560000000000000000e+02 1.443380000000000000e+05 3.000000000000000000e+00 3.687840299999999871e+01 8.699999999999999289e+00
5.570000000000000000e+02 1.444020000000000000e+05 2.500000000000000000e+00 1.148698799999999949e+02 1.025000000000000000e+01
5.580000000000000000e+02 1.444650000000000000e+05 5.000000000000000000e+00 4.906618999999999886e+01 8.640000000000000568e+00
5.590000000000000000e+02 1.444800000000000000e+05 3.000000000000000000e+00 5.213108400000000131e+01 8.349999999999999645e+00
5.610000000000000000e+02 1.444970000000000000e+05 -9.000000000000000000e+00 5.484612299999999863e+01 9.279999999999999361e+00
5.630000000000000000e+02 1.446400000000000000e+05 1.000000000000000000e+00 1.897646300000000110e+02 1.108000000000000007e+01
5.650000000000000000e+02 1.446900000000000000e+05 1.500000000000000000e+00 1.168754399999999976e+02 1.040000000000000036e+01
5.660000000000000000e+02 1.448460000000000000e+05 3.000000000000000000e+00 5.642304200000000236e+01 1.001999999999999957e+01
5.670000000000000000e+02 1.450730000000000000e+05 3.000000000000000000e+00 5.028215800000000257e+01 9.320000000000000284e+00
5.700000000000000000e+02 1.455830000000000000e+05 3.000000000000000000e+00 5.708286999999999978e+01 9.390000000000000568e+00
5.710000000000000000e+02 1.457290000000000000e+05 1.500000000000000000e+00 1.206952059999999989e+02 1.040000000000000036e+01
5.740000000000000000e+02 1.769550000000000000e+05 2.500000000000000000e+00 1.302250799999999913e+02 1.061999999999999922e+01
5.750000000000000000e+02 1.769690000000000000e+05 3.000000000000000000e+00 7.874309999999999832e+01 8.279999999999999361e+00
5.770000000000000000e+02 1.770100000000000000e+05 1.500000000000000000e+00 1.500908399999999858e+02 1.055000000000000071e+01
5.780000000000000000e+02 1.770460000000000000e+05 3.000000000000000000e+00 4.469531200000000126e+01 8.169999999999999929e+00
5.790000000000000000e+02 1.770810000000000000e+05 3.000000000000000000e+00 5.199123800000000273e+01 8.919999999999999929e+00
5.810000000000000000e+02 1.771430000000000000e+05 2.000000000000000000e+00 1.427823999999999955e+02 1.043999999999999950e+01
5.830000000000000000e+02 1.772970000000000000e+05 -9.000000000000000000e+00 4.205926500000000345e+01 9.000000000000000000e+00
5.840000000000000000e+02 1.773030000000000000e+05 2.000000000000000000e+00 1.056498899999999992e+02 1.042999999999999972e+01
5.860000000000000000e+02 1.773540000000000000e+05 3.000000000000000000e+00 5.673785999999999774e+01 8.849999999999999645e+00
5.870000000000000000e+02 1.774810000000000000e+05 3.000000000000000000e+00 4.317537999999999698e+01 8.839999999999999858e+00
5.880000000000000000e+02 1.775180000000000000e+05 3.000000000000000000e+00 6.232900599999999969e+01 7.629999999999999893e+00
5.890000000000000000e+02 1.779690000000000000e+05 0.000000000000000000e+00 2.348963799999999935e+02 1.102999999999999936e+01
5.920000000000000000e+02 1.781970000000000000e+05 2.000000000000000000e+00 9.135871000000000208e+01 1.007000000000000028e+01
5.930000000000000000e+02 1.782100000000000000e+05 3.000000000000000000e+00 4.172966399999999965e+01 8.279999999999999361e+00
5.990000000000000000e+02 1.785850000000000000e+05 3.000000000000000000e+00 3.830623200000000139e+01 8.369999999999999218e+00
6.020000000000000000e+02 1.795840000000000000e+05 2.500000000000000000e+00 7.927592500000000086e+01 1.051999999999999957e+01
6.040000000000000000e+02 1.796650000000000000e+05 3.000000000000000000e+00 3.984380000000000166e+01 8.410000000000000142e+00
6.060000000000000000e+02 1.840420000000000000e+05 0.000000000000000000e+00 2.858870000000000005e+02 1.138000000000000078e+01
6.070000000000000000e+02 1.840460000000000000e+05 0.000000000000000000e+00 2.570724500000000035e+02 1.096000000000000085e+01
6.090000000000000000e+02 1.842020000000000000e+05 1.000000000000000000e+00 1.807091000000000065e+02 1.088000000000000078e+01
6.100000000000000000e+02 1.842300000000000000e+05 3.000000000000000000e+00 5.285170399999999802e+01 1.041000000000000014e+01
6.110000000000000000e+02 1.842340000000000000e+05 3.000000000000000000e+00 4.390834000000000259e+01 9.009999999999999787e+00
6.120000000000000000e+02 1.842370000000000000e+05 3.000000000000000000e+00 9.845416000000000167e+01 9.419999999999999929e+00
6.140000000000000000e+02 1.842810000000000000e+05 3.000000000000000000e+00 9.694691500000000417e+01 8.539999999999999147e+00
6.150000000000000000e+02 1.842830000000000000e+05 3.000000000000000000e+00 7.674225599999999758e+01 8.789999999999999147e+00
6.170000000000000000e+02 1.843660000000000000e+05 1.500000000000000000e+00 5.809678999999999860e+01 9.460000000000000853e+00
6.190000000000000000e+02 1.843700000000000000e+05 3.000000000000000000e+00 4.743062599999999662e+01 9.650000000000000355e+00
6.200000000000000000e+02 1.844150000000000000e+05 3.000000000000000000e+00 5.571308499999999952e+01 9.560000000000000497e+00
6.210000000000000000e+02 1.846480000000000000e+05 0.000000000000000000e+00 1.602250699999999881e+02 1.059999999999999964e+01
6.220000000000000000e+02 1.846890000000000000e+05 1.500000000000000000e+00 2.234347799999999893e+02 1.107000000000000028e+01
6.230000000000000000e+02 1.847180000000000000e+05 3.000000000000000000e+00 4.522307599999999894e+01 8.269999999999999574e+00
6.240000000000000000e+02 1.848340000000000000e+05 3.000000000000000000e+00 5.122231699999999677e+01 8.349999999999999645e+00
6.250000000000000000e+02 1.850850000000000000e+05 1.000000000000000000e+00 1.891346000000000060e+02 1.096000000000000085e+01
6.260000000000000000e+02 1.851900000000000000e+05 3.000000000000000000e+00 4.816999400000000264e+01 9.009999999999999787e+00
6.270000000000000000e+02 1.852240000000000000e+05 1.000000000000000000e+00 1.956391299999999944e+02 1.098000000000000043e+01
6.280000000000000000e+02 1.852520000000000000e+05 3.000000000000000000e+00 8.629743000000000563e+01 8.460000000000000853e+00
6.290000000000000000e+02 1.852820000000000000e+05 2.000000000000000000e+00 8.010047000000000139e+01 1.010999999999999943e+01
6.320000000000000000e+02 1.853650000000000000e+05 5.000000000000000000e-01 1.002736600000000067e+02 1.039000000000000057e+01
6.330000000000000000e+02 1.853760000000000000e+05 3.000000000000000000e+00 4.600513500000000278e+01 8.849999999999999645e+00
6.370000000000000000e+02 1.855670000000000000e+05 5.000000000000000000e-01 2.168021099999999990e+02 1.090000000000000036e+01
6.380000000000000000e+02 1.855690000000000000e+05 3.000000000000000000e+00 4.664891399999999777e+01 8.240000000000000213e+00
6.400000000000000000e+02 1.857950000000000000e+05 3.000000000000000000e+00 9.411476000000000397e+01 1.017999999999999972e+01
6.410000000000000000e+02 1.858630000000000000e+05 3.000000000000000000e+00 6.009421999999999997e+01 8.910000000000000142e+00
6.420000000000000000e+02 1.859140000000000000e+05 5.000000000000000000e-01 1.976908099999999990e+02 1.116000000000000014e+01
6.440000000000000000e+02 1.863800000000000000e+05 3.000000000000000000e+00 4.059161999999999892e+01 8.929999999999999716e+00
6.450000000000000000e+02 1.864060000000000000e+05 3.000000000000000000e+00 4.338069500000000289e+01 9.580000000000000071e+00
6.470000000000000000e+02 1.864700000000000000e+05 1.000000000000000000e+00 1.414544699999999864e+02 1.049000000000000021e+01
6.480000000000000000e+02 1.865730000000000000e+05 1.500000000000000000e+00 1.486748699999999985e+02 1.040000000000000036e+01
6.490000000000000000e+02 1.867170000000000000e+05 3.000000000000000000e+00 4.896886400000000350e+01 8.929999999999999716e+00
6.510000000000000000e+02 1.868030000000000000e+05 2.500000000000000000e+00 5.683588000000000306e+01 9.769999999999999574e+00
6.520000000000000000e+02 1.868330000000000000e+05 3.000000000000000000e+00 6.027929000000000315e+01 8.720000000000000639e+00
6.530000000000000000e+02 1.868610000000000000e+05 3.000000000000000000e+00 5.778907999999999845e+01 8.880000000000000782e+00
6.540000000000000000e+02 1.974190000000000000e+05 3.000000000000000000e+00 4.890502000000000038e+01 9.300000000000000711e+00
6.560000000000000000e+02 1.978430000000000000e+05 3.000000000000000000e+00 6.686759000000000697e+01 9.169999999999999929e+00
6.570000000000000000e+02 1.978660000000000000e+05 2.000000000000000000e+00 9.926539599999999552e+01 1.030000000000000071e+01
6.580000000000000000e+02 1.983430000000000000e+05 1.000000000000000000e+00 2.112237399999999923e+02 1.048000000000000043e+01
6.590000000000000000e+02 1.985030000000000000e+05 3.000000000000000000e+00 4.437695999999999685e+01 8.580000000000000071e+00
6.610000000000000000e+02 1.986310000000000000e+05 1.000000000000000000e+00 1.440604099999999903e+02 1.049000000000000021e+01
6.630000000000000000e+02 1.988170000000000000e+05 2.000000000000000000e+00 8.627779400000000010e+01 1.008999999999999986e+01
6.640000000000000000e+02 2.023090000000000000e+05 3.000000000000000000e+00 8.296960400000000391e+01 9.410000000000000142e+00
6.660000000000000000e+02 2.023600000000000000e+05 2.000000000000000000e+00 1.018110099999999960e+02 1.039000000000000057e+01
6.670000000000000000e+02 2.023730000000000000e+05 3.000000000000000000e+00 8.095653000000000077e+01 9.060000000000000497e+00
6.680000000000000000e+02 2.023980000000000000e+05 2.000000000000000000e+00 1.044203949999999992e+02 1.059999999999999964e+01
6.690000000000000000e+02 2.023990000000000000e+05 1.000000000000000000e+00 1.780837400000000059e+02 1.094999999999999929e+01
6.700000000000000000e+02 2.024430000000000000e+05 2.000000000000000000e+00 1.023870200000000068e+02 1.017999999999999972e+01
6.710000000000000000e+02 2.024640000000000000e+05 1.500000000000000000e+00 8.665963000000000704e+01 1.001999999999999957e+01
6.720000000000000000e+02 2.024800000000000000e+05 5.000000000000000000e-01 1.945334599999999909e+02 1.056000000000000050e+01
6.730000000000000000e+02 2.025310000000000000e+05 2.500000000000000000e+00 7.878609000000000151e+01 9.859999999999999432e+00
6.740000000000000000e+02 2.026360000000000000e+05 3.000000000000000000e+00 5.859740000000000038e+01 9.730000000000000426e+00
6.760000000000000000e+02 2.027450000000000000e+05 1.500000000000000000e+00 1.594582499999999925e+02 1.065000000000000036e+01
6.780000000000000000e+02 2.031140000000000000e+05 2.000000000000000000e+00 1.792213700000000074e+02 1.091000000000000014e+01
6.790000000000000000e+02 2.031400000000000000e+05 1.000000000000000000e+00 1.887220599999999990e+02 1.092999999999999972e+01
6.800000000000000000e+02 2.031480000000000000e+05 3.000000000000000000e+00 4.123745699999999914e+01 9.269999999999999574e+00
6.810000000000000000e+02 2.036090000000000000e+05 3.000000000000000000e+00 5.906286999999999665e+01 9.009999999999999787e+00
6.820000000000000000e+02 2.036840000000000000e+05 3.000000000000000000e+00 6.993591999999999587e+01 9.189999999999999503e+00
6.830000000000000000e+02 2.037290000000000000e+05 2.500000000000000000e+00 6.354934000000000083e+01 9.439999999999999503e+00
6.840000000000000000e+02 2.038330000000000000e+05 0.000000000000000000e+00 2.071189999999999998e+02 1.090000000000000036e+01
6.850000000000000000e+02 2.039980000000000000e+05 3.000000000000000000e+00 5.184874299999999891e+01 8.929999999999999716e+00
6.860000000000000000e+02 2.040930000000000000e+05 1.000000000000000000e+00 1.833781299999999987e+02 1.091999999999999993e+01
6.870000000000000000e+02 2.040960000000000000e+05 3.000000000000000000e+00 7.134866999999999848e+01 9.980000000000000426e+00
6.880000000000000000e+02 2.044900000000000000e+05 2.000000000000000000e+00 1.571850000000000023e+02 1.092999999999999972e+01
6.900000000000000000e+02 2.048320000000000000e+05 0.000000000000000000e+00 6.341161999999999921e+01 1.007000000000000028e+01
6.910000000000000000e+02 2.048360000000000000e+05 -9.000000000000000000e+00 5.017732600000000076e+01 1.065000000000000036e+01
6.920000000000000000e+02 2.048680000000000000e+05 5.000000000000000000e+00 7.627661000000000513e+01 9.490000000000000213e+00
6.940000000000000000e+02 2.048770000000000000e+05 0.000000000000000000e+00 7.818606599999999673e+01 1.021000000000000085e+01
6.950000000000000000e+02 2.049060000000000000e+05 2.000000000000000000e+00 8.711634999999999707e+01 1.035999999999999943e+01
6.960000000000000000e+02 2.049830000000000000e+05 1.000000000000000000e+00 1.451852000000000089e+02 1.051999999999999957e+01
6.970000000000000000e+02 2.050200000000000000e+05 1.500000000000000000e+00 1.514531200000000126e+02 1.031000000000000050e+01
7.000000000000000000e+02 2.050890000000000000e+05 1.000000000000000000e+00 1.275061649999999958e+02 1.040000000000000036e+01
7.010000000000000000e+02 2.050970000000000000e+05 2.000000000000000000e+00 1.038774899999999946e+02 1.047000000000000064e+01
7.020000000000000000e+02 2.051510000000000000e+05 2.500000000000000000e+00 6.022023800000000193e+01 9.599999999999999645e+00
7.030000000000000000e+02 2.051610000000000000e+05 1.000000000000000000e+00 2.649148000000000138e+02 1.114000000000000057e+01
7.040000000000000000e+02 2.051660000000000000e+05 1.500000000000000000e+00 5.836690999999999718e+01 9.839999999999999858e+00
7.050000000000000000e+02 2.051680000000000000e+05 1.000000000000000000e+00 1.177559899999999971e+02 1.025999999999999979e+01
7.060000000000000000e+02 2.052080000000000000e+05 1.000000000000000000e+00 1.048730850000000032e+02 1.008999999999999986e+01
7.070000000000000000e+02 2.052110000000000000e+05 5.000000000000000000e-01 1.308561100000000010e+02 1.042999999999999972e+01
7.080000000000000000e+02 2.085200000000000000e+05 3.000000000000000000e+00 6.071412699999999774e+01 9.650000000000000355e+00
7.090000000000000000e+02 2.085890000000000000e+05 2.000000000000000000e+00 9.753875999999999635e+01 1.056000000000000050e+01
7.100000000000000000e+02 2.086120000000000000e+05 3.000000000000000000e+00 4.229057999999999851e+01 8.490000000000000213e+00
7.110000000000000000e+02 2.086520000000000000e+05 0.000000000000000000e+00 1.538418000000000063e+02 1.100000000000000000e+01
7.130000000000000000e+02 2.088760000000000000e+05 1.000000000000000000e+00 1.547609400000000051e+02 1.039000000000000057e+01
7.150000000000000000e+02 2.091810000000000000e+05 3.000000000000000000e+00 8.051037599999999372e+01 1.030000000000000071e+01
7.160000000000000000e+02 2.091850000000000000e+05 5.000000000000000000e-01 1.767521800000000098e+02 1.073000000000000043e+01
7.170000000000000000e+02 2.092790000000000000e+05 3.000000000000000000e+00 5.679593299999999800e+01 9.410000000000000142e+00
7.180000000000000000e+02 2.093190000000000000e+05 3.000000000000000000e+00 6.775222999999999729e+01 8.500000000000000000e+00
7.210000000000000000e+02 2.096800000000000000e+05 0.000000000000000000e+00 1.996439699999999959e+02 1.110999999999999943e+01
7.220000000000000000e+02 2.096970000000000000e+05 2.000000000000000000e+00 1.237867099999999994e+02 1.025999999999999979e+01
7.230000000000000000e+02 2.096980000000000000e+05 2.000000000000000000e+00 1.053366850000000028e+02 1.042999999999999972e+01
7.240000000000000000e+02 2.097010000000000000e+05 2.000000000000000000e+00 1.753366100000000074e+02 1.078999999999999915e+01
7.260000000000000000e+02 2.097430000000000000e+05 3.000000000000000000e+00 1.052476350000000025e+02 1.016000000000000014e+01
7.270000000000000000e+02 2.098070000000000000e+05 2.000000000000000000e+00 1.427886000000000024e+02 1.081000000000000050e+01
7.290000000000000000e+02 2.100700000000000000e+05 -9.000000000000000000e+00 5.333024600000000248e+01 9.820000000000000284e+00
7.300000000000000000e+02 2.102280000000000000e+05 1.500000000000000000e+00 1.739143200000000036e+02 1.067999999999999972e+01
7.310000000000000000e+02 2.103750000000000000e+05 1.000000000000000000e+00 1.775111100000000022e+02 1.053999999999999915e+01
7.320000000000000000e+02 2.104670000000000000e+05 0.000000000000000000e+00 1.773372799999999927e+02 1.063000000000000078e+01
7.330000000000000000e+02 2.105670000000000000e+05 3.000000000000000000e+00 6.024975599999999787e+01 9.480000000000000426e+00
7.340000000000000000e+02 2.106110000000000000e+05 2.000000000000000000e+00 8.789485000000000525e+01 1.050999999999999979e+01
7.350000000000000000e+02 2.106600000000000000e+05 2.000000000000000000e+00 8.207979000000000269e+01 9.839999999999999858e+00
7.360000000000000000e+02 2.107810000000000000e+05 3.000000000000000000e+00 7.543765000000000498e+01 1.022000000000000064e+01
7.370000000000000000e+02 2.108080000000000000e+05 3.000000000000000000e+00 6.048694600000000321e+01 8.410000000000000142e+00
7.380000000000000000e+02 2.109090000000000000e+05 3.000000000000000000e+00 5.798044000000000153e+01 8.439999999999999503e+00
7.410000000000000000e+02 2.142110000000000000e+05 5.000000000000000000e-01 1.448746800000000121e+02 1.090000000000000036e+01
7.440000000000000000e+02 2.142950000000000000e+05 1.500000000000000000e+00 1.468203900000000033e+02 1.049000000000000021e+01
7.450000000000000000e+02 2.143630000000000000e+05 1.000000000000000000e+00 1.876139400000000137e+02 1.099000000000000021e+01
7.460000000000000000e+02 2.144620000000000000e+05 3.000000000000000000e+00 5.020624000000000109e+01 9.599999999999999645e+00
7.470000000000000000e+02 2.148600000000000000e+05 3.000000000000000000e+00 8.671501000000000658e+01 9.750000000000000000e+00
7.480000000000000000e+02 2.148950000000000000e+05 1.000000000000000000e+00 1.332488999999999919e+02 1.026999999999999957e+01
7.490000000000000000e+02 2.150530000000000000e+05 2.000000000000000000e+00 9.222687999999999420e+01 1.005000000000000071e+01
7.500000000000000000e+02 2.152890000000000000e+05 0.000000000000000000e+00 1.792809000000000026e+02 1.081000000000000050e+01
7.510000000000000000e+02 2.152920000000000000e+05 3.000000000000000000e+00 1.222586440000000039e+02 1.008999999999999986e+01
7.520000000000000000e+02 2.153350000000000000e+05 2.000000000000000000e+00 6.180760000000000076e+01 1.008999999999999986e+01
7.530000000000000000e+02 2.155790000000000000e+05 2.000000000000000000e+00 1.527139899999999955e+02 1.075000000000000000e+01
7.550000000000000000e+02 2.161110000000000000e+05 2.000000000000000000e+00 9.239560000000000173e+01 1.008999999999999986e+01
7.560000000000000000e+02 2.161430000000000000e+05 3.000000000000000000e+00 8.074711600000000544e+01 8.269999999999999574e+00
7.570000000000000000e+02 2.161490000000000000e+05 1.000000000000000000e+00 2.202519499999999937e+02 1.063000000000000078e+01
7.580000000000000000e+02 2.161550000000000000e+05 2.500000000000000000e+00 1.268125699999999938e+02 1.027999999999999936e+01
7.590000000000000000e+02 2.161840000000000000e+05 0.000000000000000000e+00 1.510646500000000003e+02 1.050999999999999979e+01
7.600000000000000000e+02 2.163960000000000000e+05 1.000000000000000000e+00 2.035241499999999917e+02 1.072000000000000064e+01
7.610000000000000000e+02 2.164010000000000000e+05 -9.000000000000000000e+00 1.144153100000000052e+02 1.048000000000000043e+01
7.640000000000000000e+02 2.168430000000000000e+05 3.000000000000000000e+00 5.109306699999999779e+01 9.259999999999999787e+00
7.650000000000000000e+02 2.186810000000000000e+05 3.000000000000000000e+00 7.911830000000000496e+01 9.910000000000000142e+00
7.660000000000000000e+02 2.187130000000000000e+05 1.500000000000000000e+00 9.975360999999999478e+01 1.002999999999999936e+01
7.680000000000000000e+02 2.199920000000000000e+05 1.000000000000000000e+00 1.402216500000000110e+02 1.044999999999999929e+01
7.690000000000000000e+02 2.201120000000000000e+05 0.000000000000000000e+00 7.985235600000000034e+01 1.011999999999999922e+01
7.700000000000000000e+02 2.201260000000000000e+05 3.000000000000000000e+00 4.439336800000000238e+01 8.759999999999999787e+00
7.710000000000000000e+02 2.201700000000000000e+05 3.000000000000000000e+00 5.938160299999999836e+01 8.990000000000000213e+00
7.720000000000000000e+02 2.202170000000000000e+05 2.500000000000000000e+00 6.506895000000000095e+01 1.042999999999999972e+01
7.730000000000000000e+02 2.202180000000000000e+05 0.000000000000000000e+00 1.225845000000000056e+02 1.050000000000000000e+01
7.740000000000000000e+02 2.202270000000000000e+05 -9.000000000000000000e+00 4.360320999999999714e+01 8.740000000000000213e+00
7.750000000000000000e+02 2.202750000000000000e+05 3.000000000000000000e+00 5.861470400000000325e+01 9.140000000000000568e+00
7.790000000000000000e+02 2.203280000000000000e+05 1.000000000000000000e+00 8.173632000000000630e+01 9.800000000000000711e+00
7.800000000000000000e+02 2.203300000000000000e+05 2.500000000000000000e+00 6.766910599999999931e+01 9.560000000000000497e+00
7.810000000000000000e+02 2.203320000000000000e+05 2.500000000000000000e+00 6.521529400000000010e+01 9.699999999999999289e+00
7.830000000000000000e+02 2.203710000000000000e+05 3.000000000000000000e+00 4.516436000000000206e+01 9.529999999999999361e+00
7.840000000000000000e+02 2.203720000000000000e+05 3.000000000000000000e+00 5.494411000000000200e+01 9.060000000000000497e+00
7.850000000000000000e+02 2.203740000000000000e+05 2.500000000000000000e+00 6.470565999999999462e+01 9.279999999999999361e+00
7.860000000000000000e+02 2.203750000000000000e+05 3.000000000000000000e+00 4.878809400000000096e+01 9.189999999999999503e+00
7.870000000000000000e+02 2.203830000000000000e+05 3.000000000000000000e+00 5.356524699999999939e+01 8.500000000000000000e+00
7.880000000000000000e+02 2.203940000000000000e+05 1.000000000000000000e+00 1.074921099999999967e+02 1.030000000000000071e+01
7.890000000000000000e+02 2.203960000000000000e+05 1.500000000000000000e+00 1.572701099999999883e+02 1.051999999999999957e+01
7.900000000000000000e+02 2.204370000000000000e+05 0.000000000000000000e+00 2.050074999999999932e+02 1.108999999999999986e+01
7.910000000000000000e+02 2.204390000000000000e+05 3.000000000000000000e+00 5.951330999999999705e+01 9.539999999999999147e+00
7.920000000000000000e+02 2.204500000000000000e+05 3.000000000000000000e+00 1.016954039999999964e+02 8.330000000000000071e+00
7.930000000000000000e+02 2.204650000000000000e+05 5.000000000000000000e-01 2.408326600000000042e+02 1.131000000000000050e+01
7.940000000000000000e+02 2.204990000000000000e+05 1.000000000000000000e+00 1.370216000000000065e+02 1.068999999999999950e+01
7.950000000000000000e+02 2.205020000000000000e+05 1.000000000000000000e+00 1.590316500000000133e+02 1.036999999999999922e+01
7.970000000000000000e+02 2.205780000000000000e+05 3.000000000000000000e+00 5.000308600000000325e+01 8.980000000000000426e+00
8.010000000000000000e+02 2.209510000000000000e+05 3.000000000000000000e+00 6.362698699999999974e+01 9.740000000000000213e+00
8.030000000000000000e+02 2.210500000000000000e+05 3.000000000000000000e+00 5.630079299999999876e+01 9.720000000000000639e+00
8.060000000000000000e+02 2.213690000000000000e+05 3.000000000000000000e+00 5.621640399999999715e+01 8.640000000000000568e+00
8.090000000000000000e+02 2.270360000000000000e+05 3.000000000000000000e+00 7.383615000000000350e+01 9.560000000000000497e+00
8.100000000000000000e+02 2.270790000000000000e+05 3.000000000000000000e+00 4.526469999999999771e+01 8.500000000000000000e+00
8.110000000000000000e+02 2.271230000000000000e+05 2.000000000000000000e+00 1.083285699999999991e+02 1.017999999999999972e+01
8.140000000000000000e+02 2.271760000000000000e+05 3.000000000000000000e+00 5.757974600000000009e+01 9.519999999999999574e+00
8.150000000000000000e+02 2.272230000000000000e+05 3.000000000000000000e+00 7.945722000000000662e+01 1.031000000000000050e+01
8.170000000000000000e+02 2.272640000000000000e+05 1.500000000000000000e+00 1.308560999999999979e+02 1.041000000000000014e+01
8.190000000000000000e+02 2.272780000000000000e+05 1.000000000000000000e+00 1.541339000000000112e+02 1.010999999999999943e+01
8.220000000000000000e+02 2.273170000000000000e+05 3.000000000000000000e+00 3.899169499999999999e+01 9.080000000000000071e+00
8.260000000000000000e+02 2.274280000000000000e+05 2.500000000000000000e+00 8.995638999999999896e+01 1.000999999999999979e+01
8.270000000000000000e+02 2.275720000000000000e+05 3.000000000000000000e+00 6.656605999999999312e+01 1.010999999999999943e+01
8.290000000000000000e+02 2.276110000000000000e+05 1.000000000000000000e+00 2.271471300000000042e+02 1.085999999999999943e+01
8.300000000000000000e+02 2.276140000000000000e+05 2.000000000000000000e+00 9.040948000000000206e+01 1.015000000000000036e+01
8.310000000000000000e+02 2.276170000000000000e+05 0.000000000000000000e+00 1.200613299999999981e+02 1.051999999999999957e+01
8.320000000000000000e+02 2.276180000000000000e+05 2.500000000000000000e+00 8.031096999999999753e+01 1.033000000000000007e+01
8.330000000000000000e+02 2.276730000000000000e+05 3.000000000000000000e+00 4.958022299999999660e+01 9.349999999999999645e+00
8.340000000000000000e+02 2.279050000000000000e+05 1.000000000000000000e+00 1.834947799999999916e+02 1.078999999999999915e+01
8.350000000000000000e+02 2.279610000000000000e+05 2.500000000000000000e+00 1.206875900000000001e+02 1.035999999999999943e+01
8.360000000000000000e+02 2.279700000000000000e+05 3.000000000000000000e+00 1.057763700000000000e+02 1.016000000000000014e+01
8.370000000000000000e+02 2.280660000000000000e+05 1.500000000000000000e+00 1.433695199999999943e+02 1.031000000000000050e+01
8.380000000000000000e+02 2.280860000000000000e+05 3.000000000000000000e+00 4.947641399999999834e+01 9.179999999999999716e+00
8.390000000000000000e+02 2.281040000000000000e+05 -9.000000000000000000e+00 4.420304999999999751e+01 9.130000000000000782e+00
8.420000000000000000e+02 2.283490000000000000e+05 2.500000000000000000e+00 5.835927199999999715e+01 1.021000000000000085e+01
8.430000000000000000e+02 2.284280000000000000e+05 3.000000000000000000e+00 5.906212200000000223e+01 9.519999999999999574e+00
8.440000000000000000e+02 2.284320000000000000e+05 3.000000000000000000e+00 8.224460999999999444e+01 9.400000000000000355e+00
8.450000000000000000e+02 2.284330000000000000e+05 3.000000000000000000e+00 6.928351000000000681e+01 9.330000000000000071e+00
8.460000000000000000e+02 2.285640000000000000e+05 2.000000000000000000e+00 1.756962900000000047e+02 1.065000000000000036e+01
8.470000000000000000e+02 2.285700000000000000e+05 2.000000000000000000e+00 6.937035000000000196e+01 1.013000000000000078e+01
8.480000000000000000e+02 2.285750000000000000e+05 -9.000000000000000000e+00 6.145278499999999866e+01 9.029999999999999361e+00
8.490000000000000000e+02 2.286080000000000000e+05 2.500000000000000000e+00 8.488393399999999644e+01 9.730000000000000426e+00
8.500000000000000000e+02 2.287080000000000000e+05 0.000000000000000000e+00 1.547885699999999929e+02 1.099000000000000021e+01
8.510000000000000000e+02 2.287400000000000000e+05 2.000000000000000000e+00 1.848873000000000104e+02 1.094999999999999929e+01
8.520000000000000000e+02 2.287670000000000000e+05 -9.000000000000000000e+00 5.856443000000000154e+01 9.109999999999999432e+00
8.530000000000000000e+02 2.290970000000000000e+05 3.000000000000000000e+00 6.066702999999999690e+01 9.679999999999999716e+00
8.540000000000000000e+02 2.291630000000000000e+05 2.000000000000000000e+00 1.498114999999999952e+02 1.058999999999999986e+01
8.550000000000000000e+02 2.291640000000000000e+05 5.000000000000000000e-01 1.045451659999999947e+02 1.057000000000000028e+01
8.560000000000000000e+02 2.291670000000000000e+05 2.500000000000000000e+00 1.135566249999999968e+02 1.019999999999999929e+01
8.570000000000000000e+02 2.292200000000000000e+05 -9.000000000000000000e+00 7.232320400000000404e+01 9.369999999999999218e+00
8.580000000000000000e+02 2.292630000000000000e+05 3.000000000000000000e+00 5.807999999999999829e+01 8.429999999999999716e+00
8.590000000000000000e+02 2.293350000000000000e+05 3.000000000000000000e+00 5.221890299999999741e+01 9.710000000000000853e+00
8.630000000000000000e+02 2.304210000000000000e+05 1.000000000000000000e+00 1.570594600000000014e+02 1.050999999999999979e+01
8.640000000000000000e+02 2.304550000000000000e+05 5.000000000000000000e-01 2.050623600000000124e+02 1.105000000000000071e+01
8.650000000000000000e+02 2.305560000000000000e+05 0.000000000000000000e+00 1.717343400000000031e+02 1.097000000000000064e+01
8.660000000000000000e+02 2.305600000000000000e+05 3.000000000000000000e+00 5.500417699999999854e+01 9.519999999999999574e+00
8.670000000000000000e+02 2.305670000000000000e+05 1.000000000000000000e+00 2.393800200000000018e+02 1.103999999999999915e+01
8.690000000000000000e+02 2.306830000000000000e+05 0.000000000000000000e+00 6.402479599999999493e+01 9.939999999999999503e+00
8.710000000000000000e+02 2.307190000000000000e+05 3.000000000000000000e+00 6.218269000000000091e+01 8.750000000000000000e+00
8.720000000000000000e+02 2.307740000000000000e+05 3.000000000000000000e+00 6.598861999999999739e+01 8.560000000000000497e+00
8.750000000000000000e+02 2.307860000000000000e+05 0.000000000000000000e+00 1.252005500000000069e+02 9.929999999999999716e+00
8.760000000000000000e+02 2.307870000000000000e+05 0.000000000000000000e+00 6.448980000000000246e+01 9.339999999999999858e+00
8.770000000000000000e+02 2.307890000000000000e+05 5.000000000000000000e-01 8.734460400000000391e+01 9.519999999999999574e+00
8.780000000000000000e+02 2.307930000000000000e+05 1.000000000000000000e+00 8.736164999999999736e+01 9.730000000000000426e+00
8.790000000000000000e+02 2.307960000000000000e+05 -9.000000000000000000e+00 6.424711000000000638e+01 9.480000000000000426e+00
8.800000000000000000e+02 2.307970000000000000e+05 0.000000000000000000e+00 5.100309000000000026e+01 8.939999999999999503e+00
8.810000000000000000e+02 2.308130000000000000e+05 3.000000000000000000e+00 4.519339000000000084e+01 9.019999999999999574e+00
8.820000000000000000e+02 2.308290000000000000e+05 3.000000000000000000e+00 5.358539999999999992e+01 8.369999999999999218e+00
8.830000000000000000e+02 2.308360000000000000e+05 2.000000000000000000e+00 7.920046000000000674e+01 1.002999999999999936e+01
8.840000000000000000e+02 2.308370000000000000e+05 -9.000000000000000000e+00 3.533759700000000237e+01 9.240000000000000213e+00
8.850000000000000000e+02 2.308800000000000000e+05 1.000000000000000000e+00 6.902742000000000644e+01 9.699999999999999289e+00
8.910000000000000000e+02 2.379900000000000000e+05 3.000000000000000000e+00 3.603800999999999988e+01 8.570000000000000284e+00
8.970000000000000000e+02 2.381310000000000000e+05 3.000000000000000000e+00 4.601910800000000279e+01 9.130000000000000782e+00
8.980000000000000000e+02 2.381640000000000000e+05 3.000000000000000000e+00 4.380693399999999826e+01 8.990000000000000213e+00
8.990000000000000000e+02 2.382030000000000000e+05 1.500000000000000000e+00 7.598226999999999975e+01 1.001999999999999957e+01
9.000000000000000000e+02 2.382040000000000000e+05 2.000000000000000000e+00 1.637138500000000079e+02 1.065000000000000036e+01
9.050000000000000000e+02 2.382160000000000000e+05 1.500000000000000000e+00 9.186001600000000167e+01 1.017999999999999972e+01
9.060000000000000000e+02 2.382210000000000000e+05 3.000000000000000000e+00 9.094028000000000134e+01 1.022000000000000064e+01
9.070000000000000000e+02 2.382760000000000000e+05 1.000000000000000000e+00 1.556559799999999996e+02 1.058000000000000007e+01
9.080000000000000000e+02 2.382820000000000000e+05 1.000000000000000000e+00 1.503299100000000124e+02 1.048000000000000043e+01
9.090000000000000000e+02 2.383250000000000000e+05 5.000000000000000000e-01 9.751899000000000228e+01 1.017999999999999972e+01
9.120000000000000000e+02 2.383510000000000000e+05 2.000000000000000000e+00 8.213768000000000313e+01 1.014000000000000057e+01
9.140000000000000000e+02 2.383600000000000000e+05 3.000000000000000000e+00 9.155884000000000356e+01 1.015000000000000036e+01
9.150000000000000000e+02 2.383690000000000000e+05 2.500000000000000000e+00 9.576618000000000563e+01 1.017999999999999972e+01
9.160000000000000000e+02 2.383950000000000000e+05 3.000000000000000000e+00 6.043038599999999860e+01 9.869999999999999218e+00
9.170000000000000000e+02 2.383980000000000000e+05 -9.000000000000000000e+00 7.573874000000000706e+01 1.003999999999999915e+01
9.180000000000000000e+02 2.384060000000000000e+05 3.000000000000000000e+00 1.013308799999999934e+02 1.044999999999999929e+01
9.190000000000000000e+02 2.384120000000000000e+05 1.000000000000000000e+00 3.093014499999999884e+02 1.088000000000000078e+01
9.200000000000000000e+02 2.384530000000000000e+05 5.000000000000000000e-01 1.481397599999999954e+02 1.068999999999999950e+01
9.220000000000000000e+02 2.384960000000000000e+05 1.500000000000000000e+00 7.415497999999999479e+01 1.013000000000000078e+01
9.230000000000000000e+02 2.385000000000000000e+05 0.000000000000000000e+00 1.129801250000000010e+02 1.017999999999999972e+01
9.240000000000000000e+02 2.389220000000000000e+05 0.000000000000000000e+00 1.852448400000000106e+02 1.074000000000000021e+01
9.260000000000000000e+02 2.391090000000000000e+05 2.000000000000000000e+00 2.154012999999999920e+02 1.111999999999999922e+01
9.310000000000000000e+02 2.394900000000000000e+05 3.000000000000000000e+00 4.591507699999999659e+01 9.210000000000000853e+00
9.320000000000000000e+02 2.395600000000000000e+05 2.500000000000000000e+00 1.329187300000000107e+02 1.016000000000000014e+01
9.330000000000000000e+02 2.401080000000000000e+05 3.000000000000000000e+00 4.683920700000000181e+01 9.019999999999999574e+00
9.350000000000000000e+02 2.402050000000000000e+05 3.000000000000000000e+00 6.303629000000000104e+01 9.390000000000000568e+00
9.360000000000000000e+02 2.402270000000000000e+05 2.500000000000000000e+00 6.840527000000000157e+01 1.016000000000000014e+01
9.370000000000000000e+02 2.402630000000000000e+05 2.500000000000000000e+00 7.045566599999999369e+01 9.269999999999999574e+00
9.380000000000000000e+02 2.403520000000000000e+05 1.500000000000000000e+00 9.139972000000000207e+01 9.859999999999999432e+00
9.400000000000000000e+02 2.404490000000000000e+05 3.000000000000000000e+00 6.683324000000000353e+01 1.022000000000000064e+01
9.410000000000000000e+02 2.501790000000000000e+05 -9.000000000000000000e+00 7.976259000000000299e+01 1.018999999999999950e+01
9.420000000000000000e+02 2.501830000000000000e+05 5.000000000000000000e-01 1.552410299999999950e+02 1.023000000000000043e+01
9.430000000000000000e+02 2.501920000000000000e+05 1.500000000000000000e+00 1.558044299999999964e+02 1.066999999999999993e+01
9.440000000000000000e+02 2.502430000000000000e+05 0.000000000000000000e+00 8.467055499999999313e+01 1.007000000000000028e+01
9.450000000000000000e+02 2.502770000000000000e+05 3.000000000000000000e+00 3.895333000000000112e+01 1.000999999999999979e+01
9.480000000000000000e+02 2.512970000000000000e+05 3.000000000000000000e+00 5.878087200000000223e+01 9.519999999999999574e+00
9.490000000000000000e+02 2.513670000000000000e+05 3.000000000000000000e+00 5.275924299999999789e+01 9.039999999999999147e+00
9.510000000000000000e+02 2.520050000000000000e+05 2.000000000000000000e+00 1.091520299999999963e+02 1.036999999999999922e+01
9.520000000000000000e+02 2.520080000000000000e+05 -9.000000000000000000e+00 5.108055999999999841e+01 9.039999999999999147e+00
9.530000000000000000e+02 2.520210000000000000e+05 2.000000000000000000e+00 8.474158500000000060e+01 1.011999999999999922e+01
9.540000000000000000e+02 2.520570000000000000e+05 5.000000000000000000e-01 9.198897599999999386e+01 9.910000000000000142e+00
9.570000000000000000e+02 2.713850000000000000e+05 2.000000000000000000e+00 2.032339499999999930e+02 1.096000000000000085e+01
9.580000000000000000e+02 2.713870000000000000e+05 1.000000000000000000e+00 1.815853400000000022e+02 1.092999999999999972e+01
9.590000000000000000e+02 2.714310000000000000e+05 1.500000000000000000e+00 1.567665299999999888e+02 1.050999999999999979e+01
9.600000000000000000e+02 2.714550000000000000e+05 2.000000000000000000e+00 1.897587399999999889e+02 1.097000000000000064e+01
9.620000000000000000e+02 2.714810000000000000e+05 1.500000000000000000e+00 2.055585800000000063e+02 1.117999999999999972e+01
9.630000000000000000e+02 2.715380000000000000e+05 5.000000000000000000e-01 1.839808800000000133e+02 1.097000000000000064e+01
9.650000000000000000e+02 2.716100000000000000e+05 1.500000000000000000e+00 6.011554000000000286e+01 9.380000000000000782e+00
9.660000000000000000e+02 2.721900000000000000e+05 0.000000000000000000e+00 1.872065299999999866e+02 1.096000000000000085e+01
9.670000000000000000e+02 2.722980000000000000e+05 2.000000000000000000e+00 1.834421700000000044e+02 1.099000000000000021e+01
9.680000000000000000e+02 2.724390000000000000e+05 1.000000000000000000e+00 1.412348200000000134e+02 1.049000000000000021e+01
9.690000000000000000e+02 2.724430000000000000e+05 2.000000000000000000e+00 1.965446599999999933e+02 1.100999999999999979e+01
9.700000000000000000e+02 2.724880000000000000e+05 5.000000000000000000e-01 1.305365299999999991e+02 1.033000000000000007e+01
9.720000000000000000e+02 2.725710000000000000e+05 3.000000000000000000e+00 4.465617799999999704e+01 8.919999999999999929e+00
9.730000000000000000e+02 2.726670000000000000e+05 3.000000000000000000e+00 5.601485399999999970e+01 9.470000000000000639e+00
9.750000000000000000e+02 2.728200000000000000e+05 0.000000000000000000e+00 1.674475300000000004e+02 1.082000000000000028e+01
9.770000000000000000e+02 2.728310000000000000e+05 5.000000000000000000e-01 2.543803399999999897e+02 1.116999999999999993e+01
9.780000000000000000e+02 2.728330000000000000e+05 5.000000000000000000e-01 1.615993799999999965e+02 1.091999999999999993e+01
9.790000000000000000e+02 2.729900000000000000e+05 5.000000000000000000e-01 1.373477200000000096e+02 1.058999999999999986e+01
9.810000000000000000e+02 2.729960000000000000e+05 3.000000000000000000e+00 8.338795500000000516e+01 8.759999999999999787e+00
9.820000000000000000e+02 2.730920000000000000e+05 3.000000000000000000e+00 4.287630000000000052e+01 1.007000000000000028e+01
9.830000000000000000e+02 2.732420000000000000e+05 3.000000000000000000e+00 6.806882500000000391e+01 8.679999999999999716e+00
9.910000000000000000e+02 2.737500000000000000e+05 3.000000000000000000e+00 5.040645200000000159e+01 9.119999999999999218e+00
9.920000000000000000e+02 2.738450000000000000e+05 0.000000000000000000e+00 2.891236000000000104e+02 1.124000000000000021e+01
9.930000000000000000e+02 2.738500000000000000e+05 1.000000000000000000e+00 3.190422399999999925e+02 1.114000000000000057e+01
9.940000000000000000e+02 2.738890000000000000e+05 1.500000000000000000e+00 1.946319399999999860e+02 1.108000000000000007e+01
9.950000000000000000e+02 2.739250000000000000e+05 3.000000000000000000e+00 4.970862600000000242e+01 9.099999999999999645e+00
9.960000000000000000e+02 2.739510000000000000e+05 3.000000000000000000e+00 6.227067999999999870e+01 8.720000000000000639e+00
9.970000000000000000e+02 2.739520000000000000e+05 3.000000000000000000e+00 3.540859199999999873e+01 9.630000000000000782e+00
9.980000000000000000e+02 2.739660000000000000e+05 -9.000000000000000000e+00 5.412714799999999826e+01 8.500000000000000000e+00
1.002000000000000000e+03 2.781090000000000000e+05 1.500000000000000000e+00 1.684378399999999942e+02 1.033999999999999986e+01
1.005000000000000000e+03 2.785480000000000000e+05 3.000000000000000000e+00 7.812465000000000259e+01 1.025000000000000000e+01
1.007000000000000000e+03 2.786430000000000000e+05 3.000000000000000000e+00 7.685862000000000194e+01 9.140000000000000568e+00
1.008000000000000000e+03 2.786840000000000000e+05 3.000000000000000000e+00 4.230444700000000324e+01 8.089999999999999858e+00
1.009000000000000000e+03 2.787020000000000000e+05 3.000000000000000000e+00 3.550442499999999768e+01 8.339999999999999858e+00
1.010000000000000000e+03 2.787030000000000000e+05 3.000000000000000000e+00 8.533513000000000659e+01 9.359999999999999432e+00
1.011000000000000000e+03 2.787360000000000000e+05 1.500000000000000000e+00 5.652808799999999678e+01 9.699999999999999289e+00
1.012000000000000000e+03 2.787410000000000000e+05 3.000000000000000000e+00 7.051356499999999983e+01 9.250000000000000000e+00
1.013000000000000000e+03 2.787600000000000000e+05 3.000000000000000000e+00 7.476163499999999829e+01 1.001999999999999957e+01
1.014000000000000000e+03 2.787730000000000000e+05 5.000000000000000000e+00 6.563997999999999422e+01 9.500000000000000000e+00
1.015000000000000000e+03 2.787870000000000000e+05 3.000000000000000000e+00 4.554997000000000185e+01 9.220000000000000639e+00
1.017000000000000000e+03 2.788040000000000000e+05 1.500000000000000000e+00 6.894910000000000139e+01 9.820000000000000284e+00
1.018000000000000000e+03 2.788120000000000000e+05 3.000000000000000000e+00 5.861678299999999808e+01 9.539999999999999147e+00
1.020000000000000000e+03 2.788400000000000000e+05 5.000000000000000000e-01 1.017220149999999990e+02 1.041000000000000014e+01
1.021000000000000000e+03 2.788460000000000000e+05 3.000000000000000000e+00 6.268792700000000195e+01 9.539999999999999147e+00
1.022000000000000000e+03 2.788550000000000000e+05 3.000000000000000000e+00 4.332954399999999850e+01 9.019999999999999574e+00
1.023000000000000000e+03 2.789090000000000000e+05 3.000000000000000000e+00 5.944400799999999663e+01 9.330000000000000071e+00
1.024000000000000000e+03 2.789950000000000000e+05 3.000000000000000000e+00 4.363282399999999939e+01 8.519999999999999574e+00
1.026000000000000000e+03 2.791480000000000000e+05 2.500000000000000000e+00 6.777450000000000330e+01 9.380000000000000782e+00
1.027000000000000000e+03 2.791600000000000000e+05 3.000000000000000000e+00 5.092815800000000337e+01 8.060000000000000497e+00
1.028000000000000000e+03 2.792610000000000000e+05 2.500000000000000000e+00 4.789962799999999987e+01 9.259999999999999787e+00
1.029000000000000000e+03 2.798180000000000000e+05 3.000000000000000000e+00 4.199300800000000322e+01 9.539999999999999147e+00
1.030000000000000000e+03 2.798400000000000000e+05 1.000000000000000000e+00 1.206503600000000063e+02 1.043999999999999950e+01
1.031000000000000000e+03 2.798780000000000000e+05 0.000000000000000000e+00 2.327110399999999970e+02 1.125999999999999979e+01
1.032000000000000000e+03 2.798860000000000000e+05 3.000000000000000000e+00 4.884549299999999761e+01 8.820000000000000284e+00
1.034000000000000000e+03 2.799050000000000000e+05 5.000000000000000000e-01 1.705892200000000116e+02 1.042999999999999972e+01
1.035000000000000000e+03 2.799100000000000000e+05 5.000000000000000000e-01 2.194876999999999896e+02 1.100999999999999979e+01
1.038000000000000000e+03 2.799430000000000000e+05 3.000000000000000000e+00 5.008140000000000214e+01 8.480000000000000426e+00
1.040000000000000000e+03 2.878240000000000000e+05 2.500000000000000000e+00 1.349175299999999993e+02 1.058999999999999986e+01
1.041000000000000000e+03 2.878270000000000000e+05 1.500000000000000000e+00 6.128923400000000044e+01 9.830000000000000071e+00
1.042000000000000000e+03 2.883640000000000000e+05 3.000000000000000000e+00 5.608720000000000283e+01 1.007000000000000028e+01
1.044000000000000000e+03 2.884610000000000000e+05 3.000000000000000000e+00 4.053741999999999734e+01 8.349999999999999645e+00
1.045000000000000000e+03 2.886790000000000000e+05 1.000000000000000000e+00 2.080149399999999957e+02 1.091999999999999993e+01
1.047000000000000000e+03 2.887560000000000000e+05 -9.000000000000000000e+00 7.117592999999999392e+01 8.990000000000000213e+00
1.050000000000000000e+03 2.888030000000000000e+05 0.000000000000000000e+00 1.769338799999999878e+02 1.066000000000000014e+01
1.052000000000000000e+03 2.888910000000000000e+05 -9.000000000000000000e+00 3.686738600000000332e+01 8.310000000000000497e+00
1.053000000000000000e+03 2.889030000000000000e+05 3.000000000000000000e+00 4.758514399999999966e+01 9.210000000000000853e+00
1.054000000000000000e+03 2.889040000000000000e+05 2.500000000000000000e+00 6.208756000000000341e+01 9.789999999999999147e+00
1.061000000000000000e+03 2.890890000000000000e+05 1.000000000000000000e+00 1.961418899999999894e+02 1.058999999999999986e+01
1.062000000000000000e+03 2.890950000000000000e+05 -9.000000000000000000e+00 5.387307700000000210e+01 9.240000000000000213e+00
1.065000000000000000e+03 2.891020000000000000e+05 1.000000000000000000e+00 9.783471000000000117e+01 1.014000000000000057e+01
1.067000000000000000e+03 2.891090000000000000e+05 -9.000000000000000000e+00 4.788155700000000081e+01 8.970000000000000639e+00
1.068000000000000000e+03 2.891120000000000000e+05 -9.000000000000000000e+00 5.833715000000000117e+01 9.460000000000000853e+00
1.069000000000000000e+03 2.891130000000000000e+05 1.000000000000000000e+00 1.233849600000000066e+02 1.051999999999999957e+01
1.070000000000000000e+03 2.891160000000000000e+05 3.000000000000000000e+00 5.074625000000000341e+01 8.720000000000000639e+00
1.071000000000000000e+03 2.891180000000000000e+05 1.500000000000000000e+00 5.237609499999999940e+01 9.300000000000000711e+00
1.072000000000000000e+03 2.891680000000000000e+05 5.000000000000000000e-01 5.608198500000000308e+01 9.099999999999999645e+00
1.073000000000000000e+03 2.891700000000000000e+05 1.000000000000000000e+00 7.438061999999999330e+01 9.699999999999999289e+00
1.078000000000000000e+03 2.891980000000000000e+05 1.500000000000000000e+00 6.484569500000000630e+01 9.630000000000000782e+00
1.083000000000000000e+03 2.894290000000000000e+05 3.000000000000000000e+00 5.816094999999999970e+01 9.039999999999999147e+00
1.084000000000000000e+03 2.899570000000000000e+05 1.500000000000000000e+00 1.034855699999999956e+02 1.032000000000000028e+01
1.086000000000000000e+03 2.900710000000000000e+05 3.000000000000000000e+00 4.631989699999999743e+01 9.429999999999999716e+00
1.087000000000000000e+03 2.903230000000000000e+05 1.000000000000000000e+00 1.990118300000000033e+02 1.090000000000000036e+01
1.088000000000000000e+03 2.903280000000000000e+05 2.000000000000000000e+00 2.016499000000000024e+02 1.090000000000000036e+01
1.092000000000000000e+03 2.966380000000000000e+05 2.000000000000000000e+00 1.256070299999999946e+02 1.040000000000000036e+01
1.093000000000000000e+03 2.966390000000000000e+05 2.500000000000000000e+00 7.270946999999999605e+01 1.022000000000000064e+01
1.094000000000000000e+03 2.966770000000000000e+05 1.500000000000000000e+00 2.160990899999999897e+02 1.076999999999999957e+01
1.097000000000000000e+03 2.967250000000000000e+05 2.500000000000000000e+00 6.508501400000000103e+01 9.500000000000000000e+00
1.098000000000000000e+03 2.967420000000000000e+05 3.000000000000000000e+00 4.351948500000000308e+01 9.150000000000000355e+00
1.100000000000000000e+03 2.968290000000000000e+05 1.500000000000000000e+00 8.259430999999999301e+01 1.015000000000000036e+01
1.103000000000000000e+03 2.969270000000000000e+05 1.000000000000000000e+00 2.208059100000000115e+02 1.092999999999999972e+01
1.104000000000000000e+03 2.969340000000000000e+05 2.500000000000000000e+00 9.541221000000000174e+01 1.021000000000000085e+01
1.106000000000000000e+03 2.975570000000000000e+05 3.000000000000000000e+00 6.001064000000000220e+01 8.410000000000000142e+00
1.107000000000000000e+03 2.976330000000000000e+05 2.500000000000000000e+00 9.962881500000000301e+01 1.042999999999999972e+01
1.108000000000000000e+03 2.976670000000000000e+05 2.500000000000000000e+00 1.112215699999999998e+02 1.022000000000000064e+01
1.111000000000000000e+03 2.980420000000000000e+05 3.000000000000000000e+00 5.338276700000000119e+01 9.070000000000000284e+00
1.112000000000000000e+03 2.981060000000000000e+05 3.000000000000000000e+00 3.968914999999999793e+01 8.669999999999999929e+00
1.113000000000000000e+03 2.981140000000000000e+05 2.500000000000000000e+00 9.837463999999999942e+01 1.025000000000000000e+01
1.116000000000000000e+03 2.985900000000000000e+05 0.000000000000000000e+00 1.369418000000000006e+02 1.055000000000000071e+01
1.117000000000000000e+03 2.985910000000000000e+05 1.500000000000000000e+00 1.232905800000000056e+02 1.039000000000000057e+01
1.121000000000000000e+03 2.987380000000000000e+05 3.000000000000000000e+00 9.430799000000000376e+01 1.006000000000000050e+01
1.122000000000000000e+03 2.988620000000000000e+05 2.500000000000000000e+00 9.503637999999999408e+01 1.001999999999999957e+01
1.123000000000000000e+03 2.988880000000000000e+05 3.000000000000000000e+00 4.328594999999999970e+01 8.890000000000000568e+00
1.124000000000000000e+03 2.989800000000000000e+05 -9.000000000000000000e+00 9.619831000000000643e+01 9.949999999999999289e+00
1.126000000000000000e+03 3.003720000000000000e+05 -9.000000000000000000e+00 5.128598800000000324e+01 9.160000000000000142e+00
1.127000000000000000e+03 3.004060000000000000e+05 5.000000000000000000e-01 2.040933200000000056e+02 1.091999999999999993e+01
1.128000000000000000e+03 3.004110000000000000e+05 0.000000000000000000e+00 1.587863900000000115e+02 1.081000000000000050e+01
1.129000000000000000e+03 3.004770000000000000e+05 3.000000000000000000e+00 5.204067200000000071e+01 9.250000000000000000e+00
1.130000000000000000e+03 3.006130000000000000e+05 3.000000000000000000e+00 5.255926500000000345e+01 9.250000000000000000e+00
1.132000000000000000e+03 3.006910000000000000e+05 0.000000000000000000e+00 1.199372099999999932e+02 1.034999999999999964e+01
1.133000000000000000e+03 3.007870000000000000e+05 1.000000000000000000e+00 1.201413199999999932e+02 1.032000000000000028e+01
1.134000000000000000e+03 3.008210000000000000e+05 3.000000000000000000e+00 3.962805999999999784e+01 8.820000000000000284e+00
1.137000000000000000e+03 3.011910000000000000e+05 1.500000000000000000e+00 1.861425000000000125e+02 1.069999999999999929e+01
1.138000000000000000e+03 3.011990000000000000e+05 1.500000000000000000e+00 8.504061000000000092e+01 1.013000000000000078e+01
1.140000000000000000e+03 3.013460000000000000e+05 2.500000000000000000e+00 1.167029699999999934e+02 1.016000000000000014e+01
1.141000000000000000e+03 3.013810000000000000e+05 2.500000000000000000e+00 1.266623400000000004e+02 1.058000000000000007e+01
1.142000000000000000e+03 3.013820000000000000e+05 3.000000000000000000e+00 9.408453000000000088e+01 1.027999999999999936e+01
1.143000000000000000e+03 3.015190000000000000e+05 0.000000000000000000e+00 2.180870400000000018e+02 1.094999999999999929e+01
1.144000000000000000e+03 3.017990000000000000e+05 -9.000000000000000000e+00 8.235197399999999845e+01 9.880000000000000782e+00
1.147000000000000000e+03 3.019370000000000000e+05 5.000000000000000000e-01 1.626878399999999942e+02 1.103999999999999915e+01
1.148000000000000000e+03 3.019940000000000000e+05 1.000000000000000000e+00 1.814138499999999965e+02 1.066000000000000014e+01
1.151000000000000000e+03 3.026840000000000000e+05 1.000000000000000000e+00 1.470260600000000011e+02 1.035999999999999943e+01
1.153000000000000000e+03 3.028460000000000000e+05 3.000000000000000000e+00 7.637903000000000020e+01 9.849999999999999645e+00
1.154000000000000000e+03 3.029730000000000000e+05 3.000000000000000000e+00 3.757092300000000051e+01 8.330000000000000071e+00
1.155000000000000000e+03 3.029940000000000000e+05 3.000000000000000000e+00 4.477752000000000265e+01 8.759999999999999787e+00
1.156000000000000000e+03 3.030990000000000000e+05 2.000000000000000000e+00 1.293465400000000045e+02 1.034999999999999964e+01
1.157000000000000000e+03 3.189360000000000000e+05 3.000000000000000000e+00 4.614779699999999707e+01 8.900000000000000355e+00
1.158000000000000000e+03 3.190180000000000000e+05 3.000000000000000000e+00 7.853079999999999927e+01 1.005000000000000071e+01
1.161000000000000000e+03 3.190570000000000000e+05 3.000000000000000000e+00 1.019613599999999991e+02 1.014000000000000057e+01
1.162000000000000000e+03 3.190590000000000000e+05 1.000000000000000000e+00 1.076775740000000070e+02 1.001999999999999957e+01
1.163000000000000000e+03 3.190600000000000000e+05 1.000000000000000000e+00 1.360658400000000086e+02 1.055000000000000071e+01
1.165000000000000000e+03 3.190670000000000000e+05 1.000000000000000000e+00 2.024716600000000142e+02 1.092999999999999972e+01
1.166000000000000000e+03 3.190700000000000000e+05 5.000000000000000000e-01 1.944173999999999864e+02 1.067999999999999972e+01
1.169000000000000000e+03 3.191570000000000000e+05 1.500000000000000000e+00 1.081399399999999957e+02 1.019999999999999929e+01
1.170000000000000000e+03 3.191960000000000000e+05 5.000000000000000000e-01 9.564099000000000217e+01 1.016999999999999993e+01
1.171000000000000000e+03 3.191970000000000000e+05 1.500000000000000000e+00 1.184582099999999940e+02 1.038000000000000078e+01
1.172000000000000000e+03 3.192310000000000000e+05 0.000000000000000000e+00 7.258508999999999389e+01 1.005000000000000071e+01
1.173000000000000000e+03 3.192430000000000000e+05 3.000000000000000000e+00 3.504781299999999788e+01 8.539999999999999147e+00
1.175000000000000000e+03 3.192900000000000000e+05 3.000000000000000000e+00 6.509942999999999813e+01 8.580000000000000071e+00
1.176000000000000000e+03 3.192930000000000000e+05 5.000000000000000000e-01 9.419567000000000689e+01 1.028999999999999915e+01
1.179000000000000000e+03 3.193850000000000000e+05 1.500000000000000000e+00 7.481542000000000314e+01 1.013000000000000078e+01
1.180000000000000000e+03 3.193930000000000000e+05 3.000000000000000000e+00 8.330980999999999881e+01 1.006000000000000050e+01
1.181000000000000000e+03 3.193950000000000000e+05 5.000000000000000000e-01 1.051956899999999990e+02 1.071000000000000085e+01
1.182000000000000000e+03 3.193970000000000000e+05 2.000000000000000000e+00 1.357431500000000142e+02 1.051999999999999957e+01
1.183000000000000000e+03 3.194000000000000000e+05 2.000000000000000000e+00 1.648764999999999930e+02 1.036999999999999922e+01
1.184000000000000000e+03 3.194020000000000000e+05 1.000000000000000000e+00 1.910848100000000045e+02 1.078999999999999915e+01
1.185000000000000000e+03 3.194520000000000000e+05 1.000000000000000000e+00 1.295584000000000060e+02 1.049000000000000021e+01
1.186000000000000000e+03 3.194530000000000000e+05 2.000000000000000000e+00 1.072439200000000028e+02 1.040000000000000036e+01
1.187000000000000000e+03 3.194990000000000000e+05 3.000000000000000000e+00 5.177630200000000116e+01 8.689999999999999503e+00
1.188000000000000000e+03 3.200680000000000000e+05 3.000000000000000000e+00 5.101706000000000074e+01 9.169999999999999929e+00
1.190000000000000000e+03 3.202540000000000000e+05 3.000000000000000000e+00 4.881589999999999918e+01 9.289999999999999147e+00
1.191000000000000000e+03 3.202810000000000000e+05 3.000000000000000000e+00 6.767920999999999765e+01 9.839999999999999858e+00
1.192000000000000000e+03 3.210220000000000000e+05 3.000000000000000000e+00 4.140402199999999766e+01 8.470000000000000639e+00
1.193000000000000000e+03 3.210350000000000000e+05 1.000000000000000000e+00 8.220462000000000558e+01 9.830000000000000071e+00
1.194000000000000000e+03 3.210590000000000000e+05 1.000000000000000000e+00 8.616904399999999953e+01 9.669999999999999929e+00
1.195000000000000000e+03 3.211460000000000000e+05 5.000000000000000000e-01 7.480141000000000417e+01 9.699999999999999289e+00
1.196000000000000000e+03 3.212070000000000000e+05 3.000000000000000000e+00 5.099818799999999896e+01 8.640000000000000568e+00
1.197000000000000000e+03 3.229100000000000000e+05 3.000000000000000000e+00 5.031965999999999894e+01 9.740000000000000213e+00
1.199000000000000000e+03 3.231940000000000000e+05 3.000000000000000000e+00 3.715167199999999781e+01 8.609999999999999432e+00
1.200000000000000000e+03 3.232240000000000000e+05 3.000000000000000000e+00 3.779733699999999885e+01 8.609999999999999432e+00
1.201000000000000000e+03 3.232420000000000000e+05 -9.000000000000000000e+00 5.137779599999999647e+01 9.500000000000000000e+00
1.202000000000000000e+03 3.233290000000000000e+05 2.000000000000000000e+00 1.248562100000000044e+02 1.033999999999999986e+01
1.205000000000000000e+03 3.235070000000000000e+05 3.000000000000000000e+00 7.828525000000000489e+01 9.439999999999999503e+00
1.206000000000000000e+03 3.235410000000000000e+05 1.000000000000000000e+00 1.663573299999999904e+02 1.048000000000000043e+01
1.207000000000000000e+03 3.235580000000000000e+05 1.500000000000000000e+00 1.652146600000000092e+02 1.090000000000000036e+01
1.208000000000000000e+03 3.235660000000000000e+05 0.000000000000000000e+00 1.031668599999999998e+02 1.000999999999999979e+01
1.209000000000000000e+03 3.235750000000000000e+05 3.000000000000000000e+00 9.256298999999999921e+01 9.599999999999999645e+00
1.210000000000000000e+03 3.235770000000000000e+05 3.000000000000000000e+00 4.852017000000000024e+01 9.330000000000000071e+00
1.211000000000000000e+03 3.235930000000000000e+05 5.000000000000000000e-01 2.510341300000000047e+02 1.113000000000000078e+01
1.212000000000000000e+03 3.238540000000000000e+05 1.500000000000000000e+00 1.607304200000000094e+02 1.071000000000000085e+01
1.213000000000000000e+03 3.238550000000000000e+05 2.500000000000000000e+00 1.027257699999999971e+02 1.047000000000000064e+01
1.216000000000000000e+03 3.241570000000000000e+05 -9.000000000000000000e+00 6.400503000000000497e+01 9.439999999999999503e+00
1.217000000000000000e+03 3.241790000000000000e+05 3.000000000000000000e+00 4.654576999999999742e+01 9.080000000000000071e+00
1.218000000000000000e+03 3.243230000000000000e+05 3.000000000000000000e+00 7.573614499999999339e+01 9.740000000000000213e+00
1.219000000000000000e+03 3.243510000000000000e+05 1.500000000000000000e+00 1.266354599999999948e+02 1.044999999999999929e+01
1.223000000000000000e+03 3.249630000000000000e+05 2.000000000000000000e+00 9.536235999999999535e+01 1.033999999999999986e+01
1.225000000000000000e+03 3.250070000000000000e+05 2.000000000000000000e+00 1.620346499999999992e+02 1.097000000000000064e+01
1.226000000000000000e+03 3.253210000000000000e+05 1.000000000000000000e+00 1.986482100000000059e+02 1.096000000000000085e+01
1.227000000000000000e+03 3.253760000000000000e+05 3.000000000000000000e+00 5.540604400000000140e+01 8.410000000000000142e+00
1.231000000000000000e+03 3.254670000000000000e+05 5.000000000000000000e-01 2.143632399999999905e+02 1.098000000000000043e+01
1.232000000000000000e+03 3.255330000000000000e+05 2.500000000000000000e+00 9.724773999999999319e+01 1.009999999999999964e+01
1.233000000000000000e+03 3.255360000000000000e+05 2.500000000000000000e+00 1.355400799999999890e+02 1.033999999999999986e+01
1.235000000000000000e+03 3.456820000000000000e+05 3.000000000000000000e+00 5.787231400000000292e+01 9.269999999999999574e+00
1.236000000000000000e+03 3.457540000000000000e+05 1.500000000000000000e+00 9.984538999999999476e+01 1.025000000000000000e+01
1.237000000000000000e+03 3.457580000000000000e+05 0.000000000000000000e+00 2.483053700000000106e+02 1.119999999999999929e+01
1.238000000000000000e+03 3.457670000000000000e+05 5.000000000000000000e-01 2.510961900000000071e+02 1.103999999999999915e+01
1.239000000000000000e+03 3.458200000000000000e+05 1.500000000000000000e+00 1.175801199999999938e+02 1.025999999999999979e+01
1.241000000000000000e+03 3.458480000000000000e+05 0.000000000000000000e+00 1.733033299999999883e+02 1.093999999999999950e+01
1.242000000000000000e+03 3.460460000000000000e+05 1.000000000000000000e+00 1.156741200000000021e+02 1.023000000000000043e+01
1.243000000000000000e+03 3.462570000000000000e+05 3.000000000000000000e+00 7.991800000000000637e+01 8.630000000000000782e+00
1.244000000000000000e+03 3.464400000000000000e+05 3.000000000000000000e+00 6.614446999999999832e+01 8.369999999999999218e+00
1.245000000000000000e+03 3.464750000000000000e+05 3.000000000000000000e+00 1.053060200000000037e+02 9.890000000000000568e+00
1.246000000000000000e+03 3.465040000000000000e+05 1.500000000000000000e+00 9.812833999999999435e+01 9.990000000000000213e+00
1.247000000000000000e+03 3.466230000000000000e+05 5.000000000000000000e-01 1.722122799999999927e+02 1.053999999999999915e+01
1.249000000000000000e+03 3.467180000000000000e+05 3.000000000000000000e+00 4.887581600000000037e+01 9.460000000000000853e+00
1.250000000000000000e+03 3.467520000000000000e+05 2.000000000000000000e+00 1.434484699999999862e+02 1.011999999999999922e+01
1.251000000000000000e+03 3.467930000000000000e+05 3.000000000000000000e+00 1.099045899999999989e+02 1.030000000000000071e+01
1.252000000000000000e+03 3.468370000000000000e+05 0.000000000000000000e+00 9.008443499999999915e+01 1.013000000000000078e+01
1.253000000000000000e+03 3.468390000000000000e+05 1.000000000000000000e+00 1.204632950000000022e+02 1.039000000000000057e+01
1.255000000000000000e+03 3.468610000000000000e+05 3.000000000000000000e+00 8.390194999999999936e+01 9.820000000000000284e+00
1.256000000000000000e+03 3.468870000000000000e+05 5.000000000000000000e-01 1.232977599999999967e+02 1.055000000000000071e+01
1.257000000000000000e+03 3.468900000000000000e+05 1.000000000000000000e+00 1.369743499999999869e+02 1.040000000000000036e+01
1.258000000000000000e+03 3.468920000000000000e+05 2.000000000000000000e+00 7.643886000000000536e+01 1.027999999999999936e+01
1.259000000000000000e+03 3.468940000000000000e+05 1.500000000000000000e+00 2.037653699999999901e+02 1.047000000000000064e+01
1.260000000000000000e+03 3.472630000000000000e+05 3.000000000000000000e+00 5.954554699999999912e+01 9.480000000000000426e+00
1.262000000000000000e+03 3.474700000000000000e+05 2.000000000000000000e+00 1.269343700000000013e+02 1.035999999999999943e+01
1.263000000000000000e+03 3.474710000000000000e+05 5.000000000000000000e-01 1.966092500000000030e+02 1.086999999999999922e+01
1.265000000000000000e+03 3.475700000000000000e+05 3.000000000000000000e+00 4.148826600000000298e+01 1.044999999999999929e+01
1.266000000000000000e+03 3.475710000000000000e+05 2.500000000000000000e+00 8.278202000000000282e+01 1.006000000000000050e+01
1.268000000000000000e+03 3.480480000000000000e+05 2.000000000000000000e+00 9.274467500000000086e+01 1.041999999999999993e+01
1.269000000000000000e+03 3.481150000000000000e+05 1.000000000000000000e+00 2.194466199999999958e+02 1.111999999999999922e+01
1.270000000000000000e+03 3.481160000000000000e+05 2.000000000000000000e+00 1.367862399999999923e+02 1.060999999999999943e+01
1.272000000000000000e+03 3.653160000000000000e+05 3.000000000000000000e+00 5.080776000000000181e+01 8.480000000000000426e+00
1.273000000000000000e+03 3.653340000000000000e+05 2.000000000000000000e+00 1.139014739999999932e+02 1.040000000000000036e+01
1.274000000000000000e+03 3.709970000000000000e+05 5.000000000000000000e-01 1.540515699999999981e+02 1.090000000000000036e+01
1.276000000000000000e+03 3.711450000000000000e+05 1.500000000000000000e+00 1.371583300000000065e+02 1.046000000000000085e+01
1.277000000000000000e+03 3.711700000000000000e+05 2.000000000000000000e+00 9.689403000000000077e+01 1.071000000000000085e+01
1.278000000000000000e+03 3.711710000000000000e+05 0.000000000000000000e+00 9.527818999999999505e+01 1.015000000000000036e+01
1.279000000000000000e+03 3.711720000000000000e+05 0.000000000000000000e+00 2.587940399999999954e+02 1.116000000000000014e+01
1.282000000000000000e+03 3.717140000000000000e+05 1.500000000000000000e+00 1.532925700000000120e+02 1.067999999999999972e+01
1.283000000000000000e+03 3.717500000000000000e+05 3.000000000000000000e+00 5.454294000000000153e+01 9.220000000000000639e+00
1.284000000000000000e+03 3.717890000000000000e+05 2.000000000000000000e+00 8.781019999999999470e+01 9.910000000000000142e+00
1.286000000000000000e+03 3.718890000000000000e+05 1.500000000000000000e+00 1.906077699999999879e+02 1.096000000000000085e+01
1.287000000000000000e+03 3.719430000000000000e+05 1.500000000000000000e+00 2.061504700000000128e+02 1.107000000000000028e+01
1.288000000000000000e+03 3.719590000000000000e+05 3.000000000000000000e+00 3.882001999999999953e+01 9.240000000000000213e+00
1.289000000000000000e+03 3.719760000000000000e+05 1.000000000000000000e+00 1.278667599999999993e+02 1.055000000000000071e+01
1.290000000000000000e+03 3.720740000000000000e+05 3.000000000000000000e+00 7.268103000000000691e+01 9.550000000000000711e+00
1.291000000000000000e+03 3.721050000000000000e+05 1.500000000000000000e+00 1.049831499999999949e+02 1.039000000000000057e+01
1.292000000000000000e+03 3.721230000000000000e+05 0.000000000000000000e+00 2.682697000000000003e+02 1.142999999999999972e+01
1.293000000000000000e+03 3.721290000000000000e+05 3.000000000000000000e+00 4.398085999999999984e+01 8.609999999999999432e+00
1.294000000000000000e+03 3.721330000000000000e+05 5.000000000000000000e-01 1.932742900000000077e+02 1.058999999999999986e+01
1.298000000000000000e+03 3.724080000000000000e+05 1.000000000000000000e+00 1.817132300000000100e+02 1.075999999999999979e+01
1.300000000000000000e+03 3.724520000000000000e+05 5.000000000000000000e-01 1.336696200000000090e+02 1.065000000000000036e+01
1.301000000000000000e+03 3.725410000000000000e+05 3.000000000000000000e+00 4.766026999999999703e+01 8.859999999999999432e+00
1.302000000000000000e+03 3.725680000000000000e+05 2.500000000000000000e+00 9.914140999999999337e+01 1.009999999999999964e+01
1.303000000000000000e+03 3.725990000000000000e+05 2.500000000000000000e+00 8.992819000000000074e+01 1.002999999999999936e+01
1.304000000000000000e+03 3.731050000000000000e+05 1.500000000000000000e+00 1.648004999999999995e+02 1.078999999999999915e+01
1.305000000000000000e+03 3.731630000000000000e+05 0.000000000000000000e+00 1.863572399999999902e+02 1.082000000000000028e+01
1.306000000000000000e+03 3.731680000000000000e+05 0.000000000000000000e+00 2.415173599999999965e+02 1.119999999999999929e+01
1.307000000000000000e+03 3.731730000000000000e+05 1.000000000000000000e+00 1.890365299999999991e+02 1.097000000000000064e+01
1.308000000000000000e+03 3.732020000000000000e+05 3.000000000000000000e+00 5.203027699999999811e+01 9.259999999999999787e+00
1.310000000000000000e+03 3.732480000000000000e+05 3.000000000000000000e+00 4.200771699999999953e+01 8.529999999999999361e+00
1.311000000000000000e+03 3.732840000000000000e+05 2.000000000000000000e+00 9.654774999999999352e+01 1.003999999999999915e+01
1.312000000000000000e+03 3.753760000000000000e+05 3.000000000000000000e+00 5.704632999999999754e+01 1.160999999999999943e+01
1.313000000000000000e+03 3.754020000000000000e+05 3.000000000000000000e+00 4.854822500000000218e+01 8.429999999999999716e+00
1.315000000000000000e+03 3.755600000000000000e+05 5.000000000000000000e-01 2.155954399999999964e+02 1.110999999999999943e+01
1.316000000000000000e+03 3.755640000000000000e+05 1.000000000000000000e+00 1.426789899999999989e+02 1.018999999999999950e+01
1.317000000000000000e+03 3.756100000000000000e+05 3.000000000000000000e+00 6.754970000000000141e+01 1.008999999999999986e+01
1.318000000000000000e+03 3.756150000000000000e+05 5.000000000000000000e-01 1.091832349999999963e+02 1.069999999999999929e+01
1.319000000000000000e+03 3.757510000000000000e+05 2.000000000000000000e+00 1.992829299999999932e+02 1.094999999999999929e+01
1.321000000000000000e+03 3.760010000000000000e+05 -9.000000000000000000e+00 7.581322000000000116e+01 1.025000000000000000e+01
1.323000000000000000e+03 3.760970000000000000e+05 1.000000000000000000e+00 1.949038400000000024e+02 1.091999999999999993e+01
1.324000000000000000e+03 3.761210000000000000e+05 2.000000000000000000e+00 1.680235299999999938e+02 1.101999999999999957e+01
1.327000000000000000e+03 3.761630000000000000e+05 3.000000000000000000e+00 5.334492999999999796e+01 9.089999999999999858e+00
1.329000000000000000e+03 3.761840000000000000e+05 3.000000000000000000e+00 4.623122000000000043e+01 9.070000000000000284e+00
1.332000000000000000e+03 3.762930000000000000e+05 2.000000000000000000e+00 1.551156799999999976e+02 1.065000000000000036e+01
1.333000000000000000e+03 3.763400000000000000e+05 3.000000000000000000e+00 1.070199999999999960e+02 1.019999999999999929e+01
1.334000000000000000e+03 3.763790000000000000e+05 3.000000000000000000e+00 7.861001600000000167e+01 9.160000000000000142e+00
1.335000000000000000e+03 3.764780000000000000e+05 3.000000000000000000e+00 8.415892999999999802e+01 1.116000000000000014e+01
1.336000000000000000e+03 3.765870000000000000e+05 2.500000000000000000e+00 8.271398000000000650e+01 1.002999999999999936e+01
1.337000000000000000e+03 3.766790000000000000e+05 2.000000000000000000e+00 1.333929899999999975e+02 1.108999999999999986e+01
1.338000000000000000e+03 3.767030000000000000e+05 0.000000000000000000e+00 1.937249999999999943e+02 1.074000000000000021e+01
1.342000000000000000e+03 3.775620000000000000e+05 1.500000000000000000e+00 1.463071600000000103e+02 1.067999999999999972e+01
1.343000000000000000e+03 3.775970000000000000e+05 2.500000000000000000e+00 8.943685999999999581e+01 1.008000000000000007e+01
1.344000000000000000e+03 3.776660000000000000e+05 1.500000000000000000e+00 2.452343600000000094e+02 1.098000000000000043e+01
1.345000000000000000e+03 3.777100000000000000e+05 5.000000000000000000e-01 1.122675859999999943e+02 1.002999999999999936e+01
1.346000000000000000e+03 3.778920000000000000e+05 3.000000000000000000e+00 5.055008699999999777e+01 9.119999999999999218e+00
1.347000000000000000e+03 3.779620000000000000e+05 3.000000000000000000e+00 3.546667500000000217e+01 9.050000000000000711e+00
1.349000000000000000e+03 3.781040000000000000e+05 1.000000000000000000e+00 2.696808500000000208e+02 1.091000000000000014e+01
1.353000000000000000e+03 3.806970000000000000e+05 1.000000000000000000e+00 2.157806899999999928e+02 1.099000000000000021e+01
1.354000000000000000e+03 3.807340000000000000e+05 0.000000000000000000e+00 1.930433299999999974e+02 1.096000000000000085e+01
1.355000000000000000e+03 3.811560000000000000e+05 1.500000000000000000e+00 8.229716500000000678e+01 1.000999999999999979e+01
1.356000000000000000e+03 3.811570000000000000e+05 1.000000000000000000e+00 2.079465600000000052e+02 1.035999999999999943e+01
1.357000000000000000e+03 3.811590000000000000e+05 2.500000000000000000e+00 9.053780000000000427e+01 1.001999999999999957e+01
1.358000000000000000e+03 3.811600000000000000e+05 1.000000000000000000e+00 1.044827800000000053e+02 1.006000000000000050e+01
1.360000000000000000e+03 3.812070000000000000e+05 1.000000000000000000e+00 1.329305699999999888e+02 1.060999999999999943e+01
1.361000000000000000e+03 3.812150000000000000e+05 3.000000000000000000e+00 1.043662340000000057e+02 1.049000000000000021e+01
1.362000000000000000e+03 3.812190000000000000e+05 5.000000000000000000e-01 1.359769900000000007e+02 1.032000000000000028e+01
1.363000000000000000e+03 3.812210000000000000e+05 1.000000000000000000e+00 1.473981799999999964e+02 1.013000000000000078e+01
1.364000000000000000e+03 3.812250000000000000e+05 3.000000000000000000e+00 9.184823000000000093e+01 1.013000000000000078e+01
1.365000000000000000e+03 3.812290000000000000e+05 0.000000000000000000e+00 1.518539000000000101e+02 1.049000000000000021e+01
1.366000000000000000e+03 3.815020000000000000e+05 3.000000000000000000e+00 5.718148999999999660e+01 8.369999999999999218e+00
1.367000000000000000e+03 3.818020000000000000e+05 3.000000000000000000e+00 4.949014700000000033e+01 8.580000000000000071e+00
1.368000000000000000e+03 3.819790000000000000e+05 1.000000000000000000e+00 1.985510299999999972e+02 1.091999999999999993e+01
1.369000000000000000e+03 3.821520000000000000e+05 2.500000000000000000e+00 6.893663999999999703e+01 1.011999999999999922e+01
1.370000000000000000e+03 3.821540000000000000e+05 0.000000000000000000e+00 1.915354199999999878e+02 1.080000000000000071e+01
1.371000000000000000e+03 3.821580000000000000e+05 1.000000000000000000e+00 1.460359300000000076e+02 1.047000000000000064e+01
1.372000000000000000e+03 3.825050000000000000e+05 0.000000000000000000e+00 1.219706649999999968e+02 1.063000000000000078e+01
1.373000000000000000e+03 3.825380000000000000e+05 1.000000000000000000e+00 1.633776200000000074e+02 1.027999999999999936e+01
1.374000000000000000e+03 3.825630000000000000e+05 5.000000000000000000e-01 7.759635000000000105e+01 9.849999999999999645e+00
1.375000000000000000e+03 3.826310000000000000e+05 2.500000000000000000e+00 7.244608999999999810e+01 1.008999999999999986e+01
1.376000000000000000e+03 3.826590000000000000e+05 1.000000000000000000e+00 1.838471800000000087e+02 1.075999999999999979e+01
1.381000000000000000e+03 3.831470000000000000e+05 1.000000000000000000e+00 2.478582000000000107e+02 1.118999999999999950e+01
1.382000000000000000e+03 3.832590000000000000e+05 2.000000000000000000e+00 8.586684400000000039e+01 1.073000000000000043e+01
1.383000000000000000e+03 3.832830000000000000e+05 2.500000000000000000e+00 4.633344000000000307e+01 9.160000000000000142e+00
1.386000000000000000e+03 3.862680000000000000e+05 1.000000000000000000e+00 2.121153099999999938e+02 1.094999999999999929e+01
1.387000000000000000e+03 3.862850000000000000e+05 2.000000000000000000e+00 1.317973000000000070e+02 1.041999999999999993e+01
1.389000000000000000e+03 3.863160000000000000e+05 1.500000000000000000e+00 1.440684500000000128e+02 1.060999999999999943e+01
1.390000000000000000e+03 3.863660000000000000e+05 2.000000000000000000e+00 1.337621800000000007e+02 1.040000000000000036e+01
1.391000000000000000e+03 3.864020000000000000e+05 2.000000000000000000e+00 7.408858499999999481e+01 1.048000000000000043e+01
1.393000000000000000e+03 3.866730000000000000e+05 5.000000000000000000e-01 2.470635699999999986e+02 1.106000000000000050e+01
1.394000000000000000e+03 3.867200000000000000e+05 2.000000000000000000e+00 1.699245099999999979e+02 1.089000000000000057e+01
1.395000000000000000e+03 3.867220000000000000e+05 5.000000000000000000e-01 1.039219060000000070e+02 1.028999999999999915e+01
1.396000000000000000e+03 3.868920000000000000e+05 1.500000000000000000e+00 1.562212800000000072e+02 1.069999999999999929e+01
1.397000000000000000e+03 3.868980000000000000e+05 2.500000000000000000e+00 9.190294000000000096e+01 1.043999999999999950e+01
1.399000000000000000e+03 3.870420000000000000e+05 1.000000000000000000e+00 1.581793800000000090e+02 1.041000000000000014e+01
1.401000000000000000e+03 3.875530000000000000e+05 5.000000000000000000e-01 2.147199599999999862e+02 1.083999999999999986e+01
1.402000000000000000e+03 3.876750000000000000e+05 1.500000000000000000e+00 1.669680799999999863e+02 1.068999999999999950e+01
1.403000000000000000e+03 3.876870000000000000e+05 3.000000000000000000e+00 4.091196999999999662e+01 8.529999999999999361e+00
1.404000000000000000e+03 3.876900000000000000e+05 3.000000000000000000e+00 5.275581700000000041e+01 9.140000000000000568e+00
1.405000000000000000e+03 3.877150000000000000e+05 1.000000000000000000e+00 1.298031900000000007e+02 1.055000000000000071e+01
1.406000000000000000e+03 3.877190000000000000e+05 3.000000000000000000e+00 7.366588000000000136e+01 1.047000000000000064e+01
1.407000000000000000e+03 3.881460000000000000e+05 1.000000000000000000e+00 2.489386299999999892e+02 1.103999999999999915e+01
1.408000000000000000e+03 3.882000000000000000e+05 2.500000000000000000e+00 8.707735999999999876e+01 1.002999999999999936e+01
1.409000000000000000e+03 3.883900000000000000e+05 3.000000000000000000e+00 7.345202999999999349e+01 9.519999999999999574e+00
1.410000000000000000e+03 3.884240000000000000e+05 2.000000000000000000e+00 8.974589000000000283e+01 1.077999999999999936e+01
1.411000000000000000e+03 3.884510000000000000e+05 3.000000000000000000e+00 5.368365500000000168e+01 8.429999999999999716e+00
1.412000000000000000e+03 3.884760000000000000e+05 2.000000000000000000e+00 1.380594000000000108e+02 1.046000000000000085e+01
1.414000000000000000e+03 3.885130000000000000e+05 5.000000000000000000e-01 1.757896599999999978e+02 1.092999999999999972e+01
1.415000000000000000e+03 3.885520000000000000e+05 1.000000000000000000e+00 2.108733000000000004e+02 1.100999999999999979e+01
1.418000000000000000e+03 3.965840000000000000e+05 2.000000000000000000e+00 1.417840099999999950e+02 1.058999999999999986e+01
1.419000000000000000e+03 3.966070000000000000e+05 2.000000000000000000e+00 1.269955700000000007e+02 1.041000000000000014e+01
1.420000000000000000e+03 3.966150000000000000e+05 1.500000000000000000e+00 1.370137599999999907e+02 1.051999999999999957e+01
1.421000000000000000e+03 3.966210000000000000e+05 1.500000000000000000e+00 1.157078249999999997e+02 1.048000000000000043e+01
1.422000000000000000e+03 3.967090000000000000e+05 2.500000000000000000e+00 1.075890050000000002e+02 1.034999999999999964e+01
1.423000000000000000e+03 3.967810000000000000e+05 1.500000000000000000e+00 2.033478399999999908e+02 1.132000000000000028e+01
1.424000000000000000e+03 3.968330000000000000e+05 2.000000000000000000e+00 1.083231600000000014e+02 1.011999999999999922e+01
1.425000000000000000e+03 3.974490000000000000e+05 3.000000000000000000e+00 4.462466400000000277e+01 8.500000000000000000e+00
1.427000000000000000e+03 4.029880000000000000e+05 -9.000000000000000000e+00 5.037709799999999660e+01 9.400000000000000355e+00
1.428000000000000000e+03 4.173920000000000000e+05 3.000000000000000000e+00 6.193416599999999761e+01 8.880000000000000782e+00
1.430000000000000000e+03 4.174330000000000000e+05 2.000000000000000000e+00 1.435062900000000070e+02 1.057000000000000028e+01
1.431000000000000000e+03 4.174400000000000000e+05 0.000000000000000000e+00 2.052290199999999913e+02 1.121000000000000085e+01
1.432000000000000000e+03 4.174410000000000000e+05 2.000000000000000000e+00 1.881421799999999962e+02 1.077999999999999936e+01
1.433000000000000000e+03 4.174530000000000000e+05 2.000000000000000000e+00 1.164099999999999966e+02 1.036999999999999922e+01
1.435000000000000000e+03 4.174860000000000000e+05 5.000000000000000000e-01 6.311017600000000272e+01 1.008999999999999986e+01
1.436000000000000000e+03 4.175680000000000000e+05 3.000000000000000000e+00 4.092457000000000278e+01 8.679999999999999716e+00
1.437000000000000000e+03 4.175800000000000000e+05 5.000000000000000000e-01 7.632394399999999735e+01 9.929999999999999716e+00
1.438000000000000000e+03 4.176780000000000000e+05 2.500000000000000000e+00 1.275228100000000069e+02 1.010999999999999943e+01
1.439000000000000000e+03 4.180470000000000000e+05 3.000000000000000000e+00 7.028806000000000154e+01 8.839999999999999858e+00
1.441000000000000000e+03 4.186240000000000000e+05 2.500000000000000000e+00 9.918877399999999511e+01 1.000999999999999979e+01
1.442000000000000000e+03 4.186300000000000000e+05 1.000000000000000000e+00 1.580487200000000030e+02 1.041000000000000014e+01
1.443000000000000000e+03 4.186930000000000000e+05 1.500000000000000000e+00 1.815068499999999858e+02 1.061999999999999922e+01
1.444000000000000000e+03 4.187250000000000000e+05 2.000000000000000000e+00 1.283724200000000053e+02 1.027999999999999936e+01
1.446000000000000000e+03 4.187950000000000000e+05 3.000000000000000000e+00 4.743784999999999741e+01 9.130000000000000782e+00
1.448000000000000000e+03 4.189710000000000000e+05 3.000000000000000000e+00 1.001205750000000023e+02 8.279999999999999361e+00
1.450000000000000000e+03 4.192940000000000000e+05 1.000000000000000000e+00 1.613306399999999883e+02 1.069999999999999929e+01
1.451000000000000000e+03 4.192990000000000000e+05 3.000000000000000000e+00 4.701185999999999865e+01 9.669999999999999929e+00
1.453000000000000000e+03 4.193350000000000000e+05 1.000000000000000000e+00 1.371535299999999893e+02 1.033000000000000007e+01
1.454000000000000000e+03 4.193450000000000000e+05 1.000000000000000000e+00 1.174016340000000014e+02 1.042999999999999972e+01
1.455000000000000000e+03 4.195490000000000000e+05 2.500000000000000000e+00 1.035255300000000034e+02 1.040000000000000036e+01
1.456000000000000000e+03 4.196320000000000000e+05 3.000000000000000000e+00 4.265454499999999882e+01 8.849999999999999645e+00
1.458000000000000000e+03 4.222890000000000000e+05 2.500000000000000000e+00 7.426487000000000194e+01 9.560000000000000497e+00
1.460000000000000000e+03 4.222920000000000000e+05 1.000000000000000000e+00 1.985558499999999924e+02 1.041999999999999993e+01
1.462000000000000000e+03 4.223550000000000000e+05 3.000000000000000000e+00 5.266672499999999957e+01 9.259999999999999787e+00
1.463000000000000000e+03 4.223590000000000000e+05 1.500000000000000000e+00 9.171161999999999637e+01 1.007000000000000028e+01
1.465000000000000000e+03 4.223890000000000000e+05 0.000000000000000000e+00 9.564762000000000342e+01 1.042999999999999972e+01
1.466000000000000000e+03 4.224060000000000000e+05 0.000000000000000000e+00 8.320050000000000523e+01 1.005000000000000071e+01
1.469000000000000000e+03 4.224430000000000000e+05 1.500000000000000000e+00 1.033944400000000030e+02 1.006000000000000050e+01
1.470000000000000000e+03 4.224460000000000000e+05 1.500000000000000000e+00 1.112220149999999990e+02 1.035999999999999943e+01
1.471000000000000000e+03 4.224640000000000000e+05 3.000000000000000000e+00 8.870096599999999398e+01 8.570000000000000284e+00
1.472000000000000000e+03 4.224860000000000000e+05 3.000000000000000000e+00 3.984579999999999700e+01 8.779999999999999361e+00
1.473000000000000000e+03 4.225010000000000000e+05 3.000000000000000000e+00 3.760286299999999926e+01 9.429999999999999716e+00
1.474000000000000000e+03 4.226100000000000000e+05 3.000000000000000000e+00 5.446670999999999907e+01 9.380000000000000782e+00
1.475000000000000000e+03 4.226190000000000000e+05 3.000000000000000000e+00 4.922146000000000043e+01 9.630000000000000782e+00
1.480000000000000000e+03 4.227610000000000000e+05 2.000000000000000000e+00 7.973418399999999906e+01 1.053999999999999915e+01
1.484000000000000000e+03 4.229330000000000000e+05 2.000000000000000000e+00 1.149099099999999964e+02 1.016000000000000014e+01
1.485000000000000000e+03 4.232670000000000000e+05 1.000000000000000000e+00 1.032333500000000015e+02 1.001999999999999957e+01
1.486000000000000000e+03 4.232700000000000000e+05 2.000000000000000000e+00 1.613615599999999972e+02 1.063000000000000078e+01
1.489000000000000000e+03 4.575050000000000000e+05 3.000000000000000000e+00 3.903887999999999892e+01 9.400000000000000355e+00
1.490000000000000000e+03 4.576150000000000000e+05 1.500000000000000000e+00 1.400901299999999878e+02 1.042999999999999972e+01
1.492000000000000000e+03 4.603780000000000000e+05 2.000000000000000000e+00 1.112192000000000007e+02 1.030000000000000071e+01
1.493000000000000000e+03 4.603800000000000000e+05 2.000000000000000000e+00 1.153679659999999956e+02 1.041000000000000014e+01
1.494000000000000000e+03 4.604240000000000000e+05 3.000000000000000000e+00 5.541230999999999796e+01 8.869999999999999218e+00
1.495000000000000000e+03 4.607560000000000000e+05 2.000000000000000000e+00 9.104112000000000648e+01 1.008000000000000007e+01
1.496000000000000000e+03 4.607670000000000000e+05 1.500000000000000000e+00 1.188549699999999945e+02 1.015000000000000036e+01
1.497000000000000000e+03 4.631190000000000000e+05 2.500000000000000000e+00 9.647491499999999576e+01 1.027999999999999936e+01
1.498000000000000000e+03 4.631480000000000000e+05 5.000000000000000000e-01 7.453393599999999708e+01 1.001999999999999957e+01
1.499000000000000000e+03 4.632640000000000000e+05 2.000000000000000000e+00 1.023829649999999987e+02 9.810000000000000497e+00
1.500000000000000000e+03 4.632880000000000000e+05 3.000000000000000000e+00 6.800117000000000189e+01 9.740000000000000213e+00
1.501000000000000000e+03 4.633170000000000000e+05 3.000000000000000000e+00 8.684319999999999595e+01 8.609999999999999432e+00
1.502000000000000000e+03 4.633670000000000000e+05 3.000000000000000000e+00 1.099041059999999987e+02 1.040000000000000036e+01
1.504000000000000000e+03 4.636410000000000000e+05 3.000000000000000000e+00 1.004532240000000058e+02 1.009999999999999964e+01
1.505000000000000000e+03 4.636430000000000000e+05 3.000000000000000000e+00 7.148185999999999751e+01 9.369999999999999218e+00
1.507000000000000000e+03 4.636680000000000000e+05 2.000000000000000000e+00 1.410107399999999984e+02 1.098000000000000043e+01
1.508000000000000000e+03 4.849760000000000000e+05 1.500000000000000000e+00 4.179963300000000004e+01 9.419999999999999929e+00
1.510000000000000000e+03 4.850470000000000000e+05 1.500000000000000000e+00 1.214288899999999956e+02 1.027999999999999936e+01
1.511000000000000000e+03 4.851270000000000000e+05 2.000000000000000000e+00 1.976635699999999929e+02 1.103999999999999915e+01
1.512000000000000000e+03 4.855040000000000000e+05 1.500000000000000000e+00 8.713720000000000709e+01 1.019999999999999929e+01
1.513000000000000000e+03 4.855290000000000000e+05 3.000000000000000000e+00 4.680417299999999869e+01 9.070000000000000284e+00
1.515000000000000000e+03 4.856880000000000000e+05 2.500000000000000000e+00 9.408980599999999583e+01 1.015000000000000036e+01
1.518000000000000000e+03 4.858330000000000000e+05 2.000000000000000000e+00 1.138242649999999969e+02 1.033000000000000007e+01
1.519000000000000000e+03 4.858340000000000000e+05 2.500000000000000000e+00 1.344682500000000118e+02 1.068999999999999950e+01
1.520000000000000000e+03 4.858820000000000000e+05 2.000000000000000000e+00 1.370768400000000042e+02 1.046000000000000085e+01
1.521000000000000000e+03 4.858830000000000000e+05 5.000000000000000000e-01 1.859225299999999947e+02 1.053999999999999915e+01
1.522000000000000000e+03 4.858850000000000000e+05 3.000000000000000000e+00 7.084945000000000448e+01 1.025000000000000000e+01
1.523000000000000000e+03 4.859190000000000000e+05 2.000000000000000000e+00 1.162284499999999952e+02 1.050000000000000000e+01
1.524000000000000000e+03 4.859210000000000000e+05 0.000000000000000000e+00 1.196625200000000007e+02 1.048000000000000043e+01
1.525000000000000000e+03 4.859220000000000000e+05 2.500000000000000000e+00 1.091493399999999951e+02 1.031000000000000050e+01
1.526000000000000000e+03 4.859240000000000000e+05 2.000000000000000000e+00 9.443390999999999735e+01 1.041000000000000014e+01
1.528000000000000000e+03 4.862130000000000000e+05 3.000000000000000000e+00 7.057202999999999804e+01 9.019999999999999574e+00
1.529000000000000000e+03 4.862750000000000000e+05 2.000000000000000000e+00 9.899994999999999834e+01 1.033999999999999986e+01
1.530000000000000000e+03 4.862760000000000000e+05 2.000000000000000000e+00 1.506391399999999976e+02 1.036999999999999922e+01
1.531000000000000000e+03 4.867820000000000000e+05 3.000000000000000000e+00 6.321734200000000214e+01 9.300000000000000711e+00
1.532000000000000000e+03 4.868340000000000000e+05 2.500000000000000000e+00 8.606935000000000002e+01 9.750000000000000000e+00
1.533000000000000000e+03 4.868720000000000000e+05 2.000000000000000000e+00 1.409413800000000094e+02 1.042999999999999972e+01
1.537000000000000000e+03 4.870270000000000000e+05 3.000000000000000000e+00 8.807111000000000445e+01 1.008999999999999986e+01
1.538000000000000000e+03 4.870600000000000000e+05 1.500000000000000000e+00 2.075622099999999932e+02 1.091999999999999993e+01
1.539000000000000000e+03 4.871750000000000000e+05 3.000000000000000000e+00 6.222283999999999793e+01 9.730000000000000426e+00
1.540000000000000000e+03 4.914570000000000000e+05 1.000000000000000000e+00 1.597300899999999899e+02 1.064000000000000057e+01
1.541000000000000000e+03 4.914600000000000000e+05 3.000000000000000000e+00 5.878306599999999804e+01 9.429999999999999716e+00
1.543000000000000000e+03 4.915080000000000000e+05 1.000000000000000000e+00 1.283689599999999871e+02 1.060999999999999943e+01
1.544000000000000000e+03 4.915090000000000000e+05 2.000000000000000000e+00 1.317397200000000055e+02 1.059999999999999964e+01
1.545000000000000000e+03 4.915520000000000000e+05 3.000000000000000000e+00 4.839282200000000245e+01 9.089999999999999858e+00
1.546000000000000000e+03 4.916080000000000000e+05 3.000000000000000000e+00 8.125360000000000582e+01 8.490000000000000213e+00
1.548000000000000000e+03 4.918870000000000000e+05 2.000000000000000000e+00 1.513517899999999941e+02 1.060999999999999943e+01
1.550000000000000000e+03 4.919600000000000000e+05 2.000000000000000000e+00 1.254777200000000050e+02 1.071000000000000085e+01
1.551000000000000000e+03 4.923840000000000000e+05 2.000000000000000000e+00 1.219983299999999957e+02 1.046000000000000085e+01
1.552000000000000000e+03 4.924110000000000000e+05 0.000000000000000000e+00 1.239730760000000060e+02 1.069999999999999929e+01
1.553000000000000000e+03 4.924140000000000000e+05 3.000000000000000000e+00 4.060259599999999836e+01 1.009999999999999964e+01
1.554000000000000000e+03 4.924860000000000000e+05 0.000000000000000000e+00 1.601258100000000013e+02 1.011999999999999922e+01
1.555000000000000000e+03 4.926900000000000000e+05 5.000000000000000000e-01 1.251198959999999971e+02 1.023000000000000043e+01
1.556000000000000000e+03 4.928830000000000000e+05 1.500000000000000000e+00 1.593588900000000024e+02 1.066000000000000014e+01
1.557000000000000000e+03 4.929410000000000000e+05 0.000000000000000000e+00 1.201988800000000026e+02 1.034999999999999964e+01
1.558000000000000000e+03 4.929570000000000000e+05 3.000000000000000000e+00 5.003346599999999711e+01 9.599999999999999645e+00
1.559000000000000000e+03 4.930280000000000000e+05 5.000000000000000000e-01 1.333572000000000060e+02 1.072000000000000064e+01
1.560000000000000000e+03 4.936210000000000000e+05 2.500000000000000000e+00 5.464482999999999890e+01 9.029999999999999361e+00
1.563000000000000000e+03 4.938120000000000000e+05 3.000000000000000000e+00 6.683668500000000279e+01 9.539999999999999147e+00
1.564000000000000000e+03 4.938250000000000000e+05 3.000000000000000000e+00 8.888302600000000098e+01 8.230000000000000426e+00
1.566000000000000000e+03 4.938380000000000000e+05 1.000000000000000000e+00 1.688642000000000110e+02 1.040000000000000036e+01
1.567000000000000000e+03 4.969660000000000000e+05 3.000000000000000000e+00 1.345045299999999884e+02 1.038000000000000078e+01
1.569000000000000000e+03 4.970350000000000000e+05 5.000000000000000000e-01 2.263887000000000000e+02 1.119999999999999929e+01
1.570000000000000000e+03 5.047130000000000000e+05 2.500000000000000000e+00 1.634928299999999979e+02 1.047000000000000064e+01
1.571000000000000000e+03 5.047300000000000000e+05 1.000000000000000000e+00 2.101427500000000066e+02 1.094999999999999929e+01
1.572000000000000000e+03 5.048770000000000000e+05 1.000000000000000000e+00 1.113794199999999961e+02 1.040000000000000036e+01
1.573000000000000000e+03 5.048790000000000000e+05 5.000000000000000000e-01 1.276147200000000055e+02 1.042999999999999972e+01
1.574000000000000000e+03 5.048820000000000000e+05 2.500000000000000000e+00 6.519794500000000426e+01 1.011999999999999922e+01
1.575000000000000000e+03 5.049220000000000000e+05 -9.000000000000000000e+00 7.767790999999999713e+01 1.001999999999999957e+01
1.576000000000000000e+03 5.053160000000000000e+05 2.000000000000000000e+00 1.594547000000000025e+02 1.063000000000000078e+01
1.577000000000000000e+03 5.053410000000000000e+05 1.000000000000000000e+00 2.098204499999999939e+02 1.065000000000000036e+01
1.578000000000000000e+03 5.057650000000000000e+05 0.000000000000000000e+00 1.834499500000000012e+02 1.091000000000000014e+01
1.580000000000000000e+03 5.058170000000000000e+05 3.000000000000000000e+00 7.314796400000000176e+01 9.029999999999999361e+00
1.581000000000000000e+03 5.058280000000000000e+05 2.000000000000000000e+00 9.100212999999999397e+01 1.041000000000000014e+01
1.582000000000000000e+03 5.059790000000000000e+05 2.500000000000000000e+00 7.614639999999999986e+01 9.750000000000000000e+00
1.585000000000000000e+03 5.061190000000000000e+05 0.000000000000000000e+00 2.242990100000000098e+02 1.107000000000000028e+01
1.586000000000000000e+03 5.077210000000000000e+05 0.000000000000000000e+00 1.969945800000000133e+02 1.139000000000000057e+01
1.587000000000000000e+03 5.081320000000000000e+05 1.000000000000000000e+00 3.220847499999999854e+02 1.103999999999999915e+01
1.588000000000000000e+03 5.081380000000000000e+05 1.500000000000000000e+00 1.259301760000000030e+02 1.049000000000000021e+01
1.589000000000000000e+03 5.081440000000000000e+05 1.500000000000000000e+00 1.444124300000000005e+02 1.047000000000000064e+01
1.590000000000000000e+03 5.081800000000000000e+05 5.000000000000000000e-01 2.102044799999999896e+02 1.106000000000000050e+01
1.591000000000000000e+03 5.081840000000000000e+05 1.500000000000000000e+00 1.553429700000000082e+02 1.077999999999999936e+01
1.592000000000000000e+03 5.082680000000000000e+05 5.000000000000000000e-01 1.112029650000000061e+02 1.025000000000000000e+01
1.593000000000000000e+03 5.083120000000000000e+05 1.500000000000000000e+00 9.809542000000000428e+01 1.018999999999999950e+01
1.594000000000000000e+03 5.083150000000000000e+05 1.500000000000000000e+00 2.231845399999999984e+02 1.107000000000000028e+01
1.595000000000000000e+03 5.083510000000000000e+05 2.000000000000000000e+00 1.360458199999999920e+02 1.081000000000000050e+01
1.596000000000000000e+03 5.083520000000000000e+05 2.500000000000000000e+00 1.052157399999999967e+02 1.033999999999999986e+01
1.600000000000000000e+03 5.084210000000000000e+05 2.000000000000000000e+00 9.943098000000000525e+01 1.039000000000000057e+01
1.601000000000000000e+03 5.084800000000000000e+05 3.000000000000000000e+00 5.812394700000000114e+01 9.619999999999999218e+00
1.602000000000000000e+03 5.084810000000000000e+05 3.000000000000000000e+00 6.387883800000000178e+01 1.000000000000000000e+01
1.603000000000000000e+03 5.085680000000000000e+05 1.500000000000000000e+00 1.325104000000000042e+02 1.030000000000000071e+01
1.604000000000000000e+03 5.085930000000000000e+05 5.000000000000000000e-01 1.354603400000000022e+02 1.058000000000000007e+01
1.605000000000000000e+03 5.086320000000000000e+05 5.000000000000000000e-01 8.053140000000000498e+01 1.056000000000000050e+01
1.606000000000000000e+03 5.086800000000000000e+05 3.000000000000000000e+00 5.084069000000000216e+01 9.250000000000000000e+00
1.607000000000000000e+03 5.086820000000000000e+05 3.000000000000000000e+00 3.509473799999999954e+01 8.039999999999999147e+00
1.608000000000000000e+03 5.087510000000000000e+05 5.000000000000000000e-01 1.096375799999999998e+02 1.023000000000000043e+01
1.610000000000000000e+03 5.089080000000000000e+05 2.000000000000000000e+00 1.618217799999999897e+02 1.066999999999999993e+01
1.611000000000000000e+03 5.089380000000000000e+05 3.000000000000000000e+00 8.607786600000000021e+01 1.002999999999999936e+01
1.613000000000000000e+03 5.090750000000000000e+05 0.000000000000000000e+00 1.317769299999999930e+02 1.051999999999999957e+01
1.614000000000000000e+03 5.090800000000000000e+05 1.000000000000000000e+00 1.071450300000000055e+02 1.010999999999999943e+01
1.615000000000000000e+03 5.093970000000000000e+05 2.000000000000000000e+00 6.628883000000000436e+01 1.024000000000000021e+01
1.616000000000000000e+03 5.094440000000000000e+05 3.000000000000000000e+00 6.038153499999999951e+01 9.050000000000000711e+00
1.617000000000000000e+03 5.095160000000000000e+05 3.000000000000000000e+00 4.792449599999999776e+01 8.740000000000000213e+00
1.618000000000000000e+03 5.095570000000000000e+05 3.000000000000000000e+00 6.441409000000000162e+01 8.869999999999999218e+00
1.622000000000000000e+03 5.097270000000000000e+05 3.000000000000000000e+00 4.870208999999999833e+01 9.199999999999999289e+00
1.625000000000000000e+03 5.114560000000000000e+05 2.500000000000000000e+00 1.014650900000000036e+02 1.026999999999999957e+01
1.628000000000000000e+03 5.118640000000000000e+05 -9.000000000000000000e+00 7.953776999999999475e+01 1.001999999999999957e+01
1.629000000000000000e+03 5.118670000000000000e+05 2.500000000000000000e+00 1.306647800000000075e+02 1.067999999999999972e+01
1.630000000000000000e+03 5.118900000000000000e+05 1.500000000000000000e+00 1.362453500000000020e+02 1.055000000000000071e+01
1.631000000000000000e+03 5.118920000000000000e+05 1.000000000000000000e+00 1.683752100000000098e+02 1.085999999999999943e+01
1.632000000000000000e+03 5.119210000000000000e+05 3.000000000000000000e+00 4.226324499999999773e+01 9.160000000000000142e+00
1.633000000000000000e+03 5.119230000000000000e+05 -9.000000000000000000e+00 7.046665000000000134e+01 9.410000000000000142e+00
1.635000000000000000e+03 5.121970000000000000e+05 1.500000000000000000e+00 9.376117000000000701e+01 1.023000000000000043e+01
1.638000000000000000e+03 5.123120000000000000e+05 1.000000000000000000e+00 1.904434699999999907e+02 1.051999999999999957e+01
1.639000000000000000e+03 5.125240000000000000e+05 3.000000000000000000e+00 1.003731839999999949e+02 9.269999999999999574e+00
1.640000000000000000e+03 5.130010000000000000e+05 3.000000000000000000e+00 4.716727399999999903e+01 9.019999999999999574e+00
1.643000000000000000e+03 5.132360000000000000e+05 3.000000000000000000e+00 1.050554599999999965e+02 1.003999999999999915e+01
1.645000000000000000e+03 5.140220000000000000e+05 1.500000000000000000e+00 9.698170500000000516e+01 1.014000000000000057e+01
1.646000000000000000e+03 5.140290000000000000e+05 2.500000000000000000e+00 1.003245600000000053e+02 1.049000000000000021e+01
1.647000000000000000e+03 5.142120000000000000e+05 3.000000000000000000e+00 7.150445999999999458e+01 9.410000000000000142e+00
1.649000000000000000e+03 5.142180000000000000e+05 1.000000000000000000e+00 1.908598200000000134e+02 1.091999999999999993e+01
1.651000000000000000e+03 5.169730000000000000e+05 2.000000000000000000e+00 1.969508800000000122e+02 1.083000000000000007e+01
1.652000000000000000e+03 5.170460000000000000e+05 3.000000000000000000e+00 3.758400300000000271e+01 8.490000000000000213e+00
1.653000000000000000e+03 5.170700000000000000e+05 3.000000000000000000e+00 6.248105199999999826e+01 1.016000000000000014e+01
1.654000000000000000e+03 5.171300000000000000e+05 3.000000000000000000e+00 6.505850999999999829e+01 8.279999999999999361e+00
1.655000000000000000e+03 5.171640000000000000e+05 2.000000000000000000e+00 1.224235299999999995e+02 1.035999999999999943e+01
1.656000000000000000e+03 5.171670000000000000e+05 3.000000000000000000e+00 6.728616999999999848e+01 9.240000000000000213e+00
1.657000000000000000e+03 5.172050000000000000e+05 0.000000000000000000e+00 2.449363700000000108e+02 1.124000000000000021e+01
1.658000000000000000e+03 5.172110000000000000e+05 1.000000000000000000e+00 1.625978100000000097e+02 1.078999999999999915e+01
1.660000000000000000e+03 5.172440000000000000e+05 1.500000000000000000e+00 1.209788900000000069e+02 1.043999999999999950e+01
1.662000000000000000e+03 5.172490000000000000e+05 3.000000000000000000e+00 5.839757000000000176e+01 9.400000000000000355e+00
1.663000000000000000e+03 5.172560000000000000e+05 3.000000000000000000e+00 6.378005600000000186e+01 9.250000000000000000e+00
1.664000000000000000e+03 5.172730000000000000e+05 3.000000000000000000e+00 5.092758599999999802e+01 9.160000000000000142e+00
1.665000000000000000e+03 5.172780000000000000e+05 5.000000000000000000e-01 2.476588999999999885e+02 1.106000000000000050e+01
1.668000000000000000e+03 5.173020000000000000e+05 1.500000000000000000e+00 8.745456000000000074e+01 1.017999999999999972e+01
1.669000000000000000e+03 5.173060000000000000e+05 3.000000000000000000e+00 4.642513300000000243e+01 9.380000000000000782e+00
1.670000000000000000e+03 5.173070000000000000e+05 3.000000000000000000e+00 5.148220400000000296e+01 8.689999999999999503e+00
1.671000000000000000e+03 5.173100000000000000e+05 3.000000000000000000e+00 5.254399500000000245e+01 9.259999999999999787e+00
1.673000000000000000e+03 5.174650000000000000e+05 1.000000000000000000e+00 8.974235000000000184e+01 1.009999999999999964e+01
1.674000000000000000e+03 5.175940000000000000e+05 3.000000000000000000e+00 6.279530299999999698e+01 8.970000000000000639e+00
1.675000000000000000e+03 5.178020000000000000e+05 3.000000000000000000e+00 1.046691900000000004e+02 1.003999999999999915e+01
1.682000000000000000e+03 5.188290000000000000e+05 5.000000000000000000e-01 9.941527999999999565e+01 9.929999999999999716e+00
1.683000000000000000e+03 5.188700000000000000e+05 3.000000000000000000e+00 5.071065999999999718e+01 8.839999999999999858e+00
1.685000000000000000e+03 5.191410000000000000e+05 5.000000000000000000e-01 1.627945599999999899e+02 1.091999999999999993e+01
1.687000000000000000e+03 5.217360000000000000e+05 2.500000000000000000e+00 5.417092999999999847e+01 9.869999999999999218e+00
1.688000000000000000e+03 5.217530000000000000e+05 3.000000000000000000e+00 8.919772000000000389e+01 9.789999999999999147e+00
1.689000000000000000e+03 5.217680000000000000e+05 2.500000000000000000e+00 8.505347399999999425e+01 1.018999999999999950e+01
1.690000000000000000e+03 5.217940000000000000e+05 1.000000000000000000e+00 1.598586099999999988e+02 1.040000000000000036e+01
1.691000000000000000e+03 5.218230000000000000e+05 0.000000000000000000e+00 1.635314199999999971e+02 1.093999999999999950e+01
1.692000000000000000e+03 5.218940000000000000e+05 3.000000000000000000e+00 3.950681999999999761e+01 8.769999999999999574e+00
1.694000000000000000e+03 5.219910000000000000e+05 2.500000000000000000e+00 9.429121999999999559e+01 1.033999999999999986e+01
1.695000000000000000e+03 5.219970000000000000e+05 2.000000000000000000e+00 2.020546999999999969e+02 1.093999999999999950e+01
1.696000000000000000e+03 5.220330000000000000e+05 1.000000000000000000e+00 2.046838500000000067e+02 1.096000000000000085e+01
1.698000000000000000e+03 5.221660000000000000e+05 3.000000000000000000e+00 5.316844600000000298e+01 8.939999999999999503e+00
1.699000000000000000e+03 5.279840000000000000e+05 2.000000000000000000e+00 1.520081199999999910e+02 1.078999999999999915e+01
1.700000000000000000e+03 5.346540000000000000e+05 2.500000000000000000e+00 5.897784800000000160e+01 1.031000000000000050e+01
1.702000000000000000e+03 5.347100000000000000e+05 2.500000000000000000e+00 4.696343199999999740e+01 9.130000000000000782e+00
1.703000000000000000e+03 5.347530000000000000e+05 2.500000000000000000e+00 8.557102999999999327e+01 1.034999999999999964e+01
1.709000000000000000e+03 5.349040000000000000e+05 1.000000000000000000e+00 1.611138500000000136e+02 1.036999999999999922e+01
1.714000000000000000e+03 5.353870000000000000e+05 2.000000000000000000e+00 8.403713999999999373e+01 1.036999999999999922e+01
1.715000000000000000e+03 5.354170000000000000e+05 3.000000000000000000e+00 6.767046999999999457e+01 9.490000000000000213e+00
1.716000000000000000e+03 5.354290000000000000e+05 2.000000000000000000e+00 1.048065600000000046e+02 1.096000000000000085e+01
1.717000000000000000e+03 5.359740000000000000e+05 3.000000000000000000e+00 5.551885200000000253e+01 9.269999999999999574e+00
1.718000000000000000e+03 5.360870000000000000e+05 3.000000000000000000e+00 4.528738799999999998e+01 9.060000000000000497e+00
1.719000000000000000e+03 5.361730000000000000e+05 3.000000000000000000e+00 5.342598300000000222e+01 9.050000000000000711e+00
1.723000000000000000e+03 5.363630000000000000e+05 3.000000000000000000e+00 3.546569000000000216e+01 8.949999999999999289e+00
1.724000000000000000e+03 5.364540000000000000e+05 0.000000000000000000e+00 2.491312599999999975e+02 1.108000000000000007e+01
1.725000000000000000e+03 5.364630000000000000e+05 1.000000000000000000e+00 2.258868899999999940e+02 1.105000000000000071e+01
1.726000000000000000e+03 5.366250000000000000e+05 2.500000000000000000e+00 6.784584999999999866e+01 1.017999999999999972e+01
1.727000000000000000e+03 5.366260000000000000e+05 3.000000000000000000e+00 6.822269400000000417e+01 9.000000000000000000e+00
1.729000000000000000e+03 5.369630000000000000e+05 5.000000000000000000e-01 2.202948199999999872e+02 1.091999999999999993e+01
1.733000000000000000e+03 5.371710000000000000e+05 3.000000000000000000e+00 6.696035000000000537e+01 9.359999999999999432e+00
1.736000000000000000e+03 5.372400000000000000e+05 3.000000000000000000e+00 6.361590199999999840e+01 9.509999999999999787e+00
1.738000000000000000e+03 5.373610000000000000e+05 2.000000000000000000e+00 1.731557799999999929e+02 1.083000000000000007e+01
1.739000000000000000e+03 5.373650000000000000e+05 1.000000000000000000e+00 1.923243899999999940e+02 1.042999999999999972e+01
1.741000000000000000e+03 5.373860000000000000e+05 3.000000000000000000e+00 1.128589249999999993e+02 9.009999999999999787e+00
1.742000000000000000e+03 5.373990000000000000e+05 3.000000000000000000e+00 7.664360999999999535e+01 9.630000000000000782e+00
1.743000000000000000e+03 5.374170000000000000e+05 3.000000000000000000e+00 4.411229300000000109e+01 8.960000000000000853e+00
1.744000000000000000e+03 5.374260000000000000e+05 2.000000000000000000e+00 1.403710299999999904e+02 1.063000000000000078e+01
1.747000000000000000e+03 5.434890000000000000e+05 0.000000000000000000e+00 1.532646200000000078e+02 1.092999999999999972e+01
1.748000000000000000e+03 5.434910000000000000e+05 3.000000000000000000e+00 5.692076500000000294e+01 9.019999999999999574e+00
1.749000000000000000e+03 5.434940000000000000e+05 3.000000000000000000e+00 7.456177999999999884e+01 9.539999999999999147e+00
1.750000000000000000e+03 5.434980000000000000e+05 2.000000000000000000e+00 8.662116000000000327e+01 1.056000000000000050e+01
1.751000000000000000e+03 5.434990000000000000e+05 1.500000000000000000e+00 6.605531999999999471e+01 1.025000000000000000e+01
1.752000000000000000e+03 5.435010000000000000e+05 1.000000000000000000e+00 1.673930699999999945e+02 1.047000000000000064e+01
1.753000000000000000e+03 5.435310000000000000e+05 5.000000000000000000e-01 1.423636500000000069e+02 1.041000000000000014e+01
1.754000000000000000e+03 5.435360000000000000e+05 -9.000000000000000000e+00 1.677342500000000030e+02 1.000000000000000000e+01
1.756000000000000000e+03 5.435520000000000000e+05 1.500000000000000000e+00 1.124723050000000057e+02 1.009999999999999964e+01
1.757000000000000000e+03 5.435530000000000000e+05 5.000000000000000000e-01 9.930061999999999500e+01 1.034999999999999964e+01
1.758000000000000000e+03 5.435540000000000000e+05 1.500000000000000000e+00 8.431566999999999723e+01 1.002999999999999936e+01
1.761000000000000000e+03 5.437630000000000000e+05 3.000000000000000000e+00 6.104997600000000091e+01 8.490000000000000213e+00
1.762000000000000000e+03 5.437690000000000000e+05 3.000000000000000000e+00 6.117580800000000352e+01 8.429999999999999716e+00
1.763000000000000000e+03 5.437970000000000000e+05 2.000000000000000000e+00 1.258931000000000040e+02 1.051999999999999957e+01
1.764000000000000000e+03 5.438120000000000000e+05 3.000000000000000000e+00 5.266530999999999807e+01 9.369999999999999218e+00
1.765000000000000000e+03 5.438590000000000000e+05 1.500000000000000000e+00 1.577223700000000122e+02 1.073000000000000043e+01
1.767000000000000000e+03 5.438950000000000000e+05 2.500000000000000000e+00 7.478365999999999758e+01 9.740000000000000213e+00
1.770000000000000000e+03 5.447490000000000000e+05 1.000000000000000000e+00 2.379281300000000101e+02 1.090000000000000036e+01
1.771000000000000000e+03 5.448120000000000000e+05 3.000000000000000000e+00 4.817127200000000187e+01 9.320000000000000284e+00
1.775000000000000000e+03 5.453060000000000000e+05 3.000000000000000000e+00 6.783352999999999611e+01 9.789999999999999147e+00
1.776000000000000000e+03 5.454110000000000000e+05 3.000000000000000000e+00 5.737577000000000282e+01 9.859999999999999432e+00
1.777000000000000000e+03 5.459030000000000000e+05 1.000000000000000000e+00 1.812770199999999932e+02 1.075000000000000000e+01
1.780000000000000000e+03 5.460430000000000000e+05 3.000000000000000000e+00 4.660602000000000089e+01 9.429999999999999716e+00
1.783000000000000000e+03 5.488350000000000000e+05 5.000000000000000000e-01 1.994700200000000052e+02 1.081000000000000050e+01
1.784000000000000000e+03 5.488720000000000000e+05 1.500000000000000000e+00 1.193463749999999948e+02 1.051999999999999957e+01
1.785000000000000000e+03 5.489140000000000000e+05 2.000000000000000000e+00 1.556105300000000113e+02 1.069999999999999929e+01
1.786000000000000000e+03 5.489460000000000000e+05 2.000000000000000000e+00 9.276313000000000386e+01 1.041999999999999993e+01
1.787000000000000000e+03 5.489470000000000000e+05 2.500000000000000000e+00 1.446317999999999984e+02 1.066999999999999993e+01
1.788000000000000000e+03 5.490700000000000000e+05 5.000000000000000000e-01 1.286237500000000011e+02 1.007000000000000028e+01
1.791000000000000000e+03 5.492160000000000000e+05 3.000000000000000000e+00 6.646621000000000379e+01 9.509999999999999787e+00
1.792000000000000000e+03 5.492960000000000000e+05 0.000000000000000000e+00 1.831146699999999896e+02 1.094999999999999929e+01
1.793000000000000000e+03 5.493130000000000000e+05 -9.000000000000000000e+00 4.698904000000000281e+01 9.939999999999999503e+00
1.794000000000000000e+03 5.503280000000000000e+05 2.000000000000000000e+00 1.604558600000000013e+02 1.041000000000000014e+01
1.795000000000000000e+03 5.503300000000000000e+05 3.000000000000000000e+00 7.633280000000000598e+01 9.400000000000000355e+00
1.799000000000000000e+03 5.506770000000000000e+05 3.000000000000000000e+00 4.561612300000000175e+01 8.939999999999999503e+00
1.800000000000000000e+03 5.507800000000000000e+05 2.000000000000000000e+00 1.416563400000000001e+02 1.059999999999999964e+01
1.801000000000000000e+03 5.507810000000000000e+05 1.000000000000000000e+00 1.340053699999999992e+02 1.039000000000000057e+01
1.802000000000000000e+03 5.508440000000000000e+05 2.500000000000000000e+00 1.335148499999999956e+02 1.031000000000000050e+01
1.803000000000000000e+03 5.511920000000000000e+05 3.000000000000000000e+00 3.986397600000000097e+01 8.750000000000000000e+00
1.805000000000000000e+03 5.513320000000000000e+05 2.500000000000000000e+00 9.002611000000000274e+01 1.001999999999999957e+01
1.806000000000000000e+03 5.513500000000000000e+05 3.000000000000000000e+00 5.865751000000000204e+01 9.220000000000000639e+00
1.808000000000000000e+03 5.514880000000000000e+05 2.000000000000000000e+00 9.141371999999999787e+01 1.025000000000000000e+01
1.809000000000000000e+03 5.515050000000000000e+05 5.000000000000000000e-01 2.794266400000000203e+02 1.133999999999999986e+01
1.810000000000000000e+03 5.515070000000000000e+05 2.000000000000000000e+00 1.710638999999999896e+02 1.110999999999999943e+01
1.811000000000000000e+03 5.516190000000000000e+05 0.000000000000000000e+00 1.355598099999999988e+02 1.018999999999999950e+01
1.812000000000000000e+03 5.516550000000000000e+05 2.000000000000000000e+00 1.139855000000000018e+02 1.049000000000000021e+01
1.813000000000000000e+03 5.516560000000000000e+05 2.000000000000000000e+00 7.549023400000000095e+01 1.050000000000000000e+01
1.815000000000000000e+03 5.588610000000000000e+05 3.000000000000000000e+00 4.896909300000000087e+01 8.640000000000000568e+00
1.816000000000000000e+03 5.588870000000000000e+05 3.000000000000000000e+00 4.000813300000000083e+01 8.830000000000000071e+00
1.817000000000000000e+03 5.590610000000000000e+05 3.000000000000000000e+00 6.642229500000000542e+01 9.529999999999999361e+00
1.818000000000000000e+03 5.592500000000000000e+05 5.000000000000000000e-01 1.514590000000000032e+02 1.096000000000000085e+01
1.819000000000000000e+03 5.592920000000000000e+05 3.000000000000000000e+00 7.763376599999999428e+01 8.710000000000000853e+00
1.820000000000000000e+03 5.593000000000000000e+05 3.000000000000000000e+00 5.139308499999999924e+01 8.640000000000000568e+00
1.822000000000000000e+03 5.594900000000000000e+05 0.000000000000000000e+00 8.777106499999999301e+01 1.028999999999999915e+01
1.827000000000000000e+03 5.602060000000000000e+05 1.500000000000000000e+00 2.104610399999999970e+02 1.069999999999999929e+01
1.831000000000000000e+03 5.603410000000000000e+05 1.000000000000000000e+00 2.320817000000000121e+02 1.117999999999999972e+01
1.832000000000000000e+03 5.604050000000000000e+05 3.000000000000000000e+00 3.652252599999999916e+01 8.679999999999999716e+00
1.833000000000000000e+03 5.604070000000000000e+05 2.500000000000000000e+00 2.149777499999999861e+02 1.094999999999999929e+01
1.835000000000000000e+03 5.607790000000000000e+05 3.000000000000000000e+00 4.716671399999999892e+01 8.470000000000000639e+00
1.836000000000000000e+03 5.608830000000000000e+05 1.500000000000000000e+00 2.216034999999999968e+02 1.121000000000000085e+01
1.837000000000000000e+03 5.609460000000000000e+05 3.000000000000000000e+00 6.045391000000000048e+01 9.189999999999999503e+00
1.838000000000000000e+03 5.609820000000000000e+05 5.000000000000000000e-01 1.765602100000000121e+02 1.031000000000000050e+01
1.841000000000000000e+03 5.614880000000000000e+05 1.500000000000000000e+00 5.756837500000000318e+01 9.320000000000000284e+00
1.843000000000000000e+03 5.618910000000000000e+05 3.000000000000000000e+00 8.047245999999999810e+01 9.390000000000000568e+00
1.844000000000000000e+03 5.674450000000000000e+05 1.500000000000000000e+00 1.115143360000000001e+02 1.008000000000000007e+01
1.847000000000000000e+03 5.675980000000000000e+05 2.000000000000000000e+00 1.456648399999999981e+02 1.066999999999999993e+01
1.848000000000000000e+03 5.676240000000000000e+05 3.000000000000000000e+00 5.336963699999999733e+01 9.349999999999999645e+00
1.850000000000000000e+03 5.676780000000000000e+05 2.000000000000000000e+00 7.964439400000000546e+01 9.439999999999999503e+00
1.852000000000000000e+03 5.677360000000000000e+05 3.000000000000000000e+00 3.865621000000000151e+01 8.689999999999999503e+00
1.855000000000000000e+03 5.678760000000000000e+05 3.000000000000000000e+00 6.071439000000000163e+01 8.320000000000000284e+00
1.856000000000000000e+03 5.679830000000000000e+05 3.000000000000000000e+00 5.207834199999999925e+01 8.529999999999999361e+00
1.857000000000000000e+03 5.685490000000000000e+05 2.000000000000000000e+00 1.598667800000000057e+02 1.068999999999999950e+01
1.858000000000000000e+03 5.688170000000000000e+05 -9.000000000000000000e+00 1.085862050000000067e+02 1.097000000000000064e+01
1.859000000000000000e+03 5.694330000000000000e+05 3.000000000000000000e+00 6.548203999999999780e+01 9.630000000000000782e+00
1.860000000000000000e+03 5.694660000000000000e+05 2.000000000000000000e+00 2.091164400000000114e+02 1.114000000000000057e+01
1.861000000000000000e+03 5.695550000000000000e+05 1.500000000000000000e+00 1.165158899999999988e+02 1.043999999999999950e+01
1.865000000000000000e+03 5.701140000000000000e+05 3.000000000000000000e+00 5.319583999999999691e+01 9.210000000000000853e+00
1.866000000000000000e+03 5.701190000000000000e+05 3.000000000000000000e+00 4.022057999999999822e+01 9.560000000000000497e+00
1.868000000000000000e+03 5.701970000000000000e+05 2.500000000000000000e+00 8.624518600000000390e+01 9.660000000000000142e+00
1.869000000000000000e+03 5.702030000000000000e+05 5.000000000000000000e-01 2.096997800000000041e+02 1.077999999999999936e+01
1.870000000000000000e+03 5.702060000000000000e+05 1.500000000000000000e+00 1.520148599999999988e+02 1.050000000000000000e+01
1.871000000000000000e+03 5.702070000000000000e+05 1.000000000000000000e+00 1.838237300000000118e+02 1.075000000000000000e+01
1.872000000000000000e+03 5.702140000000000000e+05 -9.000000000000000000e+00 6.314121000000000095e+01 9.339999999999999858e+00
1.873000000000000000e+03 5.702270000000000000e+05 2.000000000000000000e+00 1.485877000000000123e+02 1.064000000000000057e+01
1.874000000000000000e+03 5.702330000000000000e+05 3.000000000000000000e+00 4.370215999999999923e+01 9.070000000000000284e+00
1.875000000000000000e+03 5.702400000000000000e+05 1.000000000000000000e+00 1.204718199999999939e+02 1.005000000000000071e+01
1.876000000000000000e+03 5.703640000000000000e+05 3.000000000000000000e+00 4.719123499999999893e+01 9.470000000000000639e+00
1.877000000000000000e+03 5.724020000000000000e+05 2.500000000000000000e+00 7.437220000000000653e+01 1.032000000000000028e+01
1.878000000000000000e+03 5.735860000000000000e+05 2.500000000000000000e+00 6.840797999999999490e+01 1.002999999999999936e+01
1.879000000000000000e+03 5.736170000000000000e+05 1.500000000000000000e+00 8.297265000000000157e+01 1.007000000000000028e+01
1.880000000000000000e+03 5.736200000000000000e+05 3.000000000000000000e+00 7.463321000000000538e+01 9.349999999999999645e+00
1.881000000000000000e+03 5.736210000000000000e+05 2.000000000000000000e+00 1.198548200000000037e+02 1.022000000000000064e+01
1.882000000000000000e+03 5.736250000000000000e+05 2.000000000000000000e+00 1.049157299999999964e+02 1.027999999999999936e+01
1.883000000000000000e+03 5.737360000000000000e+05 3.000000000000000000e+00 7.040936000000000661e+01 9.439999999999999503e+00
1.886000000000000000e+03 5.738720000000000000e+05 3.000000000000000000e+00 4.234629400000000032e+01 8.199999999999999289e+00
1.887000000000000000e+03 5.739150000000000000e+05 2.500000000000000000e+00 8.884398000000000195e+01 1.049000000000000021e+01
1.888000000000000000e+03 5.740080000000000000e+05 3.000000000000000000e+00 8.578467600000000459e+01 1.017999999999999972e+01
1.889000000000000000e+03 5.740290000000000000e+05 3.000000000000000000e+00 7.288409000000000049e+01 1.003999999999999915e+01
1.891000000000000000e+03 5.742000000000000000e+05 3.000000000000000000e+00 8.608793000000000006e+01 9.369999999999999218e+00
1.892000000000000000e+03 5.742850000000000000e+05 2.000000000000000000e+00 1.903978899999999896e+02 1.091999999999999993e+01
1.894000000000000000e+03 5.744230000000000000e+05 5.000000000000000000e-01 1.749735100000000045e+02 1.074000000000000021e+01
1.895000000000000000e+03 5.745720000000000000e+05 3.000000000000000000e+00 4.060526000000000124e+01 8.759999999999999787e+00
1.896000000000000000e+03 5.746170000000000000e+05 2.000000000000000000e+00 8.136517000000000621e+01 1.033000000000000007e+01
1.899000000000000000e+03 5.750970000000000000e+05 3.000000000000000000e+00 8.267726000000000397e+01 9.890000000000000568e+00
1.900000000000000000e+03 5.753390000000000000e+05 0.000000000000000000e+00 8.588959499999999991e+01 1.041000000000000014e+01
1.901000000000000000e+03 5.755320000000000000e+05 2.000000000000000000e+00 2.145103799999999978e+02 1.102999999999999936e+01
1.904000000000000000e+03 5.756250000000000000e+05 2.000000000000000000e+00 1.247009800000000013e+02 1.024000000000000021e+01
1.905000000000000000e+03 5.756700000000000000e+05 2.500000000000000000e+00 1.071936340000000030e+02 1.042999999999999972e+01
1.907000000000000000e+03 5.834430000000000000e+05 3.000000000000000000e+00 3.879339199999999721e+01 8.929999999999999716e+00
1.909000000000000000e+03 5.835080000000000000e+05 3.000000000000000000e+00 4.241887700000000194e+01 8.919999999999999929e+00
1.910000000000000000e+03 5.835510000000000000e+05 3.000000000000000000e+00 6.079751199999999756e+01 8.980000000000000426e+00
1.911000000000000000e+03 5.836370000000000000e+05 2.000000000000000000e+00 4.918142300000000233e+01 1.000999999999999979e+01
1.912000000000000000e+03 5.837160000000000000e+05 3.000000000000000000e+00 3.884628000000000014e+01 8.230000000000000426e+00
1.913000000000000000e+03 5.837230000000000000e+05 0.000000000000000000e+00 2.345438800000000015e+02 1.119999999999999929e+01
1.915000000000000000e+03 5.840130000000000000e+05 2.000000000000000000e+00 7.955422000000000082e+01 1.046000000000000085e+01
1.919000000000000000e+03 5.851210000000000000e+05 3.000000000000000000e+00 5.955618700000000132e+01 9.550000000000000711e+00
1.920000000000000000e+03 5.851960000000000000e+05 5.000000000000000000e-01 1.397058299999999917e+02 1.055000000000000071e+01
1.921000000000000000e+03 5.852150000000000000e+05 0.000000000000000000e+00 2.144275700000000029e+02 1.102999999999999936e+01
1.922000000000000000e+03 5.852260000000000000e+05 3.000000000000000000e+00 4.700596000000000174e+01 9.619999999999999218e+00
1.923000000000000000e+03 5.852310000000000000e+05 3.000000000000000000e+00 4.324394600000000111e+01 8.759999999999999787e+00
1.924000000000000000e+03 5.853140000000000000e+05 3.000000000000000000e+00 9.712693000000000154e+01 9.179999999999999716e+00
1.925000000000000000e+03 5.853590000000000000e+05 2.500000000000000000e+00 9.528583999999999321e+01 1.032000000000000028e+01
1.926000000000000000e+03 5.853860000000000000e+05 2.000000000000000000e+00 1.387269699999999943e+02 1.067999999999999972e+01
1.928000000000000000e+03 5.854220000000000000e+05 3.000000000000000000e+00 9.133754000000000417e+01 1.001999999999999957e+01
1.929000000000000000e+03 5.855610000000000000e+05 -9.000000000000000000e+00 4.805731600000000014e+01 9.630000000000000782e+00
1.930000000000000000e+03 5.856590000000000000e+05 3.000000000000000000e+00 5.353682299999999827e+01 9.230000000000000426e+00
1.931000000000000000e+03 5.856940000000000000e+05 3.000000000000000000e+00 6.555660000000000309e+01 8.560000000000000497e+00
1.932000000000000000e+03 5.857550000000000000e+05 2.000000000000000000e+00 7.812964999999999804e+01 9.699999999999999289e+00
1.934000000000000000e+03 5.863300000000000000e+05 1.000000000000000000e+00 1.073215600000000052e+02 1.017999999999999972e+01
1.936000000000000000e+03 5.922160000000000000e+05 2.500000000000000000e+00 9.538841999999999643e+01 1.002999999999999936e+01
1.937000000000000000e+03 5.922940000000000000e+05 1.000000000000000000e+00 2.011550100000000043e+02 1.055000000000000071e+01
1.939000000000000000e+03 5.924190000000000000e+05 1.000000000000000000e+00 1.305766099999999881e+02 1.010999999999999943e+01
1.943000000000000000e+03 5.928350000000000000e+05 3.000000000000000000e+00 9.595046999999999571e+01 1.035999999999999943e+01
1.944000000000000000e+03 5.928580000000000000e+05 1.500000000000000000e+00 1.646778600000000097e+02 1.068999999999999950e+01
1.945000000000000000e+03 5.928630000000000000e+05 3.000000000000000000e+00 4.552926000000000073e+01 9.460000000000000853e+00
1.946000000000000000e+03 5.929990000000000000e+05 2.500000000000000000e+00 1.015171799999999962e+02 1.025999999999999979e+01
1.947000000000000000e+03 5.931170000000000000e+05 2.500000000000000000e+00 1.232539600000000064e+02 1.001999999999999957e+01
1.948000000000000000e+03 5.935260000000000000e+05 3.000000000000000000e+00 5.409951800000000333e+01 9.320000000000000284e+00
1.949000000000000000e+03 5.936420000000000000e+05 1.500000000000000000e+00 7.615980999999999312e+01 9.650000000000000355e+00
1.952000000000000000e+03 5.936820000000000000e+05 3.000000000000000000e+00 5.922122999999999848e+01 9.039999999999999147e+00
1.953000000000000000e+03 5.938130000000000000e+05 1.000000000000000000e+00 2.407068199999999933e+02 1.099000000000000021e+01
1.955000000000000000e+03 5.940530000000000000e+05 1.500000000000000000e+00 1.140816899999999947e+02 1.053999999999999915e+01
1.956000000000000000e+03 5.940590000000000000e+05 3.000000000000000000e+00 4.433073000000000263e+01 9.480000000000000426e+00
1.957000000000000000e+03 5.942650000000000000e+05 3.000000000000000000e+00 4.950649299999999897e+01 9.019999999999999574e+00
1.959000000000000000e+03 5.943640000000000000e+05 3.000000000000000000e+00 4.742855000000000132e+01 9.189999999999999503e+00
1.960000000000000000e+03 5.946740000000000000e+05 3.000000000000000000e+00 5.233507999999999782e+01 9.150000000000000355e+00
1.962000000000000000e+03 5.947310000000000000e+05 3.000000000000000000e+00 5.216031600000000168e+01 9.310000000000000497e+00
1.963000000000000000e+03 5.947850000000000000e+05 3.000000000000000000e+00 4.002403000000000333e+01 8.349999999999999645e+00
1.964000000000000000e+03 5.948340000000000000e+05 2.000000000000000000e+00 1.332749799999999993e+02 1.044999999999999929e+01
1.965000000000000000e+03 5.949060000000000000e+05 3.000000000000000000e+00 8.634378999999999849e+01 9.769999999999999574e+00
1.966000000000000000e+03 5.949180000000000000e+05 3.000000000000000000e+00 4.282280300000000040e+01 9.380000000000000782e+00
1.967000000000000000e+03 5.949460000000000000e+05 5.000000000000000000e-01 7.195928999999999576e+01 9.880000000000000782e+00
1.968000000000000000e+03 5.949640000000000000e+05 3.000000000000000000e+00 6.257281499999999852e+01 8.919999999999999929e+00
1.969000000000000000e+03 5.949670000000000000e+05 3.000000000000000000e+00 5.355346699999999771e+01 9.019999999999999574e+00
1.970000000000000000e+03 5.949700000000000000e+05 3.000000000000000000e+00 3.523707199999999773e+01 9.080000000000000071e+00
1.971000000000000000e+03 5.949860000000000000e+05 3.000000000000000000e+00 7.859650399999999593e+01 1.023000000000000043e+01
1.972000000000000000e+03 5.949900000000000000e+05 1.500000000000000000e+00 9.641258999999999446e+01 1.033999999999999986e+01
1.973000000000000000e+03 5.949920000000000000e+05 5.000000000000000000e+00 5.545744700000000194e+01 9.349999999999999645e+00
1.974000000000000000e+03 5.950270000000000000e+05 3.000000000000000000e+00 7.885751999999999384e+01 9.880000000000000782e+00
1.975000000000000000e+03 5.950600000000000000e+05 2.000000000000000000e+00 7.577357000000000653e+01 1.028999999999999915e+01
1.976000000000000000e+03 5.950880000000000000e+05 3.000000000000000000e+00 6.232206000000000046e+01 9.720000000000000639e+00
1.977000000000000000e+03 5.989110000000000000e+05 3.000000000000000000e+00 5.532254999999999967e+01 9.390000000000000568e+00
1.978000000000000000e+03 5.989680000000000000e+05 3.000000000000000000e+00 6.263454999999999728e+01 1.006000000000000050e+01
1.979000000000000000e+03 5.989990000000000000e+05 2.000000000000000000e+00 8.415618000000000620e+01 1.051999999999999957e+01
1.980000000000000000e+03 5.990950000000000000e+05 3.000000000000000000e+00 7.710818000000000438e+01 9.439999999999999503e+00
1.981000000000000000e+03 5.991340000000000000e+05 3.000000000000000000e+00 5.548460399999999737e+01 9.089999999999999858e+00
1.982000000000000000e+03 5.993100000000000000e+05 2.000000000000000000e+00 1.635340300000000013e+02 1.088000000000000078e+01
1.986000000000000000e+03 5.997610000000000000e+05 2.000000000000000000e+00 1.217634699999999981e+02 1.088000000000000078e+01
1.987000000000000000e+03 5.998340000000000000e+05 0.000000000000000000e+00 2.234321899999999914e+02 1.121000000000000085e+01
1.988000000000000000e+03 5.998380000000000000e+05 0.000000000000000000e+00 2.009032400000000109e+02 1.115000000000000036e+01
1.989000000000000000e+03 5.998390000000000000e+05 3.000000000000000000e+00 1.005307200000000023e+02 9.929999999999999716e+00
1.990000000000000000e+03 5.998460000000000000e+05 2.500000000000000000e+00 9.895774000000000115e+01 1.024000000000000021e+01
1.993000000000000000e+03 5.998770000000000000e+05 2.000000000000000000e+00 7.870215000000000316e+01 1.030000000000000071e+01
1.994000000000000000e+03 6.000140000000000000e+05 3.000000000000000000e+00 4.339806000000000097e+01 9.169999999999999929e+00
1.995000000000000000e+03 6.000260000000000000e+05 2.500000000000000000e+00 8.424894999999999357e+01 1.027999999999999936e+01
1.997000000000000000e+03 6.003120000000000000e+05 3.000000000000000000e+00 4.617483000000000004e+01 8.859999999999999432e+00
1.999000000000000000e+03 6.005950000000000000e+05 -9.000000000000000000e+00 4.336005999999999716e+01 9.029999999999999361e+00
2.000000000000000000e+03 6.007430000000000000e+05 5.000000000000000000e-01 2.048700699999999983e+02 1.096000000000000085e+01
2.001000000000000000e+03 6.008820000000000000e+05 5.000000000000000000e-01 1.248530700000000024e+02 1.027999999999999936e+01
2.002000000000000000e+03 6.009150000000000000e+05 1.000000000000000000e+00 1.698151400000000137e+02 1.080000000000000071e+01
2.003000000000000000e+03 6.009160000000000000e+05 2.500000000000000000e+00 9.955194000000000187e+01 1.008000000000000007e+01
2.004000000000000000e+03 6.009290000000000000e+05 1.000000000000000000e+00 1.391850300000000118e+02 1.064000000000000057e+01
2.005000000000000000e+03 6.009730000000000000e+05 5.000000000000000000e-01 1.389214200000000119e+02 1.038000000000000078e+01
2.006000000000000000e+03 6.009740000000000000e+05 3.000000000000000000e+00 5.041351699999999880e+01 1.002999999999999936e+01
2.007000000000000000e+03 6.009770000000000000e+05 2.000000000000000000e+00 1.328314499999999896e+02 1.061999999999999922e+01
2.008000000000000000e+03 6.010130000000000000e+05 1.000000000000000000e+00 1.994976499999999930e+02 1.086999999999999922e+01
2.009000000000000000e+03 6.010180000000000000e+05 1.500000000000000000e+00 5.982988399999999984e+01 9.720000000000000639e+00
2.011000000000000000e+03 6.011020000000000000e+05 1.500000000000000000e+00 1.182061900000000065e+02 1.034999999999999964e+01
2.012000000000000000e+03 6.011050000000000000e+05 1.500000000000000000e+00 1.479944500000000005e+02 1.052999999999999936e+01
2.014000000000000000e+03 6.012100000000000000e+05 1.000000000000000000e+00 2.618312000000000239e+02 1.100999999999999979e+01
2.015000000000000000e+03 6.012550000000000000e+05 2.000000000000000000e+00 1.896315800000000138e+02 1.091000000000000014e+01
2.016000000000000000e+03 6.012830000000000000e+05 0.000000000000000000e+00 1.460278600000000040e+02 1.016999999999999993e+01
2.017000000000000000e+03 6.013230000000000000e+05 2.000000000000000000e+00 8.748492000000000246e+01 1.073000000000000043e+01
2.019000000000000000e+03 6.093070000000000000e+05 2.500000000000000000e+00 8.392453000000000429e+01 9.779999999999999361e+00
2.020000000000000000e+03 6.093300000000000000e+05 1.000000000000000000e+00 1.954120000000000061e+02 1.091000000000000014e+01
2.023000000000000000e+03 6.094330000000000000e+05 3.000000000000000000e+00 5.975570700000000102e+01 8.839999999999999858e+00
2.024000000000000000e+03 6.095710000000000000e+05 3.000000000000000000e+00 5.549606699999999648e+01 9.519999999999999574e+00
2.026000000000000000e+03 6.099120000000000000e+05 2.000000000000000000e+00 9.954062000000000410e+01 1.030000000000000071e+01
2.027000000000000000e+03 6.099480000000000000e+05 1.500000000000000000e+00 1.718916000000000111e+02 1.090000000000000036e+01
2.028000000000000000e+03 6.100540000000000000e+05 2.500000000000000000e+00 1.095152199999999993e+02 1.032000000000000028e+01
2.029000000000000000e+03 6.103960000000000000e+05 1.500000000000000000e+00 1.560543999999999869e+02 1.068999999999999950e+01
2.031000000000000000e+03 6.104040000000000000e+05 1.000000000000000000e+00 1.820815699999999993e+02 1.066999999999999993e+01
2.032000000000000000e+03 6.104740000000000000e+05 2.000000000000000000e+00 7.808777600000000518e+01 1.000999999999999979e+01
2.033000000000000000e+03 6.105450000000000000e+05 2.000000000000000000e+00 2.310275300000000129e+02 1.130000000000000071e+01
2.036000000000000000e+03 6.108460000000000000e+05 2.000000000000000000e+00 1.180260499999999979e+02 1.056000000000000050e+01
2.038000000000000000e+03 6.109970000000000000e+05 3.000000000000000000e+00 4.935647199999999657e+01 9.320000000000000284e+00
2.039000000000000000e+03 6.110020000000000000e+05 3.000000000000000000e+00 3.849573500000000337e+01 8.679999999999999716e+00
2.041000000000000000e+03 6.110940000000000000e+05 3.000000000000000000e+00 6.907583599999999535e+01 8.960000000000000853e+00
2.043000000000000000e+03 6.112230000000000000e+05 3.000000000000000000e+00 5.046306200000000075e+01 9.109999999999999432e+00
2.044000000000000000e+03 6.116290000000000000e+05 2.500000000000000000e+00 5.221278800000000331e+01 9.460000000000000853e+00
2.046000000000000000e+03 6.176550000000000000e+05 3.000000000000000000e+00 5.172398799999999852e+01 9.070000000000000284e+00
2.047000000000000000e+03 6.176650000000000000e+05 -9.000000000000000000e+00 5.920085000000000264e+01 9.050000000000000711e+00
2.048000000000000000e+03 6.179450000000000000e+05 3.000000000000000000e+00 4.117343999999999937e+01 8.470000000000000639e+00
2.049000000000000000e+03 6.179890000000000000e+05 1.500000000000000000e+00 1.469509600000000091e+02 1.044999999999999929e+01
2.052000000000000000e+03 6.181080000000000000e+05 2.000000000000000000e+00 1.269857939999999985e+02 1.042999999999999972e+01
2.053000000000000000e+03 6.181160000000000000e+05 2.000000000000000000e+00 9.227975999999999601e+01 1.025000000000000000e+01
2.054000000000000000e+03 6.181420000000000000e+05 1.000000000000000000e+00 1.271583559999999977e+02 1.019999999999999929e+01
2.055000000000000000e+03 6.181430000000000000e+05 1.500000000000000000e+00 2.094527899999999931e+02 1.061999999999999922e+01
2.056000000000000000e+03 6.181440000000000000e+05 1.000000000000000000e+00 1.067198800000000034e+02 1.023000000000000043e+01
2.057000000000000000e+03 6.181510000000000000e+05 0.000000000000000000e+00 1.483534400000000062e+02 1.051999999999999957e+01
2.058000000000000000e+03 6.181520000000000000e+05 3.000000000000000000e+00 3.993184300000000064e+01 1.000999999999999979e+01
2.059000000000000000e+03 6.182200000000000000e+05 2.000000000000000000e+00 1.110747099999999961e+02 1.058999999999999986e+01
2.061000000000000000e+03 6.189060000000000000e+05 1.500000000000000000e+00 1.425047800000000109e+02 1.057000000000000028e+01
2.062000000000000000e+03 6.189120000000000000e+05 5.000000000000000000e-01 1.231965200000000067e+02 1.033999999999999986e+01
2.063000000000000000e+03 6.189290000000000000e+05 0.000000000000000000e+00 3.038958400000000211e+02 1.133000000000000007e+01
2.065000000000000000e+03 6.189310000000000000e+05 0.000000000000000000e+00 9.938357000000000596e+01 1.017999999999999972e+01
2.066000000000000000e+03 6.189350000000000000e+05 3.000000000000000000e+00 9.161686000000000263e+01 9.769999999999999574e+00
2.067000000000000000e+03 6.189370000000000000e+05 5.000000000000000000e-01 1.153521599999999978e+02 1.028999999999999915e+01
2.068000000000000000e+03 6.189380000000000000e+05 1.000000000000000000e+00 1.789725599999999872e+02 1.064000000000000057e+01
2.070000000000000000e+03 6.189420000000000000e+05 0.000000000000000000e+00 1.185054599999999994e+02 1.056000000000000050e+01
2.071000000000000000e+03 6.189470000000000000e+05 5.000000000000000000e-01 1.545574799999999982e+02 1.058999999999999986e+01
2.072000000000000000e+03 6.189520000000000000e+05 1.500000000000000000e+00 1.569684900000000027e+02 1.075999999999999979e+01
2.073000000000000000e+03 6.189760000000000000e+05 1.000000000000000000e+00 1.619005300000000034e+02 1.053999999999999915e+01
2.074000000000000000e+03 6.189880000000000000e+05 1.000000000000000000e+00 9.959556999999999505e+01 1.003999999999999915e+01
2.075000000000000000e+03 6.189920000000000000e+05 2.000000000000000000e+00 1.845033300000000054e+02 1.081000000000000050e+01
2.077000000000000000e+03 6.190460000000000000e+05 3.000000000000000000e+00 6.635730999999999824e+01 9.119999999999999218e+00
2.079000000000000000e+03 6.190950000000000000e+05 2.500000000000000000e+00 1.216882860000000051e+02 1.047000000000000064e+01
2.080000000000000000e+03 6.190970000000000000e+05 2.000000000000000000e+00 1.095181000000000040e+02 9.970000000000000639e+00
2.084000000000000000e+03 6.192200000000000000e+05 3.000000000000000000e+00 5.064258199999999732e+01 9.339999999999999858e+00
2.085000000000000000e+03 6.192240000000000000e+05 3.000000000000000000e+00 6.014323999999999870e+01 9.099999999999999645e+00
2.086000000000000000e+03 6.192580000000000000e+05 0.000000000000000000e+00 1.542944500000000119e+02 1.007000000000000028e+01
2.092000000000000000e+03 6.200870000000000000e+05 3.000000000000000000e+00 6.452989999999999782e+01 9.369999999999999218e+00
2.096000000000000000e+03 6.219880000000000000e+05 2.000000000000000000e+00 1.099647140000000007e+02 1.096000000000000085e+01
2.098000000000000000e+03 6.222280000000000000e+05 2.000000000000000000e+00 1.548055999999999983e+02 1.092999999999999972e+01
2.099000000000000000e+03 6.223050000000000000e+05 2.000000000000000000e+00 1.423900999999999897e+02 1.061999999999999922e+01
2.101000000000000000e+03 6.223500000000000000e+05 0.000000000000000000e+00 2.042010999999999967e+02 1.109999999999999964e+01
2.102000000000000000e+03 6.223940000000000000e+05 3.000000000000000000e+00 5.878130999999999773e+01 9.220000000000000639e+00
2.103000000000000000e+03 6.224290000000000000e+05 1.500000000000000000e+00 1.726326300000000060e+02 1.050999999999999979e+01
2.104000000000000000e+03 6.224340000000000000e+05 2.000000000000000000e+00 1.421635300000000086e+02 1.066000000000000014e+01
2.105000000000000000e+03 6.225340000000000000e+05 3.000000000000000000e+00 7.919141999999999371e+01 9.089999999999999858e+00
2.107000000000000000e+03 6.225960000000000000e+05 2.000000000000000000e+00 1.220455299999999994e+02 1.041999999999999993e+01
2.108000000000000000e+03 6.226940000000000000e+05 2.000000000000000000e+00 1.254955999999999960e+02 1.074000000000000021e+01
2.109000000000000000e+03 6.227440000000000000e+05 3.000000000000000000e+00 5.012469000000000108e+01 9.160000000000000142e+00
2.110000000000000000e+03 6.227700000000000000e+05 1.500000000000000000e+00 8.182084999999999297e+01 1.000999999999999979e+01
2.111000000000000000e+03 6.227870000000000000e+05 1.000000000000000000e+00 2.287307999999999879e+02 1.091999999999999993e+01
2.112000000000000000e+03 6.228580000000000000e+05 3.000000000000000000e+00 5.149924000000000035e+01 9.089999999999999858e+00
2.114000000000000000e+03 6.230170000000000000e+05 5.000000000000000000e-01 1.643748600000000124e+02 1.084999999999999964e+01
2.115000000000000000e+03 6.230430000000000000e+05 1.000000000000000000e+00 1.702031200000000126e+02 1.049000000000000021e+01
2.116000000000000000e+03 6.231430000000000000e+05 1.500000000000000000e+00 1.288139600000000087e+02 1.038000000000000078e+01
2.117000000000000000e+03 6.231440000000000000e+05 2.000000000000000000e+00 7.257139999999999702e+01 1.048000000000000043e+01
2.118000000000000000e+03 6.231610000000000000e+05 2.000000000000000000e+00 1.177154850000000010e+02 1.017999999999999972e+01
2.119000000000000000e+03 6.232720000000000000e+05 2.000000000000000000e+00 1.180934000000000026e+02 1.025000000000000000e+01
2.120000000000000000e+03 6.233660000000000000e+05 2.500000000000000000e+00 7.532886000000000593e+01 1.041999999999999993e+01
2.124000000000000000e+03 6.236790000000000000e+05 2.500000000000000000e+00 9.745427999999999713e+01 1.023000000000000043e+01
2.125000000000000000e+03 6.237120000000000000e+05 3.000000000000000000e+00 4.295112600000000214e+01 9.160000000000000142e+00
2.126000000000000000e+03 6.237220000000000000e+05 3.000000000000000000e+00 4.146609999999999729e+01 8.859999999999999432e+00
2.128000000000000000e+03 6.634400000000000000e+05 5.000000000000000000e-01 7.888396500000000344e+01 9.949999999999999289e+00
2.154000000000000000e+03 9.008500007000000000e+09 0.000000000000000000e+00 2.650573699999999917e+02 1.093999299999999941e+01
2.155000000000000000e+03 9.008500018000000000e+09 5.000000000000000000e-01 1.305050400000000081e+02 1.002861900000000084e+01
2.156000000000000000e+03 9.008500020000000000e+09 0.000000000000000000e+00 1.704778599999999926e+02 1.089494999999999969e+01
2.157000000000000000e+03 9.008500022000000000e+09 5.000000000000000000e-01 9.817959000000000458e+01 1.014007800000000081e+01
2.158000000000000000e+03 9.008500024000000000e+09 5.000000000000000000e-01 1.871088699999999960e+02 1.075354699999999930e+01
2.159000000000000000e+03 9.008500034000000000e+09 1.000000000000000000e+00 1.439261799999999880e+02 1.019932299999999969e+01
2.160000000000000000e+03 9.008500042000000000e+09 0.000000000000000000e+00 2.023228599999999915e+02 1.052263800000000060e+01
2.161000000000000000e+03 9.008500043000000000e+09 3.000000000000000000e+00 5.350552700000000073e+01 9.631679999999999353e+00
2.162000000000000000e+03 9.008500059000000000e+09 0.000000000000000000e+00 2.048463399999999979e+02 1.061220900000000000e+01
2.163000000000000000e+03 9.008500062000000000e+09 2.000000000000000000e+00 1.501483800000000031e+02 1.062739799999999946e+01
2.164000000000000000e+03 9.008500064000000000e+09 0.000000000000000000e+00 1.251979749999999996e+02 1.001446999999999932e+01
2.165000000000000000e+03 9.008500067000000000e+09 1.000000000000000000e+00 1.866973700000000065e+02 1.062026600000000087e+01
2.166000000000000000e+03 9.008500068000000000e+09 0.000000000000000000e+00 8.744359000000000037e+01 1.018911400000000000e+01
2.167000000000000000e+03 9.008500069000000000e+09 1.000000000000000000e+00 2.020425600000000088e+02 1.090125399999999978e+01
2.168000000000000000e+03 9.008500070000000000e+09 1.000000000000000000e+00 1.667355699999999956e+02 1.062780300000000011e+01
2.170000000000000000e+03 9.008500077000000000e+09 0.000000000000000000e+00 1.831646000000000072e+02 1.076404499999999942e+01
2.171000000000000000e+03 9.008500080000000000e+09 1.500000000000000000e+00 8.954831000000000074e+01 1.008624900000000046e+01
2.172000000000000000e+03 9.008500082000000000e+09 1.000000000000000000e+00 8.962012000000000000e+01 1.035401399999999938e+01
2.173000000000000000e+03 9.008500083000000000e+09 1.000000000000000000e+00 1.414267299999999921e+02 1.027559199999999962e+01
2.174000000000000000e+03 9.008500084000000000e+09 2.500000000000000000e+00 8.965115000000000123e+01 9.554406999999999428e+00
2.175000000000000000e+03 9.008500089000000000e+09 1.000000000000000000e+00 3.299465000000000146e+02 1.098720400000000019e+01
2.176000000000000000e+03 9.008500093000000000e+09 1.000000000000000000e+00 1.113228500000000025e+02 1.011204200000000064e+01
2.177000000000000000e+03 9.008500096000000000e+09 0.000000000000000000e+00 1.642500000000000000e+02 1.090576000000000079e+01
2.178000000000000000e+03 9.008500099000000000e+09 -9.000000000000000000e+00 7.653750999999999749e+01 1.024638400000000082e+01
2.179000000000000000e+03 9.008500100000000000e+09 1.500000000000000000e+00 1.298963500000000124e+02 1.022978799999999922e+01
2.181000000000000000e+03 9.008500105000000000e+09 1.000000000000000000e+00 1.571284599999999898e+02 1.010597699999999932e+01
2.182000000000000000e+03 9.008500107000000000e+09 2.500000000000000000e+00 1.012566699999999997e+02 1.043972899999999981e+01
2.183000000000000000e+03 9.008500110000000000e+09 1.000000000000000000e+00 2.178725900000000024e+02 1.075023400000000073e+01
2.185000000000000000e+03 9.008500117000000000e+09 2.500000000000000000e+00 6.578741999999999734e+01 9.746698000000000306e+00
2.186000000000000000e+03 9.008500118000000000e+09 0.000000000000000000e+00 1.226406999999999954e+02 1.035859400000000008e+01
2.188000000000000000e+03 9.008500122000000000e+09 5.000000000000000000e-01 1.296957700000000102e+02 1.028857299999999952e+01
2.189000000000000000e+03 9.008500128000000000e+09 1.500000000000000000e+00 1.183206200000000052e+02 1.030692299999999939e+01
2.191000000000000000e+03 9.008500134000000000e+09 5.000000000000000000e-01 1.515638700000000085e+02 1.017074900000000071e+01
2.193000000000000000e+03 9.008500137000000000e+09 1.500000000000000000e+00 7.871150000000000091e+01 1.004504900000000056e+01
2.194000000000000000e+03 9.008500138000000000e+09 0.000000000000000000e+00 1.140429000000000030e+02 1.037810799999999922e+01
2.195000000000000000e+03 9.008500139000000000e+09 0.000000000000000000e+00 1.319622999999999990e+02 1.047900199999999948e+01
2.196000000000000000e+03 9.008500141000000000e+09 2.500000000000000000e+00 5.778257800000000088e+01 1.020166900000000076e+01
2.198000000000000000e+03 9.008500158000000000e+09 1.500000000000000000e+00 1.000377500000000026e+02 1.014674699999999952e+01
2.199000000000000000e+03 9.008500160000000000e+09 5.000000000000000000e-01 9.403319999999999368e+01 1.011308099999999932e+01
2.200000000000000000e+03 9.008500161000000000e+09 3.000000000000000000e+00 4.854104999999999848e+01 9.623853999999999687e+00
2.201000000000000000e+03 9.008500166000000000e+09 1.500000000000000000e+00 1.258962800000000044e+02 1.041252099999999992e+01
2.202000000000000000e+03 9.008500169000000000e+09 0.000000000000000000e+00 1.738480700000000070e+02 1.070936099999999946e+01
2.203000000000000000e+03 9.008500171000000000e+09 1.000000000000000000e+00 9.660847499999999854e+01 1.006603699999999968e+01
2.204000000000000000e+03 9.008500172000000000e+09 1.000000000000000000e+00 2.016279600000000016e+02 1.039523100000000078e+01
2.207000000000000000e+03 9.008500182000000000e+09 0.000000000000000000e+00 1.665221400000000074e+02 1.043548900000000046e+01
2.208000000000000000e+03 9.008500185000000000e+09 3.000000000000000000e+00 6.663913999999999760e+01 9.546433999999999642e+00
2.210000000000000000e+03 9.008500193000000000e+09 5.000000000000000000e-01 1.211940299999999979e+02 1.005542299999999933e+01
2.211000000000000000e+03 9.008500196000000000e+09 1.000000000000000000e+00 1.801957899999999881e+02 1.061515900000000023e+01
2.212000000000000000e+03 9.008500197000000000e+09 5.000000000000000000e-01 1.131826300000000032e+02 1.016734899999999975e+01
2.213000000000000000e+03 9.008500204000000000e+09 1.500000000000000000e+00 1.013290939999999978e+02 1.015393199999999929e+01
2.216000000000000000e+03 9.008500209000000000e+09 2.000000000000000000e+00 1.748494599999999934e+02 1.080764100000000028e+01
2.217000000000000000e+03 9.008500210000000000e+09 1.000000000000000000e+00 1.397993500000000040e+02 1.020839900000000000e+01
2.219000000000000000e+03 9.008500221000000000e+09 1.500000000000000000e+00 7.847307000000000698e+01 1.000045000000000073e+01
2.220000000000000000e+03 9.008500224000000000e+09 1.000000000000000000e+00 9.414284999999999570e+01 1.000387899999999952e+01
2.221000000000000000e+03 9.008500225000000000e+09 0.000000000000000000e+00 2.321522699999999872e+02 1.092243799999999965e+01
2.223000000000000000e+03 9.008500228000000000e+09 2.000000000000000000e+00 8.413331999999999766e+01 1.006226799999999955e+01
2.224000000000000000e+03 9.008500234000000000e+09 0.000000000000000000e+00 2.134181800000000067e+02 1.091167500000000068e+01
2.225000000000000000e+03 9.008500236000000000e+09 1.000000000000000000e+00 1.244960399999999936e+02 1.019804599999999972e+01
2.226000000000000000e+03 9.008500237000000000e+09 1.000000000000000000e+00 1.983793200000000070e+02 1.058217400000000019e+01
2.228000000000000000e+03 9.008500240000000000e+09 5.000000000000000000e-01 1.076790160000000043e+02 1.013731800000000050e+01
2.229000000000000000e+03 9.008500245000000000e+09 5.000000000000000000e-01 2.592739000000000260e+02 1.085508699999999926e+01
2.230000000000000000e+03 9.008500246000000000e+09 1.000000000000000000e+00 1.344790199999999913e+02 1.032448100000000046e+01
2.231000000000000000e+03 9.008500249000000000e+09 5.000000000000000000e-01 1.177480240000000009e+02 1.026167000000000051e+01
2.232000000000000000e+03 9.008500251000000000e+09 1.000000000000000000e+00 1.068658499999999947e+02 1.043357100000000059e+01
2.233000000000000000e+03 9.008500256000000000e+09 1.000000000000000000e+00 1.492548400000000015e+02 1.028525450000000063e+01
2.234000000000000000e+03 9.008500264000000000e+09 2.500000000000000000e+00 9.902882999999999925e+01 1.022895049999999983e+01
2.236000000000000000e+03 9.008500282000000000e+09 1.000000000000000000e+00 1.959345700000000079e+02 1.031100750000000055e+01
2.237000000000000000e+03 9.008500292000000000e+09 1.000000000000000000e+00 1.341543000000000063e+02 1.038402750000000019e+01
2.238000000000000000e+03 9.008500296000000000e+09 1.000000000000000000e+00 1.303599900000000105e+02 1.046169899999999942e+01
2.239000000000000000e+03 9.008500302000000000e+09 1.000000000000000000e+00 2.016362599999999929e+02 1.074937399999999954e+01
2.240000000000000000e+03 9.008500303000000000e+09 0.000000000000000000e+00 1.872304000000000030e+02 1.075040000000000084e+01
2.241000000000000000e+03 9.008500307000000000e+09 0.000000000000000000e+00 9.625177999999999656e+01 1.016124199999999966e+01
2.243000000000000000e+03 9.008500316000000000e+09 2.000000000000000000e+00 1.295023999999999944e+02 1.054043399999999941e+01
2.244000000000000000e+03 9.008500318000000000e+09 2.500000000000000000e+00 1.045005000000000024e+02 1.009670599999999929e+01
2.245000000000000000e+03 9.008500323000000000e+09 1.500000000000000000e+00 1.951265699999999867e+02 1.077980100000000085e+01
2.246000000000000000e+03 9.008500326000000000e+09 1.500000000000000000e+00 9.336819500000000005e+01 1.008939100000000089e+01
2.247000000000000000e+03 9.008500328000000000e+09 0.000000000000000000e+00 1.935652800000000013e+02 1.061660400000000060e+01
2.248000000000000000e+03 9.008500333000000000e+09 0.000000000000000000e+00 1.971260699999999986e+02 1.062674499999999966e+01
2.249000000000000000e+03 9.008500339000000000e+09 5.000000000000000000e-01 1.022747399999999942e+02 1.027998099999999937e+01
2.250000000000000000e+03 9.008500347000000000e+09 0.000000000000000000e+00 1.055337799999999930e+02 1.025765799999999928e+01
2.251000000000000000e+03 9.008500351000000000e+09 5.000000000000000000e-01 1.398701800000000048e+02 1.045345099999999938e+01
2.252000000000000000e+03 9.008500356000000000e+09 2.000000000000000000e+00 1.173578339999999969e+02 1.038185999999999964e+01
2.253000000000000000e+03 9.008500359000000000e+09 5.000000000000000000e-01 1.519686100000000124e+02 1.023798099999999955e+01
2.254000000000000000e+03 9.008500362000000000e+09 1.000000000000000000e+00 8.223202999999999463e+01 1.004025700000000043e+01
2.255000000000000000e+03 9.008500365000000000e+09 0.000000000000000000e+00 1.631482399999999870e+02 1.060686800000000041e+01
2.257000000000000000e+03 9.008500391000000000e+09 1.000000000000000000e+00 1.335648300000000006e+02 1.057921799999999912e+01
2.258000000000000000e+03 9.008500394000000000e+09 1.000000000000000000e+00 1.504806399999999940e+02 1.053292199999999923e+01
2.259000000000000000e+03 9.008500398000000000e+09 1.500000000000000000e+00 1.336200300000000141e+02 1.020429900000000067e+01
2.260000000000000000e+03 9.008500405000000000e+09 1.000000000000000000e+00 2.443147899999999879e+02 1.097125149999999927e+01
2.261000000000000000e+03 9.008500450000000000e+09 1.500000000000000000e+00 7.360773000000000366e+01 1.013366500000000059e+01
2.262000000000000000e+03 9.008500454000000000e+09 3.000000000000000000e+00 6.104489999999999839e+01 9.831386000000000180e+00
2.263000000000000000e+03 9.008500461000000000e+09 3.000000000000000000e+00 5.713834399999999647e+01 9.583410999999999902e+00
2.264000000000000000e+03 9.008500463000000000e+09 1.500000000000000000e+00 1.661834299999999871e+02 1.022278900000000057e+01
2.265000000000000000e+03 9.008500472000000000e+09 3.000000000000000000e+00 6.813936599999999544e+01 9.818075000000000330e+00
2.266000000000000000e+03 9.008500477000000000e+09 1.500000000000000000e+00 9.108943999999999619e+01 1.051145700000000005e+01
2.267000000000000000e+03 9.008500492000000000e+09 1.500000000000000000e+00 7.777367399999999975e+01 1.025758899999999940e+01
2.268000000000000000e+03 9.008500500000000000e+09 2.500000000000000000e+00 1.063208499999999930e+02 1.023967099999999952e+01
2.270000000000000000e+03 9.008500516000000000e+09 1.500000000000000000e+00 1.254150800000000032e+02 1.064651600000000009e+01
2.272000000000000000e+03 9.008500533000000000e+09 5.000000000000000000e-01 1.054275200000000012e+02 1.000546899999999972e+01
2.273000000000000000e+03 9.008500535000000000e+09 2.000000000000000000e+00 1.016689499999999953e+02 1.041513400000000011e+01
2.274000000000000000e+03 9.008500542000000000e+09 5.000000000000000000e-01 7.761642999999999404e+01 1.004047599999999996e+01
2.275000000000000000e+03 9.008500586000000000e+09 1.000000000000000000e+00 1.082225799999999936e+02 1.006362299999999976e+01
2.276000000000000000e+03 9.008500615000000000e+09 1.500000000000000000e+00 1.331747100000000046e+02 1.062784199999999935e+01
2.277000000000000000e+03 9.008500624000000000e+09 3.000000000000000000e+00 5.886521499999999918e+01 9.780770999999999660e+00
2.278000000000000000e+03 9.008500631000000000e+09 5.000000000000000000e-01 1.593255200000000116e+02 1.032897299999999952e+01
2.279000000000000000e+03 9.008500643000000000e+09 1.500000000000000000e+00 1.385859199999999873e+02 1.035923599999999922e+01
2.280000000000000000e+03 9.008500646000000000e+09 2.000000000000000000e+00 1.147857499999999931e+02 1.065084099999999978e+01
2.281000000000000000e+03 9.008500663000000000e+09 5.000000000000000000e-01 1.096370600000000053e+02 1.011390600000000006e+01
2.282000000000000000e+03 9.008500673000000000e+09 2.000000000000000000e+00 7.891241999999999734e+01 1.077118399999999987e+01
2.283000000000000000e+03 9.008500679000000000e+09 1.500000000000000000e+00 1.038122560000000050e+02 1.027796700000000030e+01
2.284000000000000000e+03 9.008500681000000000e+09 3.000000000000000000e+00 7.440637999999999863e+01 9.554323000000000121e+00
2.285000000000000000e+03 9.008500688000000000e+09 0.000000000000000000e+00 1.317107699999999966e+02 1.008108900000000041e+01
2.286000000000000000e+03 9.008500689000000000e+09 3.000000000000000000e+00 5.739902000000000015e+01 9.535940000000000083e+00
2.287000000000000000e+03 9.008500690000000000e+09 1.000000000000000000e+00 1.069081299999999999e+02 1.035451400000000000e+01
2.288000000000000000e+03 9.008500701000000000e+09 2.000000000000000000e+00 1.111572800000000001e+02 1.043088799999999949e+01
2.289000000000000000e+03 9.008500716000000000e+09 1.500000000000000000e+00 1.351813400000000058e+02 1.038052000000000064e+01
2.290000000000000000e+03 9.008500717000000000e+09 3.000000000000000000e+00 6.233021500000000259e+01 9.664438999999999780e+00
2.291000000000000000e+03 9.008500722000000000e+09 1.500000000000000000e+00 9.240100999999999942e+01 1.019154699999999991e+01
2.293000000000000000e+03 9.008500724000000000e+09 1.500000000000000000e+00 1.257130800000000050e+02 1.089203900000000047e+01
2.294000000000000000e+03 9.008500730000000000e+09 1.500000000000000000e+00 7.471846999999999639e+01 1.003543499999999966e+01
2.295000000000000000e+03 9.008500731000000000e+09 1.000000000000000000e+00 1.705335200000000100e+02 1.074097399999999958e+01
2.296000000000000000e+03 9.008500735000000000e+09 1.000000000000000000e+00 1.585801700000000096e+02 1.037485900000000072e+01
2.297000000000000000e+03 9.008500744000000000e+09 1.000000000000000000e+00 1.258066900000000032e+02 1.011562400000000039e+01
2.298000000000000000e+03 9.008500748000000000e+09 3.000000000000000000e+00 4.944883300000000048e+01 1.005703600000000009e+01
2.299000000000000000e+03 9.008500751000000000e+09 -9.000000000000000000e+00 8.991898000000000479e+01 1.005739299999999936e+01
2.300000000000000000e+03 9.008500753000000000e+09 5.000000000000000000e-01 9.022981000000000051e+01 1.000738600000000034e+01
2.301000000000000000e+03 9.008500759000000000e+09 1.000000000000000000e+00 1.524647199999999998e+02 1.030577899999999936e+01
2.302000000000000000e+03 9.008500777000000000e+09 1.000000000000000000e+00 1.917656200000000126e+02 1.056956300000000049e+01
2.304000000000000000e+03 9.008500795000000000e+09 1.500000000000000000e+00 9.154558000000000106e+01 1.059406500000000051e+01
2.305000000000000000e+03 9.008500805000000000e+09 3.000000000000000000e+00 6.743943000000000154e+01 9.695021999999999807e+00
2.306000000000000000e+03 9.008500829000000000e+09 0.000000000000000000e+00 1.299506399999999928e+02 1.031780599999999914e+01
2.307000000000000000e+03 9.008500848000000000e+09 1.000000000000000000e+00 2.401436199999999985e+02 1.067162599999999983e+01
2.308000000000000000e+03 9.008500857000000000e+09 3.000000000000000000e+00 4.251135299999999972e+01 9.910721000000000558e+00
2.309000000000000000e+03 9.008500862000000000e+09 1.000000000000000000e+00 2.473588699999999960e+02 1.067376900000000006e+01
2.310000000000000000e+03 9.008500868000000000e+09 0.000000000000000000e+00 1.290380000000000109e+02 1.007260400000000011e+01
2.311000000000000000e+03 9.008500890000000000e+09 1.500000000000000000e+00 1.030618740000000031e+02 1.037496499999999955e+01
2.314000000000000000e+03 9.008500897000000000e+09 5.000000000000000000e-01 1.399485200000000020e+02 1.030036699999999961e+01
2.315000000000000000e+03 9.008500907000000000e+09 2.500000000000000000e+00 7.184188000000000329e+01 1.020043700000000086e+01
2.316000000000000000e+03 9.008500938000000000e+09 2.000000000000000000e+00 9.456287399999999366e+01 1.033515599999999957e+01
2.317000000000000000e+03 9.008500939000000000e+09 1.500000000000000000e+00 1.309164000000000101e+02 1.053627700000000011e+01
2.318000000000000000e+03 9.008500951000000000e+09 1.000000000000000000e+00 1.377747300000000052e+02 1.049284399999999984e+01
2.320000000000000000e+03 9.008501016000000000e+09 1.500000000000000000e+00 1.307655499999999904e+02 1.038788100000000014e+01
2.321000000000000000e+03 9.008501024000000000e+09 -9.000000000000000000e+00 1.581039900000000102e+02 1.040712699999999913e+01
2.322000000000000000e+03 9.008501028000000000e+09 1.000000000000000000e+00 2.394282399999999882e+02 1.052947299999999942e+01
2.323000000000000000e+03 9.008501058000000000e+09 5.000000000000000000e-01 1.235661900000000060e+02 1.005261699999999969e+01
2.324000000000000000e+03 9.008501077000000000e+09 0.000000000000000000e+00 7.865031399999999451e+01 1.011010899999999957e+01
2.325000000000000000e+03 9.008501098000000000e+09 1.500000000000000000e+00 9.314423999999999637e+01 1.014436500000000052e+01
2.326000000000000000e+03 9.008501218000000000e+09 1.500000000000000000e+00 1.757047599999999932e+02 1.052000499999999938e+01
2.331000000000000000e+03 9.011900006000000000e+09 0.000000000000000000e+00 2.288057300000000112e+02 1.084140900000000052e+01
2.334000000000000000e+03 9.011900013000000000e+09 5.000000000000000000e-01 1.610498800000000017e+02 1.037607999999999997e+01
2.335000000000000000e+03 9.011900014000000000e+09 2.500000000000000000e+00 5.450126300000000157e+01 9.794188000000000116e+00
2.336000000000000000e+03 9.011900017000000000e+09 -9.000000000000000000e+00 6.756943499999999858e+01 9.575955000000000439e+00
2.337000000000000000e+03 9.011900019000000000e+09 -9.000000000000000000e+00 7.717700000000000671e+01 9.553914999999999935e+00
2.338000000000000000e+03 9.011900020000000000e+09 2.500000000000000000e+00 4.861252600000000257e+01 9.501628000000000185e+00
2.340000000000000000e+03 9.011900025000000000e+09 1.000000000000000000e+00 8.268855999999999540e+01 9.805206999999999340e+00
2.341000000000000000e+03 9.011900026000000000e+09 1.000000000000000000e+00 6.662554000000000087e+01 1.011273399999999967e+01
2.342000000000000000e+03 9.011900030000000000e+09 2.000000000000000000e+00 2.349314300000000060e+02 1.117833800000000011e+01
2.344000000000000000e+03 9.011900037000000000e+09 1.500000000000000000e+00 8.601152999999999338e+01 9.636428000000000438e+00
2.345000000000000000e+03 9.011900038000000000e+09 -9.000000000000000000e+00 5.550835399999999709e+01 9.506463000000000108e+00
2.346000000000000000e+03 9.011900044000000000e+09 -9.000000000000000000e+00 6.425716400000000306e+01 9.605449000000000126e+00
2.347000000000000000e+03 9.011900045000000000e+09 5.000000000000000000e-01 1.028420100000000019e+02 1.004332100000000061e+01
2.348000000000000000e+03 9.011900048000000000e+09 1.000000000000000000e+00 2.138083499999999901e+02 1.089030200000000015e+01
2.350000000000000000e+03 9.011900051000000000e+09 0.000000000000000000e+00 2.030077499999999873e+02 1.058116200000000084e+01
2.352000000000000000e+03 9.011900057000000000e+09 1.000000000000000000e+00 2.644173299999999927e+02 1.112022999999999939e+01
2.354000000000000000e+03 9.011900068000000000e+09 -9.000000000000000000e+00 6.888531999999999300e+01 9.685363999999999862e+00
2.355000000000000000e+03 9.011900072000000000e+09 1.500000000000000000e+00 1.416145500000000084e+02 1.064550799999999953e+01
2.356000000000000000e+03 9.011900073000000000e+09 0.000000000000000000e+00 1.574104800000000068e+02 1.021769800000000039e+01
2.357000000000000000e+03 9.011900074000000000e+09 0.000000000000000000e+00 2.246404599999999903e+02 1.115463100000000018e+01
2.358000000000000000e+03 9.011900082000000000e+09 1.000000000000000000e+00 1.765054599999999994e+02 1.067928500000000014e+01
2.359000000000000000e+03 9.011900084000000000e+09 2.000000000000000000e+00 1.582834300000000098e+02 1.065833600000000025e+01
2.360000000000000000e+03 9.011900086000000000e+09 5.000000000000000000e-01 1.139792499999999933e+02 9.940234000000000236e+00
2.361000000000000000e+03 9.011900087000000000e+09 3.000000000000000000e+00 5.535236400000000145e+01 1.018627500000000019e+01
2.362000000000000000e+03 9.011900091000000000e+09 1.000000000000000000e+00 1.072574400000000026e+02 1.026626699999999914e+01
2.365000000000000000e+03 9.011900100000000000e+09 2.000000000000000000e+00 1.294781499999999994e+02 1.037586699999999951e+01
2.366000000000000000e+03 9.011900101000000000e+09 2.500000000000000000e+00 1.378933700000000044e+02 1.060701700000000081e+01
2.367000000000000000e+03 9.011900103000000000e+09 1.500000000000000000e+00 1.344542199999999923e+02 1.032576000000000072e+01
2.368000000000000000e+03 9.011900113000000000e+09 2.500000000000000000e+00 7.143902599999999836e+01 9.599498999999999782e+00
2.371000000000000000e+03 9.011900118000000000e+09 1.000000000000000000e+00 8.303667000000000087e+01 9.846999999999999531e+00
2.372000000000000000e+03 9.011900121000000000e+09 1.500000000000000000e+00 7.742383999999999844e+01 9.928964000000000567e+00
2.373000000000000000e+03 9.011900123000000000e+09 1.000000000000000000e+00 1.323277600000000120e+02 1.017018000000000022e+01
2.374000000000000000e+03 9.011900125000000000e+09 2.000000000000000000e+00 1.727385600000000068e+02 1.058980749999999915e+01
2.376000000000000000e+03 9.011900128000000000e+09 3.000000000000000000e+00 5.951201199999999858e+01 9.547615999999999659e+00
2.377000000000000000e+03 9.011900137000000000e+09 1.000000000000000000e+00 1.822031100000000094e+02 1.043365900000000046e+01
2.378000000000000000e+03 9.011900138000000000e+09 1.500000000000000000e+00 1.860724500000000035e+02 1.094155800000000056e+01
2.379000000000000000e+03 9.011900144000000000e+09 2.500000000000000000e+00 7.926461000000000467e+01 9.972034999999999982e+00
2.380000000000000000e+03 9.011900147000000000e+09 2.000000000000000000e+00 1.671280199999999923e+02 1.083961500000000022e+01
2.381000000000000000e+03 9.011900150000000000e+09 2.000000000000000000e+00 1.107280599999999993e+02 1.028388799999999925e+01
2.383000000000000000e+03 9.011900156000000000e+09 5.000000000000000000e-01 1.621041899999999885e+02 1.069326900000000080e+01
2.384000000000000000e+03 9.011900157000000000e+09 5.000000000000000000e-01 6.061919999999999931e+01 9.709981000000000861e+00
2.385000000000000000e+03 9.011900161000000000e+09 -9.000000000000000000e+00 5.086245000000000260e+01 9.722659000000000162e+00
2.386000000000000000e+03 9.011900163000000000e+09 1.500000000000000000e+00 8.266498599999999897e+01 9.899929000000000201e+00
2.387000000000000000e+03 9.011900165000000000e+09 1.000000000000000000e+00 8.377254000000000644e+01 9.869946499999999290e+00
2.389000000000000000e+03 9.011900168000000000e+09 5.000000000000000000e-01 1.225978549999999956e+02 1.027630800000000022e+01
2.390000000000000000e+03 9.011900170000000000e+09 1.000000000000000000e+00 9.897821999999999321e+01 9.912812000000000623e+00
2.391000000000000000e+03 9.011900174000000000e+09 -9.000000000000000000e+00 5.709051500000000345e+01 9.523592000000000724e+00
2.392000000000000000e+03 9.011900175000000000e+09 5.000000000000000000e-01 1.560576499999999953e+02 1.056904399999999988e+01
2.393000000000000000e+03 9.011900183000000000e+09 0.000000000000000000e+00 1.674009399999999914e+02 1.043957999999999942e+01
2.394000000000000000e+03 9.011900186000000000e+09 1.000000000000000000e+00 9.344446999999999548e+01 1.014235299999999995e+01
2.395000000000000000e+03 9.011900189000000000e+09 0.000000000000000000e+00 5.386341000000000179e+01 1.007773199999999925e+01
2.396000000000000000e+03 9.011900196000000000e+09 1.500000000000000000e+00 7.064042999999999495e+01 9.903425999999999618e+00
2.397000000000000000e+03 9.011900198000000000e+09 5.000000000000000000e-01 8.873845000000000027e+01 9.997011999999999787e+00
2.398000000000000000e+03 9.011900201000000000e+09 1.000000000000000000e+00 9.872856000000000165e+01 1.002507300000000079e+01
2.399000000000000000e+03 9.011900202000000000e+09 1.000000000000000000e+00 8.389702599999999677e+01 1.003474699999999942e+01
2.400000000000000000e+03 9.011900208000000000e+09 2.500000000000000000e+00 5.681130000000000280e+01 9.602909999999999613e+00
2.401000000000000000e+03 9.011900210000000000e+09 1.500000000000000000e+00 6.018607699999999738e+01 9.759460000000000690e+00
2.403000000000000000e+03 9.011900216000000000e+09 0.000000000000000000e+00 9.456196599999999819e+01 9.786939999999999529e+00
2.404000000000000000e+03 9.011900217000000000e+09 1.000000000000000000e+00 1.534018599999999992e+02 1.021837299999999971e+01
2.405000000000000000e+03 9.011900218000000000e+09 1.500000000000000000e+00 8.799578999999999951e+01 9.758819000000000798e+00
2.406000000000000000e+03 9.011900222000000000e+09 1.000000000000000000e+00 6.312026000000000181e+01 9.569715000000000416e+00
2.407000000000000000e+03 9.011900225000000000e+09 3.000000000000000000e+00 7.945247000000000526e+01 9.823764000000000607e+00
2.408000000000000000e+03 9.011900228000000000e+09 2.500000000000000000e+00 5.707019799999999776e+01 9.786595000000000155e+00
2.409000000000000000e+03 9.011900232000000000e+09 1.500000000000000000e+00 1.168710860000000054e+02 1.041922399999999982e+01
2.411000000000000000e+03 9.011900238000000000e+09 -9.000000000000000000e+00 4.595061499999999910e+01 9.544840000000000657e+00
2.412000000000000000e+03 9.011900241000000000e+09 -9.000000000000000000e+00 4.546386700000000047e+01 9.717278000000000304e+00
2.413000000000000000e+03 9.011900242000000000e+09 2.000000000000000000e+00 1.114399949999999961e+02 1.040918800000000033e+01
2.414000000000000000e+03 9.011900245000000000e+09 -9.000000000000000000e+00 5.214082299999999748e+01 9.598428999999999434e+00
2.415000000000000000e+03 9.011900247000000000e+09 1.500000000000000000e+00 1.761243399999999895e+02 1.070000600000000013e+01
2.416000000000000000e+03 9.011900250000000000e+09 1.000000000000000000e+00 1.071104700000000065e+02 1.008393599999999957e+01
2.417000000000000000e+03 9.011900251000000000e+09 5.000000000000000000e-01 7.325412000000000035e+01 9.856388000000000815e+00
2.419000000000000000e+03 9.011900261000000000e+09 5.000000000000000000e-01 2.058664699999999925e+02 1.056853599999999993e+01
2.420000000000000000e+03 9.011900263000000000e+09 5.000000000000000000e-01 1.101032900000000012e+02 1.023135800000000017e+01
2.421000000000000000e+03 9.011900264000000000e+09 1.500000000000000000e+00 6.836924999999999386e+01 9.560537000000000063e+00
2.422000000000000000e+03 9.011900265000000000e+09 1.500000000000000000e+00 1.314243500000000040e+02 1.067285000000000039e+01
2.423000000000000000e+03 9.011900271000000000e+09 3.000000000000000000e+00 6.810020400000000507e+01 9.562723999999999336e+00
2.424000000000000000e+03 9.011900272000000000e+09 5.000000000000000000e-01 2.052421300000000031e+02 1.064012050000000009e+01
2.425000000000000000e+03 9.011900273000000000e+09 1.500000000000000000e+00 1.678733000000000004e+02 1.077610499999999938e+01
2.426000000000000000e+03 9.011900274000000000e+09 1.000000000000000000e+00 1.782332800000000077e+02 1.023448400000000014e+01
2.427000000000000000e+03 9.011900279000000000e+09 1.000000000000000000e+00 1.477305900000000065e+02 1.075365099999999963e+01
2.428000000000000000e+03 9.011900281000000000e+09 5.000000000000000000e-01 1.807684299999999951e+02 1.059482799999999969e+01
2.429000000000000000e+03 9.011900285000000000e+09 1.000000000000000000e+00 8.485022999999999627e+01 9.863637000000000654e+00
2.430000000000000000e+03 9.011900287000000000e+09 5.000000000000000000e-01 6.636630999999999858e+01 1.043063800000000008e+01
2.431000000000000000e+03 9.011900288000000000e+09 2.500000000000000000e+00 7.738671999999999684e+01 1.002717499999999973e+01
2.432000000000000000e+03 9.011900298000000000e+09 5.000000000000000000e-01 2.018127700000000004e+02 1.080950699999999998e+01
2.433000000000000000e+03 9.011900302000000000e+09 1.500000000000000000e+00 7.604309999999999548e+01 1.000316899999999976e+01
2.434000000000000000e+03 9.011900304000000000e+09 5.000000000000000000e-01 6.568649000000000626e+01 9.618164000000000158e+00
2.435000000000000000e+03 9.011900309000000000e+09 -9.000000000000000000e+00 4.504182399999999831e+01 9.538408000000000442e+00
2.437000000000000000e+03 9.011900314000000000e+09 5.000000000000000000e-01 2.025316200000000038e+02 1.042076999999999920e+01
2.439000000000000000e+03 9.011900322000000000e+09 1.500000000000000000e+00 6.832406000000000290e+01 9.853479999999999350e+00
2.440000000000000000e+03 9.011900325000000000e+09 0.000000000000000000e+00 1.250549100000000067e+02 1.043708700000000000e+01
2.441000000000000000e+03 9.011900328000000000e+09 0.000000000000000000e+00 5.411238999999999777e+01 1.002039199999999930e+01
2.442000000000000000e+03 9.011900329000000000e+09 5.000000000000000000e-01 8.315936000000000661e+01 9.993078999999999823e+00
2.443000000000000000e+03 9.011900330000000000e+09 2.500000000000000000e+00 5.669659999999999656e+01 9.611798000000000286e+00
2.444000000000000000e+03 9.011900338000000000e+09 1.500000000000000000e+00 1.034416049999999956e+02 1.034813300000000069e+01
2.445000000000000000e+03 9.011900340000000000e+09 1.500000000000000000e+00 1.462852000000000032e+02 1.066795199999999966e+01
2.446000000000000000e+03 9.011900342000000000e+09 1.500000000000000000e+00 8.013531999999999300e+01 9.862819999999999254e+00
2.447000000000000000e+03 9.011900343000000000e+09 1.500000000000000000e+00 1.174276899999999983e+02 1.020488500000000087e+01
2.448000000000000000e+03 9.011900347000000000e+09 2.000000000000000000e+00 8.882317000000000462e+01 1.039751200000000075e+01
2.449000000000000000e+03 9.011900348000000000e+09 3.000000000000000000e+00 5.379712700000000325e+01 9.565744999999999720e+00
2.450000000000000000e+03 9.011900351000000000e+09 1.500000000000000000e+00 1.139312099999999930e+02 1.020808899999999930e+01
2.451000000000000000e+03 9.011900353000000000e+09 1.500000000000000000e+00 1.272704999999999984e+02 1.035787400000000069e+01
2.452000000000000000e+03 9.011900364000000000e+09 3.000000000000000000e+00 6.349481200000000314e+01 9.755319000000000074e+00
2.453000000000000000e+03 9.011900365000000000e+09 5.000000000000000000e-01 1.549105999999999881e+02 1.041406250000000000e+01
2.455000000000000000e+03 9.011900371000000000e+09 1.500000000000000000e+00 5.830273400000000095e+01 9.787008000000000152e+00
2.456000000000000000e+03 9.011900376000000000e+09 1.500000000000000000e+00 8.009905000000000541e+01 1.002820700000000009e+01
2.457000000000000000e+03 9.011900383000000000e+09 1.000000000000000000e+00 1.567502100000000098e+02 1.066807700000000025e+01
2.458000000000000000e+03 9.011900392000000000e+09 -9.000000000000000000e+00 6.015071999999999974e+01 9.673484999999999445e+00
2.459000000000000000e+03 9.011900404000000000e+09 1.500000000000000000e+00 6.840543999999999869e+01 9.569591000000000847e+00
2.464000000000000000e+03 9.011900422000000000e+09 5.000000000000000000e-01 7.850221000000000515e+01 9.764030999999999239e+00
2.465000000000000000e+03 9.011900429000000000e+09 5.000000000000000000e-01 1.218982199999999949e+02 1.043557599999999930e+01
2.467000000000000000e+03 9.011900438000000000e+09 0.000000000000000000e+00 9.931996999999999787e+01 1.015740100000000012e+01
2.468000000000000000e+03 9.011900440000000000e+09 1.000000000000000000e+00 2.497710099999999898e+02 1.083061200000000035e+01
2.469000000000000000e+03 9.011900441000000000e+09 2.000000000000000000e+00 1.054252240000000000e+02 1.049117200000000061e+01
2.470000000000000000e+03 9.011900450000000000e+09 2.000000000000000000e+00 1.103878200000000049e+02 1.034806999999999988e+01
2.471000000000000000e+03 9.011900451000000000e+09 1.000000000000000000e+00 1.533284899999999880e+02 1.037231799999999993e+01
2.472000000000000000e+03 9.011900453000000000e+09 1.500000000000000000e+00 7.432585000000000264e+01 9.876533500000000743e+00
2.473000000000000000e+03 9.011900459000000000e+09 5.000000000000000000e-01 6.973618999999999346e+01 9.819076000000000803e+00
2.474000000000000000e+03 9.011900460000000000e+09 1.500000000000000000e+00 1.030234999999999985e+02 1.022329799999999977e+01
2.475000000000000000e+03 9.011900462000000000e+09 1.000000000000000000e+00 2.200858000000000061e+02 1.054698899999999995e+01
2.476000000000000000e+03 9.011900475000000000e+09 0.000000000000000000e+00 6.896631999999999607e+01 9.852387999999999479e+00
2.478000000000000000e+03 9.011900479000000000e+09 1.000000000000000000e+00 1.331900500000000136e+02 1.056450099999999992e+01
2.479000000000000000e+03 9.011900492000000000e+09 5.000000000000000000e-01 2.215377000000000010e+02 1.054881400000000014e+01
2.480000000000000000e+03 9.011900498000000000e+09 5.000000000000000000e-01 8.723023000000000593e+01 1.037744000000000000e+01
2.481000000000000000e+03 9.011900500000000000e+09 1.000000000000000000e+00 1.514666599999999903e+02 1.039140800000000020e+01
2.482000000000000000e+03 9.011900511000000000e+09 3.000000000000000000e+00 4.389871999999999730e+01 9.601107000000000724e+00
2.483000000000000000e+03 9.011900519000000000e+09 2.000000000000000000e+00 1.193229500000000058e+02 1.031398000000000081e+01
2.484000000000000000e+03 9.011900520000000000e+09 -9.000000000000000000e+00 6.051354599999999806e+01 9.803153999999999257e+00
2.486000000000000000e+03 9.011900529000000000e+09 1.500000000000000000e+00 1.705575399999999888e+02 1.079843800000000087e+01
2.487000000000000000e+03 9.011900535000000000e+09 1.000000000000000000e+00 1.067361700000000013e+02 1.036854399999999998e+01
2.489000000000000000e+03 9.011900539000000000e+09 1.500000000000000000e+00 5.992090000000000316e+01 1.008624200000000037e+01
2.492000000000000000e+03 9.011900557000000000e+09 1.000000000000000000e+00 1.763063799999999901e+02 1.071353099999999969e+01
2.493000000000000000e+03 9.011900558000000000e+09 2.500000000000000000e+00 1.010823599999999942e+02 1.012089199999999956e+01
2.494000000000000000e+03 9.011900584000000000e+09 2.000000000000000000e+00 5.693414299999999884e+01 9.924974999999999881e+00
2.495000000000000000e+03 9.011900590000000000e+09 5.000000000000000000e-01 9.067552000000000589e+01 1.008176699999999926e+01
2.496000000000000000e+03 9.011900592000000000e+09 1.500000000000000000e+00 1.663003799999999899e+02 1.036046499999999959e+01
2.498000000000000000e+03 9.011900609000000000e+09 1.500000000000000000e+00 1.273069899999999990e+02 1.032634900000000044e+01
2.499000000000000000e+03 9.011900614000000000e+09 3.000000000000000000e+00 7.433230600000000265e+01 9.787010999999999683e+00
2.500000000000000000e+03 9.011900617000000000e+09 1.000000000000000000e+00 1.031291959999999932e+02 1.035341099999999948e+01
2.501000000000000000e+03 9.011900622000000000e+09 1.000000000000000000e+00 1.294563899999999990e+02 1.039706200000000003e+01
2.502000000000000000e+03 9.011900630000000000e+09 1.500000000000000000e+00 1.589596899999999948e+02 1.089800900000000006e+01
2.503000000000000000e+03 9.011900671000000000e+09 2.500000000000000000e+00 4.893358200000000124e+01 9.526315000000000310e+00
2.505000000000000000e+03 9.011900684000000000e+09 -9.000000000000000000e+00 6.804592999999999847e+01 9.915297000000000693e+00
2.506000000000000000e+03 9.011900691000000000e+09 2.500000000000000000e+00 8.499456000000000699e+01 9.764914499999999720e+00
2.507000000000000000e+03 9.011900696000000000e+09 -9.000000000000000000e+00 9.144227600000000677e+01 1.040463300000000046e+01
2.508000000000000000e+03 9.011900708000000000e+09 1.500000000000000000e+00 1.060868399999999951e+02 1.056855200000000039e+01
2.509000000000000000e+03 9.011900711000000000e+09 0.000000000000000000e+00 1.553188199999999881e+02 1.063656100000000038e+01
2.510000000000000000e+03 9.011900714000000000e+09 2.000000000000000000e+00 9.159216000000000690e+01 1.037580799999999925e+01
2.511000000000000000e+03 9.011900735000000000e+09 3.000000000000000000e+00 4.585014000000000323e+01 9.540264999999999773e+00
2.512000000000000000e+03 9.011900752000000000e+09 3.000000000000000000e+00 6.637725000000000364e+01 9.632450999999999652e+00
2.513000000000000000e+03 9.011900757000000000e+09 5.000000000000000000e-01 1.538399499999999875e+02 1.086696199999999912e+01
2.514000000000000000e+03 9.011900759000000000e+09 2.500000000000000000e+00 7.998411000000000115e+01 9.820665999999999229e+00
2.515000000000000000e+03 9.011900772000000000e+09 3.000000000000000000e+00 7.443674000000000035e+01 1.003311199999999914e+01
2.516000000000000000e+03 9.011900774000000000e+09 3.000000000000000000e+00 7.567449000000000581e+01 1.003306100000000001e+01
2.517000000000000000e+03 9.011900776000000000e+09 2.000000000000000000e+00 1.206772799999999961e+02 1.038828900000000033e+01
2.518000000000000000e+03 9.011900783000000000e+09 3.000000000000000000e+00 9.753099000000000274e+01 1.004427599999999998e+01
2.519000000000000000e+03 9.011900785000000000e+09 5.000000000000000000e-01 1.125678999999999945e+02 9.969177000000000177e+00
2.520000000000000000e+03 9.011900789000000000e+09 1.500000000000000000e+00 1.256885999999999939e+02 1.047978999999999949e+01
2.521000000000000000e+03 9.011900793000000000e+09 1.500000000000000000e+00 1.089389100000000070e+02 1.034052100000000074e+01
2.522000000000000000e+03 9.011900807000000000e+09 1.500000000000000000e+00 1.629568299999999965e+02 1.060599400000000081e+01
2.523000000000000000e+03 9.011900816000000000e+09 1.500000000000000000e+00 6.171427500000000066e+01 9.828165999999999514e+00
2.524000000000000000e+03 9.011900837000000000e+09 2.500000000000000000e+00 6.349190500000000270e+01 9.884187999999999974e+00
2.525000000000000000e+03 9.011900859000000000e+09 2.000000000000000000e+00 1.024880399999999980e+02 9.939996999999999971e+00
2.526000000000000000e+03 9.011900865000000000e+09 2.500000000000000000e+00 6.328652600000000206e+01 9.880248999999999171e+00
2.527000000000000000e+03 9.011900874000000000e+09 0.000000000000000000e+00 2.083429999999999893e+02 1.090247800000000034e+01
2.528000000000000000e+03 9.011900885000000000e+09 1.500000000000000000e+00 1.270842739999999935e+02 1.045613299999999946e+01
2.529000000000000000e+03 9.011900934000000000e+09 1.500000000000000000e+00 8.287709999999999866e+01 9.780722000000000804e+00
2.531000000000000000e+03 9.016800002000000000e+09 0.000000000000000000e+00 1.172614439999999973e+02 1.005409399999999920e+01
2.533000000000000000e+03 9.016800009000000000e+09 5.000000000000000000e-01 1.225336400000000054e+02 9.997854999999999492e+00
2.534000000000000000e+03 9.016800010000000000e+09 5.000000000000000000e-01 1.119078300000000041e+02 1.021016200000000040e+01
2.535000000000000000e+03 9.016800013000000000e+09 1.500000000000000000e+00 8.342235999999999763e+01 9.919878999999999891e+00
2.536000000000000000e+03 9.016800014000000000e+09 1.000000000000000000e+00 1.544520699999999920e+02 1.075865300000000069e+01
2.537000000000000000e+03 9.016800024000000000e+09 1.000000000000000000e+00 2.072627099999999984e+02 1.070878899999999945e+01
2.538000000000000000e+03 9.016800037000000000e+09 0.000000000000000000e+00 4.739462300000000283e+01 9.774789999999999424e+00
2.540000000000000000e+03 9.016800039000000000e+09 1.000000000000000000e+00 2.205939500000000066e+02 1.084057499999999941e+01
2.541000000000000000e+03 9.016800041000000000e+09 5.000000000000000000e-01 1.384224100000000135e+02 1.061919999999999931e+01
2.542000000000000000e+03 9.016800047000000000e+09 1.000000000000000000e+00 1.664660299999999893e+02 1.066185600000000022e+01
2.543000000000000000e+03 9.016800056000000000e+09 1.000000000000000000e+00 1.056025499999999937e+02 1.022705200000000048e+01
2.544000000000000000e+03 9.016800061000000000e+09 5.000000000000000000e-01 2.437022000000000048e+02 1.098349100000000078e+01
2.545000000000000000e+03 9.016800063000000000e+09 -9.000000000000000000e+00 4.413691299999999984e+01 9.580909000000000120e+00
2.546000000000000000e+03 9.016800065000000000e+09 2.000000000000000000e+00 5.564855599999999924e+01 9.843142500000000794e+00
2.547000000000000000e+03 9.016800069000000000e+09 1.500000000000000000e+00 1.232825239999999951e+02 1.037587800000000016e+01
2.548000000000000000e+03 9.016800071000000000e+09 5.000000000000000000e-01 1.728228900000000010e+02 1.044471599999999967e+01
2.549000000000000000e+03 9.016800072000000000e+09 1.000000000000000000e+00 6.232659499999999753e+01 9.827130000000000365e+00
2.550000000000000000e+03 9.016800074000000000e+09 3.000000000000000000e+00 9.415309000000000594e+01 1.012526000000000082e+01
2.551000000000000000e+03 9.016800079000000000e+09 1.500000000000000000e+00 1.027326900000000052e+02 1.013852299999999929e+01
2.552000000000000000e+03 9.016800080000000000e+09 1.000000000000000000e+00 1.298229800000000012e+02 1.035801700000000025e+01
2.553000000000000000e+03 9.016800084000000000e+09 1.000000000000000000e+00 1.102013239999999996e+02 1.022444600000000037e+01
2.557000000000000000e+03 9.016800093000000000e+09 2.000000000000000000e+00 1.123180200000000042e+02 1.042096100000000014e+01
2.558000000000000000e+03 9.016800094000000000e+09 5.000000000000000000e-01 7.217941999999999325e+01 9.711684999999999235e+00
2.559000000000000000e+03 9.016800095000000000e+09 2.500000000000000000e+00 7.477009599999999523e+01 1.001463900000000073e+01
2.560000000000000000e+03 9.016800105000000000e+09 3.000000000000000000e+00 5.183617399999999975e+01 9.530929000000000428e+00
2.561000000000000000e+03 9.016800106000000000e+09 0.000000000000000000e+00 7.219886999999999944e+01 9.811341999999999786e+00
2.563000000000000000e+03 9.016800110000000000e+09 2.000000000000000000e+00 1.209672999999999945e+02 1.044797400000000032e+01
2.566000000000000000e+03 9.016800130000000000e+09 1.000000000000000000e+00 1.635336200000000133e+02 1.055806899999999970e+01
2.567000000000000000e+03 9.016800131000000000e+09 1.500000000000000000e+00 8.480983999999999412e+01 9.777575999999999823e+00
2.568000000000000000e+03 9.016800138000000000e+09 5.000000000000000000e-01 2.238907499999999970e+02 1.087260400000000082e+01
2.570000000000000000e+03 9.016800144000000000e+09 3.000000000000000000e+00 5.505898299999999779e+01 9.569041000000000352e+00
2.571000000000000000e+03 9.016800147000000000e+09 2.000000000000000000e+00 1.613583700000000078e+02 1.073036800000000035e+01
2.572000000000000000e+03 9.016800153000000000e+09 1.500000000000000000e+00 9.525261000000000422e+01 1.044287699999999930e+01
2.573000000000000000e+03 9.016800156000000000e+09 0.000000000000000000e+00 9.021036999999999750e+01 9.762263000000000801e+00
2.574000000000000000e+03 9.016800160000000000e+09 1.500000000000000000e+00 1.501451600000000042e+02 1.050538099999999986e+01
2.575000000000000000e+03 9.016800163000000000e+09 3.000000000000000000e+00 5.279197299999999871e+01 9.621909999999999741e+00
2.576000000000000000e+03 9.016800167000000000e+09 2.000000000000000000e+00 1.190707550000000055e+02 1.018727200000000011e+01
2.577000000000000000e+03 9.016800171000000000e+09 1.500000000000000000e+00 5.635085699999999775e+01 9.586669999999999803e+00
2.578000000000000000e+03 9.016800185000000000e+09 3.000000000000000000e+00 9.022574000000000183e+01 1.015540999999999983e+01
2.579000000000000000e+03 9.016800186000000000e+09 3.000000000000000000e+00 7.434032399999999541e+01 9.694264999999999688e+00
2.580000000000000000e+03 9.016800187000000000e+09 5.000000000000000000e-01 9.971940999999999633e+01 1.018553900000000034e+01
2.582000000000000000e+03 9.016800216000000000e+09 2.500000000000000000e+00 1.187859040000000022e+02 1.044831600000000016e+01
2.583000000000000000e+03 9.016800219000000000e+09 3.000000000000000000e+00 6.221867799999999704e+01 9.561368999999999119e+00
2.584000000000000000e+03 9.016800222000000000e+09 1.000000000000000000e+00 1.186012039999999956e+02 1.005504600000000082e+01
2.585000000000000000e+03 9.016800228000000000e+09 1.500000000000000000e+00 6.648115500000000111e+01 9.844007500000000022e+00
2.588000000000000000e+03 9.016800232000000000e+09 3.000000000000000000e+00 6.256911499999999648e+01 9.626851000000000269e+00
2.589000000000000000e+03 9.016800234000000000e+09 1.500000000000000000e+00 7.747830000000000439e+01 9.949006999999999934e+00
2.590000000000000000e+03 9.016800236000000000e+09 0.000000000000000000e+00 2.002858699999999885e+02 1.082552300000000045e+01
2.591000000000000000e+03 9.016800241000000000e+09 1.500000000000000000e+00 1.170779299999999949e+02 1.037811600000000034e+01
2.592000000000000000e+03 9.016800245000000000e+09 3.000000000000000000e+00 6.356766999999999967e+01 9.992801000000000045e+00
2.593000000000000000e+03 9.016800246000000000e+09 2.500000000000000000e+00 6.291282000000000352e+01 9.721531999999999840e+00
2.595000000000000000e+03 9.016800263000000000e+09 2.500000000000000000e+00 9.818798999999999921e+01 1.016060700000000061e+01
2.597000000000000000e+03 9.016800272000000000e+09 1.000000000000000000e+00 5.708157700000000290e+01 9.616094000000000364e+00
2.598000000000000000e+03 9.016800274000000000e+09 3.000000000000000000e+00 5.669763600000000281e+01 9.784533500000000217e+00
2.599000000000000000e+03 9.016800275000000000e+09 0.000000000000000000e+00 1.745707999999999913e+02 1.035005899999999990e+01
2.600000000000000000e+03 9.016800276000000000e+09 1.500000000000000000e+00 1.190632250000000028e+02 1.039097100000000040e+01
2.601000000000000000e+03 9.016800287000000000e+09 3.000000000000000000e+00 6.319705600000000345e+01 1.033909899999999915e+01
2.602000000000000000e+03 9.016800303000000000e+09 0.000000000000000000e+00 1.873261899999999969e+02 1.098632399999999976e+01
2.603000000000000000e+03 9.016800304000000000e+09 1.500000000000000000e+00 8.480308999999999742e+01 9.943203999999999709e+00
2.604000000000000000e+03 9.016800308000000000e+09 1.500000000000000000e+00 1.119419900000000041e+02 1.018431299999999951e+01
2.605000000000000000e+03 9.016800314000000000e+09 3.000000000000000000e+00 6.953557999999999595e+01 9.890432000000000556e+00
2.606000000000000000e+03 9.016800317000000000e+09 1.500000000000000000e+00 8.522812999999999306e+01 1.002155499999999932e+01
2.608000000000000000e+03 9.016800321000000000e+09 2.000000000000000000e+00 1.033921399999999977e+02 1.041083599999999976e+01
2.609000000000000000e+03 9.016800323000000000e+09 2.000000000000000000e+00 8.803915999999999542e+01 1.016728299999999940e+01
2.611000000000000000e+03 9.016800346000000000e+09 -9.000000000000000000e+00 7.463858000000000459e+01 9.561749000000000720e+00
2.612000000000000000e+03 9.016800351000000000e+09 2.500000000000000000e+00 1.095066759999999988e+02 1.017452600000000018e+01
2.613000000000000000e+03 9.016800356000000000e+09 3.000000000000000000e+00 4.114582399999999751e+01 9.650047000000000708e+00
2.616000000000000000e+03 9.016800386000000000e+09 3.000000000000000000e+00 5.864959000000000344e+01 9.598433500000000507e+00
2.618000000000000000e+03 9.016800396000000000e+09 2.500000000000000000e+00 1.037249800000000022e+02 1.055454399999999993e+01
2.619000000000000000e+03 9.016800412000000000e+09 1.000000000000000000e+00 1.255973800000000011e+02 1.045442700000000080e+01
2.620000000000000000e+03 9.016800416000000000e+09 1.000000000000000000e+00 2.391160600000000045e+02 1.071814499999999981e+01
2.621000000000000000e+03 9.016800424000000000e+09 3.000000000000000000e+00 4.452922999999999831e+01 9.516495000000000815e+00
2.623000000000000000e+03 9.016800428000000000e+09 2.000000000000000000e+00 1.150371800000000064e+02 1.028401850000000017e+01
2.624000000000000000e+03 9.016800440000000000e+09 1.500000000000000000e+00 7.273327999999999349e+01 9.801353000000000648e+00
2.627000000000000000e+03 9.044200004000000000e+09 5.000000000000000000e-01 1.939817700000000116e+02 1.101675400000000060e+01
2.628000000000000000e+03 9.044200007000000000e+09 0.000000000000000000e+00 2.714173999999999864e+02 1.078687399999999919e+01
2.629000000000000000e+03 9.044200015000000000e+09 1.000000000000000000e+00 1.801120099999999979e+02 1.083033999999999963e+01
2.633000000000000000e+03 9.044200032000000000e+09 5.000000000000000000e-01 1.962179999999999893e+02 1.069247999999999976e+01
2.634000000000000000e+03 9.044200042000000000e+09 2.000000000000000000e+00 1.380306899999999928e+02 1.061563499999999927e+01
2.636000000000000000e+03 9.044200057000000000e+09 1.000000000000000000e+00 1.050876700000000028e+02 1.027607899999999930e+01
2.637000000000000000e+03 9.044200061000000000e+09 0.000000000000000000e+00 1.992161700000000053e+02 1.089734600000000064e+01
2.638000000000000000e+03 9.044200062000000000e+09 5.000000000000000000e-01 1.979814599999999984e+02 1.025311100000000053e+01
2.640000000000000000e+03 9.044200075000000000e+09 2.500000000000000000e+00 9.416066999999999609e+01 1.013298699999999997e+01
2.641000000000000000e+03 9.044200079000000000e+09 5.000000000000000000e-01 1.037068500000000029e+02 1.009828100000000006e+01
2.642000000000000000e+03 9.044200090000000000e+09 1.000000000000000000e+00 1.553577699999999879e+02 1.020824299999999951e+01
2.643000000000000000e+03 9.044200091000000000e+09 5.000000000000000000e-01 1.279227099999999950e+02 1.032688100000000020e+01
2.646000000000000000e+03 9.044200121000000000e+09 3.000000000000000000e+00 5.251494999999999891e+01 9.908374000000000237e+00
2.647000000000000000e+03 9.044200130000000000e+09 1.000000000000000000e+00 1.193865299999999934e+02 1.030612999999999957e+01
2.648000000000000000e+03 9.044200138000000000e+09 -9.000000000000000000e+00 5.637810499999999791e+01 9.657125999999999877e+00
2.649000000000000000e+03 9.044200140000000000e+09 1.000000000000000000e+00 1.269323700000000059e+02 1.027772099999999966e+01
2.650000000000000000e+03 9.044200147000000000e+09 3.000000000000000000e+00 7.464284000000000674e+01 1.033789200000000008e+01
2.651000000000000000e+03 9.044200148000000000e+09 0.000000000000000000e+00 1.902167699999999968e+02 1.089231599999999922e+01
2.652000000000000000e+03 9.044200155000000000e+09 1.000000000000000000e+00 2.856317000000000235e+02 1.073254700000000028e+01
2.654000000000000000e+03 9.044200170000000000e+09 1.000000000000000000e+00 1.935132099999999866e+02 1.066618800000000000e+01
2.655000000000000000e+03 9.044200175000000000e+09 0.000000000000000000e+00 1.773968000000000131e+02 1.068462700000000076e+01
2.656000000000000000e+03 9.044200176000000000e+09 1.000000000000000000e+00 9.639336400000000538e+01 1.004708499999999916e+01
2.657000000000000000e+03 9.044200179000000000e+09 1.500000000000000000e+00 1.344810799999999915e+02 1.044030300000000011e+01
2.658000000000000000e+03 9.044200188000000000e+09 -9.000000000000000000e+00 5.580879999999999797e+01 9.677073500000000550e+00
2.660000000000000000e+03 9.044200204000000000e+09 1.500000000000000000e+00 1.251104399999999970e+02 1.046939199999999914e+01
2.661000000000000000e+03 9.044200205000000000e+09 1.000000000000000000e+00 1.171851350000000025e+02 1.029638699999999929e+01
2.663000000000000000e+03 9.044200217000000000e+09 1.500000000000000000e+00 1.684932699999999954e+02 1.075900900000000071e+01
2.664000000000000000e+03 9.044200248000000000e+09 3.000000000000000000e+00 8.815926000000000329e+01 1.012615800000000021e+01
2.665000000000000000e+03 9.044200249000000000e+09 2.500000000000000000e+00 7.721855999999999653e+01 1.003998200000000018e+01
2.666000000000000000e+03 9.044200269000000000e+09 1.500000000000000000e+00 9.562508400000000108e+01 1.012759699999999974e+01
2.667000000000000000e+03 9.044200290000000000e+09 3.000000000000000000e+00 3.853421999999999770e+01 1.032530299999999990e+01
2.668000000000000000e+03 9.044200305000000000e+09 2.500000000000000000e+00 1.612282700000000091e+02 1.080998899999999985e+01
2.669000000000000000e+03 9.044200316000000000e+09 1.500000000000000000e+00 1.850609100000000069e+02 1.075921400000000006e+01
2.670000000000000000e+03 9.044200348000000000e+09 1.500000000000000000e+00 1.141534099999999938e+02 1.055207200000000078e+01
2.671000000000000000e+03 9.044200383000000000e+09 1.000000000000000000e+00 1.170321959999999990e+02 1.026695899999999995e+01
2.674000000000000000e+03 9.091700002000000000e+09 0.000000000000000000e+00 1.739741400000000056e+02 1.002007599999999954e+01
2.675000000000000000e+03 9.091700005000000000e+09 0.000000000000000000e+00 9.995690999999999349e+01 1.011673500000000026e+01
2.676000000000000000e+03 9.091700014000000000e+09 1.500000000000000000e+00 1.157789499999999947e+02 1.020394300000000065e+01
2.677000000000000000e+03 9.091700022000000000e+09 1.500000000000000000e+00 1.331135299999999972e+02 1.053225899999999982e+01
2.678000000000000000e+03 9.091700024000000000e+09 0.000000000000000000e+00 2.300687100000000100e+02 1.083165200000000006e+01
2.679000000000000000e+03 9.091700025000000000e+09 0.000000000000000000e+00 1.684016599999999926e+02 1.078394800000000053e+01
2.680000000000000000e+03 9.091700033000000000e+09 1.500000000000000000e+00 1.565159500000000037e+02 1.072331199999999995e+01
2.683000000000000000e+03 9.091700038000000000e+09 1.000000000000000000e+00 1.484662999999999897e+02 1.062790299999999988e+01
2.686000000000000000e+03 9.091700062000000000e+09 -9.000000000000000000e+00 7.563660000000000139e+01 1.009933200000000042e+01
2.688000000000000000e+03 9.091700076000000000e+09 1.500000000000000000e+00 1.002712899999999934e+02 1.021002900000000047e+01
2.690000000000000000e+03 9.091700092000000000e+09 5.000000000000000000e-01 1.044875200000000035e+02 1.036041499999999971e+01
2.693000000000000000e+03 9.091700123000000000e+09 3.000000000000000000e+00 5.112355800000000272e+01 9.674863999999999464e+00
2.698000000000000000e+03 9.091700143000000000e+09 5.000000000000000000e-01 1.064952849999999955e+02 1.014010200000000061e+01
2.701000000000000000e+03 9.091700201000000000e+09 -9.000000000000000000e+00 5.124613599999999991e+01 9.544797000000000864e+00
2.702000000000000000e+03 9.091700202000000000e+09 3.000000000000000000e+00 7.789403000000000077e+01 1.006929200000000080e+01
2.704000000000000000e+03 9.091700231000000000e+09 1.500000000000000000e+00 1.439002800000000093e+02 1.047983400000000032e+01
2.705000000000000000e+03 9.091700242000000000e+09 1.000000000000000000e+00 9.660097000000000378e+01 1.011893599999999971e+01
2.706000000000000000e+03 9.091700393000000000e+09 2.000000000000000000e+00 1.528124699999999905e+02 1.080013600000000018e+01
2.707000000000000000e+03 9.091700399000000000e+09 -9.000000000000000000e+00 8.720911399999999958e+01 1.008486500000000063e+01
2.709000000000000000e+03 9.091700444000000000e+09 3.000000000000000000e+00 1.175225800000000049e+02 1.035476399999999941e+01
2.711000000000000000e+03 9.091700725000000000e+09 1.000000000000000000e+00 1.299836400000000083e+02 1.040059199999999962e+01
2.712000000000000000e+03 9.091700733000000000e+09 0.000000000000000000e+00 1.351068300000000022e+02 1.090473199999999920e+01
2.717000000000000000e+03 9.239900002000000000e+09 3.000000000000000000e+00 4.486223600000000289e+01 1.036262800000000084e+01
2.718000000000000000e+03 9.239900003000000000e+09 1.000000000000000000e+00 2.106126299999999958e+02 1.069869899999999951e+01
2.719000000000000000e+03 9.239900004000000000e+09 1.000000000000000000e+00 3.025443999999999960e+02 1.132278100000000087e+01
2.720000000000000000e+03 9.239900009000000000e+09 1.000000000000000000e+00 2.311511199999999917e+02 1.073146999999999984e+01
2.721000000000000000e+03 9.239900010000000000e+09 0.000000000000000000e+00 1.504101300000000094e+02 1.008577499999999993e+01
2.723000000000000000e+03 9.239900012000000000e+09 0.000000000000000000e+00 1.424139999999999873e+02 1.030918699999999966e+01
2.724000000000000000e+03 9.239900013000000000e+09 1.000000000000000000e+00 1.862873199999999940e+02 1.039694099999999999e+01
2.725000000000000000e+03 9.239900017000000000e+09 1.000000000000000000e+00 1.027939999999999969e+02 1.003527399999999936e+01
2.726000000000000000e+03 9.239900019000000000e+09 5.000000000000000000e-01 7.671325000000000216e+01 1.011042600000000036e+01
2.727000000000000000e+03 9.239900020000000000e+09 0.000000000000000000e+00 2.042268799999999942e+02 1.093941799999999986e+01
2.729000000000000000e+03 9.239900034000000000e+09 1.000000000000000000e+00 1.398261300000000062e+02 1.030819200000000002e+01
2.730000000000000000e+03 9.239900035000000000e+09 1.500000000000000000e+00 1.137426799999999929e+02 1.057637500000000053e+01
2.732000000000000000e+03 9.239900039000000000e+09 5.000000000000000000e-01 1.177783299999999969e+02 1.041907499999999942e+01
2.734000000000000000e+03 9.239900054000000000e+09 0.000000000000000000e+00 1.449223299999999881e+02 1.092185399999999973e+01
2.735000000000000000e+03 9.239900056000000000e+09 0.000000000000000000e+00 1.725466999999999871e+02 1.033739950000000007e+01
2.737000000000000000e+03 9.239900063000000000e+09 2.500000000000000000e+00 1.124881599999999935e+02 1.019111299999999964e+01
2.738000000000000000e+03 9.239900067000000000e+09 0.000000000000000000e+00 1.255106999999999999e+02 1.008706600000000009e+01
2.739000000000000000e+03 9.239900068000000000e+09 0.000000000000000000e+00 7.987974499999999978e+01 1.011373399999999911e+01
2.740000000000000000e+03 9.239900071000000000e+09 2.500000000000000000e+00 9.954958999999999492e+01 1.003941700000000026e+01
2.741000000000000000e+03 9.239900082000000000e+09 2.000000000000000000e+00 1.259975000000000023e+02 1.054116299999999917e+01
2.742000000000000000e+03 9.239900088000000000e+09 1.000000000000000000e+00 1.358747600000000091e+02 1.056870299999999929e+01
2.743000000000000000e+03 9.239900100000000000e+09 1.000000000000000000e+00 1.806826000000000079e+02 1.073372099999999918e+01
2.744000000000000000e+03 9.239900105000000000e+09 1.500000000000000000e+00 2.058662999999999954e+02 1.086775899999999950e+01
2.745000000000000000e+03 9.239900106000000000e+09 -9.000000000000000000e+00 7.318380000000000507e+01 1.000544099999999936e+01
2.746000000000000000e+03 9.239900107000000000e+09 1.500000000000000000e+00 1.093119659999999982e+02 1.037833499999999987e+01
2.748000000000000000e+03 9.239900112000000000e+09 1.500000000000000000e+00 1.063467700000000065e+02 1.025396250000000009e+01
2.749000000000000000e+03 9.239900114000000000e+09 1.000000000000000000e+00 1.417843300000000113e+02 1.003704500000000088e+01
2.750000000000000000e+03 9.239900117000000000e+09 1.500000000000000000e+00 7.368393000000000370e+01 1.010411500000000018e+01
2.752000000000000000e+03 9.239900119000000000e+09 2.000000000000000000e+00 1.512028400000000090e+02 1.090555799999999920e+01
2.753000000000000000e+03 9.239900120000000000e+09 2.000000000000000000e+00 1.056492999999999967e+02 1.043427999999999933e+01
2.754000000000000000e+03 9.239900122000000000e+09 0.000000000000000000e+00 1.918573599999999999e+02 1.050751200000000019e+01
2.755000000000000000e+03 9.239900125000000000e+09 1.000000000000000000e+00 2.111218900000000076e+02 1.074546199999999985e+01
2.758000000000000000e+03 9.239900131000000000e+09 1.500000000000000000e+00 1.046359400000000051e+02 1.011651999999999951e+01
2.759000000000000000e+03 9.239900135000000000e+09 1.500000000000000000e+00 1.109292800000000057e+02 1.024454300000000018e+01
2.760000000000000000e+03 9.239900136000000000e+09 1.000000000000000000e+00 2.428501899999999978e+02 1.073678699999999964e+01
2.761000000000000000e+03 9.239900138000000000e+09 0.000000000000000000e+00 1.640826299999999947e+02 1.009018900000000052e+01
2.762000000000000000e+03 9.239900141000000000e+09 3.000000000000000000e+00 7.893273000000000650e+01 9.865716000000000818e+00
2.763000000000000000e+03 9.239900142000000000e+09 3.000000000000000000e+00 4.406421999999999883e+01 9.585585999999999274e+00
2.764000000000000000e+03 9.239900145000000000e+09 1.000000000000000000e+00 1.706008999999999958e+02 1.077725900000000081e+01
2.765000000000000000e+03 9.239900146000000000e+09 3.000000000000000000e+00 9.779604000000000497e+01 9.870540999999999343e+00
2.766000000000000000e+03 9.239900147000000000e+09 0.000000000000000000e+00 1.369516999999999882e+02 1.023456499999999991e+01
2.767000000000000000e+03 9.239900150000000000e+09 1.000000000000000000e+00 1.070761260000000021e+02 1.040441700000000047e+01
2.768000000000000000e+03 9.239900152000000000e+09 5.000000000000000000e-01 2.635369600000000219e+02 1.104824100000000087e+01
2.769000000000000000e+03 9.239900155000000000e+09 3.000000000000000000e+00 1.314567999999999870e+02 1.029505400000000037e+01
2.771000000000000000e+03 9.239900167000000000e+09 1.000000000000000000e+00 2.224190999999999860e+02 1.102842899999999915e+01
2.772000000000000000e+03 9.239900169000000000e+09 1.500000000000000000e+00 1.252416099999999943e+02 1.050691199999999981e+01
2.773000000000000000e+03 9.239900175000000000e+09 1.000000000000000000e+00 9.413753499999999974e+01 1.008527899999999988e+01
2.774000000000000000e+03 9.239900178000000000e+09 1.500000000000000000e+00 1.379493300000000033e+02 1.063316900000000054e+01
2.775000000000000000e+03 9.239900180000000000e+09 3.000000000000000000e+00 6.595320999999999856e+01 9.679418999999999329e+00
2.776000000000000000e+03 9.239900182000000000e+09 2.000000000000000000e+00 1.566439000000000021e+02 1.059758700000000076e+01
2.777000000000000000e+03 9.239900185000000000e+09 1.500000000000000000e+00 1.047037660000000017e+02 1.053446300000000058e+01
2.778000000000000000e+03 9.239900196000000000e+09 0.000000000000000000e+00 6.308633799999999781e+01 1.015944499999999984e+01
2.779000000000000000e+03 9.239900202000000000e+09 0.000000000000000000e+00 7.823793000000000575e+01 1.016750399999999921e+01
2.782000000000000000e+03 9.239900211000000000e+09 1.000000000000000000e+00 1.685307300000000055e+02 1.073354499999999945e+01
2.783000000000000000e+03 9.239900212000000000e+09 2.000000000000000000e+00 1.168867900000000049e+02 1.081895349999999922e+01
2.784000000000000000e+03 9.239900222000000000e+09 3.000000000000000000e+00 6.295337299999999914e+01 1.004415700000000022e+01
2.786000000000000000e+03 9.239900237000000000e+09 2.500000000000000000e+00 8.882832000000000505e+01 1.028766249999999971e+01
2.788000000000000000e+03 9.239900246000000000e+09 2.000000000000000000e+00 1.189588399999999950e+02 1.038966199999999951e+01
2.789000000000000000e+03 9.239900248000000000e+09 1.500000000000000000e+00 1.394395299999999907e+02 1.048564400000000063e+01
2.790000000000000000e+03 9.239900256000000000e+09 0.000000000000000000e+00 1.552736500000000035e+02 1.102358399999999961e+01
2.791000000000000000e+03 9.239900268000000000e+09 2.000000000000000000e+00 1.509222399999999880e+02 1.064499700000000004e+01
2.792000000000000000e+03 9.239900272000000000e+09 3.000000000000000000e+00 8.179774999999999352e+01 9.763312000000000879e+00
2.793000000000000000e+03 9.239900277000000000e+09 0.000000000000000000e+00 9.907761999999999603e+01 1.072398300000000049e+01
2.795000000000000000e+03 9.239900293000000000e+09 1.500000000000000000e+00 1.108292849999999987e+02 1.004356100000000040e+01
2.796000000000000000e+03 9.239900300000000000e+09 1.000000000000000000e+00 1.800574799999999982e+02 1.078093900000000005e+01
2.797000000000000000e+03 9.239900315000000000e+09 1.500000000000000000e+00 1.103520050000000055e+02 1.004879799999999967e+01
2.798000000000000000e+03 9.239900327000000000e+09 3.000000000000000000e+00 6.873151400000000422e+01 9.941136000000000195e+00
2.799000000000000000e+03 9.239900337000000000e+09 2.000000000000000000e+00 1.074356099999999969e+02 1.015081600000000073e+01
2.800000000000000000e+03 9.239900342000000000e+09 -9.000000000000000000e+00 9.707241999999999393e+01 1.019784699999999944e+01
2.801000000000000000e+03 9.239900345000000000e+09 5.000000000000000000e-01 1.086986540000000048e+02 1.028195299999999968e+01
2.802000000000000000e+03 9.239900346000000000e+09 -9.000000000000000000e+00 6.014036600000000021e+01 9.684829000000000576e+00
2.803000000000000000e+03 9.239900354000000000e+09 1.000000000000000000e+00 1.239650039999999933e+02 1.037279700000000027e+01
2.804000000000000000e+03 9.239900357000000000e+09 3.000000000000000000e+00 6.594407999999999959e+01 9.886853999999999587e+00
2.805000000000000000e+03 9.239900362000000000e+09 1.000000000000000000e+00 1.979219699999999875e+02 1.089353799999999950e+01
2.806000000000000000e+03 9.239900366000000000e+09 3.000000000000000000e+00 9.652627999999999986e+01 1.008896499999999996e+01
2.807000000000000000e+03 9.239900370000000000e+09 2.500000000000000000e+00 9.804255000000000564e+01 1.001049599999999984e+01
2.808000000000000000e+03 9.239900385000000000e+09 1.500000000000000000e+00 1.122747899999999959e+02 1.039409350000000032e+01
2.809000000000000000e+03 9.239900386000000000e+09 1.500000000000000000e+00 2.101199599999999919e+02 1.064752999999999972e+01
2.810000000000000000e+03 9.239900390000000000e+09 1.000000000000000000e+00 2.450403599999999926e+02 1.108396699999999946e+01
2.811000000000000000e+03 9.239900395000000000e+09 2.000000000000000000e+00 6.571574400000000082e+01 1.003350400000000064e+01
2.812000000000000000e+03 9.239900398000000000e+09 1.000000000000000000e+00 1.225130400000000037e+02 1.022652199999999922e+01
2.813000000000000000e+03 9.239900403000000000e+09 5.000000000000000000e-01 1.616794999999999902e+02 1.071033399999999958e+01
2.814000000000000000e+03 9.239900408000000000e+09 2.000000000000000000e+00 9.631103500000000395e+01 1.080158899999999988e+01
2.815000000000000000e+03 9.239900416000000000e+09 3.000000000000000000e+00 4.534459300000000326e+01 1.006349400000000038e+01
2.817000000000000000e+03 9.239900457000000000e+09 1.000000000000000000e+00 2.120808000000000106e+02 1.067906400000000033e+01
2.818000000000000000e+03 9.239900465000000000e+09 2.000000000000000000e+00 1.028437399999999968e+02 1.019871099999999942e+01
2.819000000000000000e+03 9.239900478000000000e+09 1.500000000000000000e+00 1.361374000000000137e+02 1.060547799999999974e+01
2.820000000000000000e+03 9.239900492000000000e+09 0.000000000000000000e+00 1.598675499999999943e+02 1.095769400000000005e+01
2.821000000000000000e+03 9.239900501000000000e+09 1.500000000000000000e+00 6.581498999999999455e+01 1.005374049999999997e+01
2.823000000000000000e+03 9.239900540000000000e+09 0.000000000000000000e+00 1.018893300000000011e+02 1.038028300000000037e+01
2.825000000000000000e+03 9.239900565000000000e+09 3.000000000000000000e+00 4.960030700000000081e+01 1.006375500000000045e+01
2.826000000000000000e+03 9.239900567000000000e+09 5.000000000000000000e-01 7.244401000000000579e+01 1.003700800000000015e+01
2.827000000000000000e+03 9.239900579000000000e+09 -9.000000000000000000e+00 6.306944299999999970e+01 1.026071549999999988e+01
2.828000000000000000e+03 9.239900588000000000e+09 1.000000000000000000e+00 1.633932200000000137e+02 1.067068399999999961e+01
2.830000000000000000e+03 9.239900630000000000e+09 2.500000000000000000e+00 1.373731999999999971e+02 1.072812799999999989e+01
2.831000000000000000e+03 9.239900641000000000e+09 1.500000000000000000e+00 1.814630600000000129e+02 1.088993199999999995e+01
2.834000000000000000e+03 9.239900659000000000e+09 2.500000000000000000e+00 8.656340000000000146e+01 1.003591300000000075e+01
2.835000000000000000e+03 9.239900663000000000e+09 2.000000000000000000e+00 1.062645949999999999e+02 1.042452049999999986e+01
2.836000000000000000e+03 9.239900778000000000e+09 3.000000000000000000e+00 6.638343999999999312e+01 1.017520099999999950e+01
2.837000000000000000e+03 9.239900803000000000e+09 2.500000000000000000e+00 8.409705999999999904e+01 1.001526600000000045e+01
2.838000000000000000e+03 9.239900821000000000e+09 1.500000000000000000e+00 1.334137599999999964e+02 1.026630300000000062e+01
2.839000000000000000e+03 9.239900827000000000e+09 2.500000000000000000e+00 1.001476059999999961e+02 1.017136600000000080e+01
2.840000000000000000e+03 9.239900852000000000e+09 2.500000000000000000e+00 1.140451699999999988e+02 1.038306799999999974e+01
2.842000000000000000e+03 9.239900970000000000e+09 0.000000000000000000e+00 1.173480100000000022e+02 1.014693199999999962e+01
2.843000000000000000e+03 9.239901001000000000e+09 0.000000000000000000e+00 2.044320500000000038e+02 1.104068700000000014e+01
2.844000000000000000e+03 9.239901020000000000e+09 5.000000000000000000e-01 1.126050999999999931e+02 1.011279500000000020e+01
2.845000000000000000e+03 9.239901025000000000e+09 1.500000000000000000e+00 8.509259000000000128e+01 1.010831400000000002e+01
2.846000000000000000e+03 9.239901098000000000e+09 2.500000000000000000e+00 6.957074000000000069e+01 1.006017899999999976e+01
2.847000000000000000e+03 9.239901116000000000e+09 1.500000000000000000e+00 1.055026500000000027e+02 1.073961399999999955e+01
2.848000000000000000e+03 9.239901179000000000e+09 0.000000000000000000e+00 1.080409199999999998e+02 1.034488400000000041e+01
2.849000000000000000e+03 9.239901253000000000e+09 5.000000000000000000e-01 1.111575239999999951e+02 1.005677000000000021e+01
2.850000000000000000e+03 9.239901328000000000e+09 2.000000000000000000e+00 1.345138000000000034e+02 1.048341100000000026e+01
2.854000000000000000e+03 9.388000002000000000e+09 1.000000000000000000e+00 1.027968750000000000e+02 1.047241900000000037e+01
2.856000000000000000e+03 9.388000004000000000e+09 2.000000000000000000e+00 1.627456200000000024e+02 1.074860600000000055e+01
2.857000000000000000e+03 9.388000005000000000e+09 1.500000000000000000e+00 1.050151800000000009e+02 1.005542900000000017e+01
2.858000000000000000e+03 9.388000006000000000e+09 2.000000000000000000e+00 1.094656099999999981e+02 1.099850999999999956e+01
2.859000000000000000e+03 9.388000007000000000e+09 0.000000000000000000e+00 2.112360500000000059e+02 1.089872899999999944e+01
2.860000000000000000e+03 9.388000022000000000e+09 5.000000000000000000e-01 1.089596499999999963e+02 1.007926800000000078e+01
2.861000000000000000e+03 9.388000027000000000e+09 0.000000000000000000e+00 2.159275199999999870e+02 1.082108700000000034e+01
2.862000000000000000e+03 9.388000032000000000e+09 1.500000000000000000e+00 5.240181700000000120e+01 1.011127199999999959e+01
2.863000000000000000e+03 9.388000033000000000e+09 1.000000000000000000e+00 1.527630900000000054e+02 1.066864900000000027e+01
2.864000000000000000e+03 9.388000035000000000e+09 0.000000000000000000e+00 1.245515299999999996e+02 1.030012100000000075e+01
2.865000000000000000e+03 9.388000041000000000e+09 1.500000000000000000e+00 2.460561700000000087e+02 1.059115500000000054e+01
2.869000000000000000e+03 9.388000048000000000e+09 1.000000000000000000e+00 8.638225599999999815e+01 1.014045499999999933e+01
2.870000000000000000e+03 9.388000051000000000e+09 0.000000000000000000e+00 1.286392199999999946e+02 1.054175949999999951e+01
2.871000000000000000e+03 9.388000053000000000e+09 2.500000000000000000e+00 8.771323999999999899e+01 1.010054900000000089e+01
2.872000000000000000e+03 9.388000055000000000e+09 0.000000000000000000e+00 1.398409000000000049e+02 1.076170399999999994e+01
2.873000000000000000e+03 9.388000056000000000e+09 1.000000000000000000e+00 1.027325799999999987e+02 1.030171999999999954e+01
2.875000000000000000e+03 9.388000062000000000e+09 1.000000000000000000e+00 3.453761000000000081e+02 1.124671900000000058e+01
2.876000000000000000e+03 9.388000063000000000e+09 2.000000000000000000e+00 2.050663099999999872e+02 1.121621000000000024e+01
2.877000000000000000e+03 9.388000065000000000e+09 1.000000000000000000e+00 2.498572800000000029e+02 1.115025100000000080e+01
2.878000000000000000e+03 9.388000067000000000e+09 1.000000000000000000e+00 9.165498999999999796e+01 1.004243849999999938e+01
2.880000000000000000e+03 9.388000073000000000e+09 1.000000000000000000e+00 2.234493999999999971e+02 1.060025500000000065e+01
2.881000000000000000e+03 9.388000074000000000e+09 1.500000000000000000e+00 9.562218000000000018e+01 1.020319100000000034e+01
2.883000000000000000e+03 9.388000084000000000e+09 5.000000000000000000e-01 8.702465999999999724e+01 1.014869999999999983e+01
2.884000000000000000e+03 9.388000088000000000e+09 3.000000000000000000e+00 7.824734499999999571e+01 9.946476999999999791e+00
2.885000000000000000e+03 9.388000099000000000e+09 1.500000000000000000e+00 1.154657600000000031e+02 1.039362700000000039e+01
2.886000000000000000e+03 9.388000101000000000e+09 1.500000000000000000e+00 7.057146500000000344e+01 1.001429599999999986e+01
2.887000000000000000e+03 9.388000105000000000e+09 1.500000000000000000e+00 1.354582499999999925e+02 1.049605799999999967e+01
2.888000000000000000e+03 9.388000113000000000e+09 3.000000000000000000e+00 6.286348999999999876e+01 9.838663999999999632e+00
2.889000000000000000e+03 9.388000120000000000e+09 0.000000000000000000e+00 1.393456400000000031e+02 1.061891999999999925e+01
2.891000000000000000e+03 9.388000124000000000e+09 1.000000000000000000e+00 1.578439600000000098e+02 1.073045499999999919e+01
2.893000000000000000e+03 9.388000132000000000e+09 2.000000000000000000e+00 5.365200800000000214e+01 9.986299000000000703e+00
2.895000000000000000e+03 9.388000137000000000e+09 5.000000000000000000e-01 6.271081000000000216e+01 9.688076999999999828e+00
2.897000000000000000e+03 9.388000142000000000e+09 1.500000000000000000e+00 8.721671999999999514e+01 1.009167099999999984e+01
2.898000000000000000e+03 9.388000146000000000e+09 1.000000000000000000e+00 1.431920800000000042e+02 1.022668099999999924e+01
2.899000000000000000e+03 9.388000156000000000e+09 5.000000000000000000e-01 3.913020000000000209e+01 9.912397999999999598e+00
2.902000000000000000e+03 9.388000195000000000e+09 5.000000000000000000e-01 1.111785349999999966e+02 1.049116500000000052e+01
2.903000000000000000e+03 9.388000197000000000e+09 1.500000000000000000e+00 1.175990599999999944e+02 1.042263499999999965e+01
2.904000000000000000e+03 9.388000200000000000e+09 0.000000000000000000e+00 8.087749999999999773e+01 1.002806600000000081e+01
2.906000000000000000e+03 9.388000248000000000e+09 1.000000000000000000e+00 1.139280399999999958e+02 1.022781400000000041e+01
2.907000000000000000e+03 9.388000253000000000e+09 1.000000000000000000e+00 8.527116399999999885e+01 1.001247799999999977e+01
2.908000000000000000e+03 9.388000256000000000e+09 5.000000000000000000e-01 1.463394299999999930e+02 1.068293599999999977e+01
2.909000000000000000e+03 9.388000266000000000e+09 0.000000000000000000e+00 4.863476599999999905e+01 9.505050999999999917e+00
2.910000000000000000e+03 9.388000269000000000e+09 1.500000000000000000e+00 1.104478900000000010e+02 1.054794399999999932e+01
2.912000000000000000e+03 9.388000296000000000e+09 1.000000000000000000e+00 5.644251299999999816e+01 1.011930800000000019e+01
2.913000000000000000e+03 9.388000297000000000e+09 3.000000000000000000e+00 7.751655599999999424e+01 9.823017999999999361e+00
2.915000000000000000e+03 9.388000338000000000e+09 2.000000000000000000e+00 9.356219500000000266e+01 1.021558100000000024e+01
2.917000000000000000e+03 9.388000360000000000e+09 2.000000000000000000e+00 8.853708000000000311e+01 1.017114100000000043e+01
2.919000000000000000e+03 9.388000373000000000e+09 -9.000000000000000000e+00 5.851685299999999756e+01 1.054360499999999945e+01
2.920000000000000000e+03 9.388000380000000000e+09 1.000000000000000000e+00 9.495574000000000581e+01 1.043012599999999956e+01
2.921000000000000000e+03 9.388000391000000000e+09 2.000000000000000000e+00 1.671862999999999886e+02 1.091893300000000089e+01
2.922000000000000000e+03 9.388000397000000000e+09 2.000000000000000000e+00 1.092978499999999968e+02 1.063322100000000070e+01
2.923000000000000000e+03 9.388000400000000000e+09 1.500000000000000000e+00 9.570566599999999369e+01 1.013927200000000006e+01
2.924000000000000000e+03 9.388000416000000000e+09 0.000000000000000000e+00 5.071864999999999668e+01 1.020665299999999931e+01
2.925000000000000000e+03 9.388000437000000000e+09 1.500000000000000000e+00 1.754162900000000036e+02 1.107313399999999959e+01
2.926000000000000000e+03 9.388000471000000000e+09 1.000000000000000000e+00 7.772404500000000382e+01 1.022812200000000082e+01
2.928000000000000000e+03 9.388000489000000000e+09 0.000000000000000000e+00 1.442033399999999972e+02 1.089301900000000067e+01
2.929000000000000000e+03 9.388000496000000000e+09 1.500000000000000000e+00 8.986606999999999346e+01 1.025118100000000076e+01
2.930000000000000000e+03 9.388000547000000000e+09 1.500000000000000000e+00 9.937015999999999849e+01 1.009557700000000047e+01
2.931000000000000000e+03 9.388000566000000000e+09 1.500000000000000000e+00 1.000370800000000031e+02 1.026253099999999918e+01
2.932000000000000000e+03 9.388000571000000000e+09 3.000000000000000000e+00 4.997520399999999796e+01 1.003064200000000028e+01
2.933000000000000000e+03 9.388000597000000000e+09 0.000000000000000000e+00 1.125985399999999998e+02 1.030709799999999987e+01
2.936000000000000000e+03 9.388000773000000000e+09 0.000000000000000000e+00 1.352235300000000109e+02 1.027020899999999948e+01
2.937000000000000000e+03 9.388000785000000000e+09 1.000000000000000000e+00 1.045020750000000049e+02 1.027621399999999952e+01
2.938000000000000000e+03 9.388000807000000000e+09 1.000000000000000000e+00 1.877699900000000071e+02 1.063399599999999978e+01
2.939000000000000000e+03 9.388000825000000000e+09 1.000000000000000000e+00 9.795904000000000167e+01 1.024456099999999914e+01
2.940000000000000000e+03 9.388000827000000000e+09 1.000000000000000000e+00 1.213467899999999986e+02 1.012566699999999997e+01
2.941000000000000000e+03 9.388000914000000000e+09 2.000000000000000000e+00 1.561557500000000118e+02 1.063181699999999985e+01
2.942000000000000000e+03 9.388000921000000000e+09 1.000000000000000000e+00 1.629569700000000125e+02 1.079030000000000022e+01
2.943000000000000000e+03 9.388000949000000000e+09 0.000000000000000000e+00 1.442521800000000098e+02 1.076934299999999922e+01
2.944000000000000000e+03 9.388000993000000000e+09 1.000000000000000000e+00 1.149232599999999991e+02 1.025842600000000004e+01
2.951000000000000000e+03 9.403800003000000000e+09 1.000000000000000000e+00 1.326799200000000098e+02 1.047235200000000077e+01
2.952000000000000000e+03 9.403800004000000000e+09 0.000000000000000000e+00 6.711127999999999361e+01 9.903342000000000311e+00
2.953000000000000000e+03 9.403800005000000000e+09 0.000000000000000000e+00 6.756802999999999315e+01 1.081597599999999915e+01
2.954000000000000000e+03 9.403800007000000000e+09 1.000000000000000000e+00 9.418790400000000318e+01 1.058389999999999986e+01
2.955000000000000000e+03 9.403800008000000000e+09 1.000000000000000000e+00 1.850155200000000093e+02 1.021993800000000086e+01
2.957000000000000000e+03 9.403800016000000000e+09 1.000000000000000000e+00 7.211233500000000163e+01 9.736897000000000801e+00
2.958000000000000000e+03 9.403800017000000000e+09 5.000000000000000000e-01 7.556774000000000058e+01 1.013624399999999959e+01
2.959000000000000000e+03 9.403800021000000000e+09 1.500000000000000000e+00 1.341827999999999861e+02 1.048546799999999912e+01
2.961000000000000000e+03 9.403800023000000000e+09 5.000000000000000000e-01 7.560550000000000637e+01 9.996708999999999179e+00
2.962000000000000000e+03 9.403800025000000000e+09 5.000000000000000000e-01 1.770091099999999926e+02 1.069231800000000021e+01
2.963000000000000000e+03 9.403800026000000000e+09 0.000000000000000000e+00 7.596635000000000559e+01 9.836420000000000385e+00
2.964000000000000000e+03 9.403800028000000000e+09 5.000000000000000000e+00 4.765064000000000277e+01 1.058388099999999987e+01
2.965000000000000000e+03 9.403800029000000000e+09 5.000000000000000000e-01 2.667418000000000120e+02 1.105883700000000047e+01
2.966000000000000000e+03 9.403800032000000000e+09 1.000000000000000000e+00 8.099740599999999802e+01 1.013882899999999943e+01
2.968000000000000000e+03 9.403800044000000000e+09 3.000000000000000000e+00 6.942153999999999314e+01 9.663007000000000346e+00
2.969000000000000000e+03 9.403800045000000000e+09 1.000000000000000000e+00 8.640552499999999725e+01 1.002536899999999953e+01
2.970000000000000000e+03 9.403800047000000000e+09 0.000000000000000000e+00 1.629713900000000137e+02 1.052450900000000011e+01
2.971000000000000000e+03 9.403800057000000000e+09 0.000000000000000000e+00 1.462940700000000049e+02 1.050597800000000070e+01
2.972000000000000000e+03 9.403800064000000000e+09 5.000000000000000000e-01 1.031569499999999948e+02 1.009307399999999966e+01
2.973000000000000000e+03 9.403800073000000000e+09 5.000000000000000000e-01 7.886163000000000523e+01 1.009182900000000060e+01
2.974000000000000000e+03 9.403800077000000000e+09 0.000000000000000000e+00 1.016158199999999994e+02 1.033933700000000044e+01
2.975000000000000000e+03 9.403800083000000000e+09 2.000000000000000000e+00 8.264522999999999797e+01 1.018591900000000017e+01
2.976000000000000000e+03 9.403800086000000000e+09 0.000000000000000000e+00 1.291249699999999905e+02 1.036669200000000046e+01
2.978000000000000000e+03 9.403800099000000000e+09 -9.000000000000000000e+00 5.414451199999999886e+01 9.822665000000000646e+00
2.979000000000000000e+03 9.403800101000000000e+09 1.000000000000000000e+00 1.657538000000000125e+02 1.026661099999999927e+01
2.980000000000000000e+03 9.403800111000000000e+09 -9.000000000000000000e+00 6.209753400000000312e+01 9.628885999999999612e+00
2.981000000000000000e+03 9.403800114000000000e+09 1.500000000000000000e+00 8.972500999999999749e+01 1.011883599999999994e+01
2.982000000000000000e+03 9.403800116000000000e+09 -9.000000000000000000e+00 7.268426999999999794e+01 9.655286999999999509e+00
2.984000000000000000e+03 9.403800119000000000e+09 0.000000000000000000e+00 1.357095999999999947e+02 1.012942400000000021e+01
2.985000000000000000e+03 9.403800120000000000e+09 1.000000000000000000e+00 1.651194800000000100e+02 1.050757800000000053e+01
2.986000000000000000e+03 9.403800121000000000e+09 5.000000000000000000e-01 1.201041259999999937e+02 9.945145999999999376e+00
2.987000000000000000e+03 9.403800123000000000e+09 0.000000000000000000e+00 2.822581500000000005e+02 1.105254599999999954e+01
2.988000000000000000e+03 9.403800131000000000e+09 5.000000000000000000e-01 7.210863999999999407e+01 1.015959900000000005e+01
2.990000000000000000e+03 9.403800140000000000e+09 1.500000000000000000e+00 7.109201000000000192e+01 9.612344000000000221e+00
2.991000000000000000e+03 9.403800148000000000e+09 1.500000000000000000e+00 1.173497700000000066e+02 1.032857599999999998e+01
2.993000000000000000e+03 9.403800156000000000e+09 1.000000000000000000e+00 1.003266140000000064e+02 1.028381500000000059e+01
2.994000000000000000e+03 9.403800159000000000e+09 5.000000000000000000e-01 1.405008400000000108e+02 1.002995600000000032e+01
2.996000000000000000e+03 9.403800165000000000e+09 5.000000000000000000e-01 7.908259599999999523e+01 9.924479500000000343e+00
2.997000000000000000e+03 9.403800167000000000e+09 5.000000000000000000e-01 1.488850099999999941e+02 9.961159000000000319e+00
2.998000000000000000e+03 9.403800168000000000e+09 0.000000000000000000e+00 1.490504500000000121e+02 1.057052999999999976e+01
3.001000000000000000e+03 9.403800187000000000e+09 5.000000000000000000e-01 8.824225599999999758e+01 9.804282999999999859e+00
3.002000000000000000e+03 9.403800215000000000e+09 5.000000000000000000e-01 1.161566849999999960e+02 1.062411700000000003e+01
3.004000000000000000e+03 9.403800245000000000e+09 1.500000000000000000e+00 4.792582300000000117e+01 9.038959999999999440e+00
3.006000000000000000e+03 9.403800250000000000e+09 5.000000000000000000e-01 8.692863499999999988e+01 1.011047800000000052e+01
3.007000000000000000e+03 9.403800256000000000e+09 1.500000000000000000e+00 6.772803999999999292e+01 9.745677999999999841e+00
3.010000000000000000e+03 9.403800295000000000e+09 1.000000000000000000e+00 1.017919700000000063e+02 9.967575000000000074e+00
3.012000000000000000e+03 9.403800315000000000e+09 -9.000000000000000000e+00 6.700329600000000596e+01 9.557689999999999131e+00
3.013000000000000000e+03 9.403800318000000000e+09 3.000000000000000000e+00 4.555549599999999799e+01 9.398758000000000834e+00
3.014000000000000000e+03 9.403800319000000000e+09 -9.000000000000000000e+00 5.995805000000000007e+01 9.591300000000000381e+00
3.016000000000000000e+03 9.403800349000000000e+09 1.500000000000000000e+00 1.633469200000000114e+02 1.081463800000000042e+01
3.019000000000000000e+03 9.403800371000000000e+09 1.000000000000000000e+00 1.883175500000000113e+02 1.029655550000000019e+01
3.020000000000000000e+03 9.403800381000000000e+09 1.000000000000000000e+00 8.885692000000000235e+01 9.836596000000000117e+00
3.021000000000000000e+03 9.403800390000000000e+09 1.000000000000000000e+00 8.679112000000000648e+01 1.004423199999999916e+01
3.023000000000000000e+03 9.403800404000000000e+09 2.000000000000000000e+00 7.933237499999999898e+01 9.860751000000000488e+00
3.024000000000000000e+03 9.403800462000000000e+09 5.000000000000000000e-01 5.999429700000000310e+01 9.766292999999999225e+00
3.026000000000000000e+03 9.403800473000000000e+09 1.000000000000000000e+00 7.432709499999999991e+01 9.914436000000000249e+00
3.027000000000000000e+03 9.403800490000000000e+09 2.500000000000000000e+00 6.202602000000000260e+01 9.669650999999999996e+00
3.028000000000000000e+03 9.403800507000000000e+09 0.000000000000000000e+00 8.967386999999999375e+01 1.017477099999999979e+01
3.029000000000000000e+03 9.403800520000000000e+09 0.000000000000000000e+00 1.204560900000000032e+02 1.000379299999999994e+01
3.030000000000000000e+03 9.403800521000000000e+09 1.500000000000000000e+00 5.755957399999999780e+01 9.778085000000000804e+00
3.031000000000000000e+03 9.403800551000000000e+09 2.500000000000000000e+00 5.479984300000000275e+01 9.751905999999999963e+00
3.032000000000000000e+03 9.403800559000000000e+09 1.500000000000000000e+00 6.398722000000000065e+01 9.754713999999999885e+00
3.034000000000000000e+03 9.403800581000000000e+09 -9.000000000000000000e+00 6.439921599999999557e+01 9.570332999999999757e+00
3.036000000000000000e+03 9.403800619000000000e+09 2.000000000000000000e+00 1.176280000000000001e+02 1.036327600000000082e+01
3.037000000000000000e+03 9.403800636000000000e+09 1.000000000000000000e+00 2.198070700000000102e+02 1.051117799999999924e+01
3.038000000000000000e+03 9.403800637000000000e+09 1.500000000000000000e+00 1.667427000000000135e+02 1.054025900000000071e+01
3.039000000000000000e+03 9.403800639000000000e+09 2.500000000000000000e+00 5.672905699999999740e+01 9.499022500000000591e+00
3.041000000000000000e+03 9.403800694000000000e+09 1.500000000000000000e+00 7.308387000000000455e+01 9.799823999999999202e+00
3.042000000000000000e+03 9.403800745000000000e+09 -9.000000000000000000e+00 4.919176999999999822e+01 9.546013000000000304e+00
3.043000000000000000e+03 9.403800746000000000e+09 5.000000000000000000e-01 6.083476999999999890e+01 9.585876000000000730e+00
3.044000000000000000e+03 9.403800757000000000e+09 1.000000000000000000e+00 1.260955799999999982e+02 1.046315700000000071e+01
3.045000000000000000e+03 9.403800763000000000e+09 1.000000000000000000e+00 1.388069800000000100e+02 1.035880700000000054e+01
3.047000000000000000e+03 9.403800813000000000e+09 1.000000000000000000e+00 1.908413500000000056e+02 1.090011299999999927e+01
3.048000000000000000e+03 9.403800814000000000e+09 2.000000000000000000e+00 1.849099099999999964e+02 1.066673100000000041e+01
3.049000000000000000e+03 9.403800833000000000e+09 0.000000000000000000e+00 7.873310999999999638e+01 1.018920999999999921e+01
3.051000000000000000e+03 9.403800911000000000e+09 0.000000000000000000e+00 7.782161000000000683e+01 1.019236800000000009e+01
3.052000000000000000e+03 9.403800929000000000e+09 1.500000000000000000e+00 9.379395999999999844e+01 1.016795349999999942e+01
3.053000000000000000e+03 9.403800958000000000e+09 2.500000000000000000e+00 6.730425999999999931e+01 9.951079000000000008e+00
3.055000000000000000e+03 9.403800992000000000e+09 3.000000000000000000e+00 4.670208999999999833e+01 9.676443000000000794e+00
3.056000000000000000e+03 9.403801002000000000e+09 0.000000000000000000e+00 1.157814560000000057e+02 1.036135699999999993e+01
3.057000000000000000e+03 9.403801010000000000e+09 1.000000000000000000e+00 2.075503500000000088e+02 1.067706399999999967e+01
3.058000000000000000e+03 9.403801061000000000e+09 1.500000000000000000e+00 7.488849000000000444e+01 1.030024099999999976e+01
3.060000000000000000e+03 9.403801088000000000e+09 2.500000000000000000e+00 9.448561999999999728e+01 1.025194600000000023e+01
3.061000000000000000e+03 9.403801173000000000e+09 2.000000000000000000e+00 5.842785599999999846e+01 9.867504000000000275e+00
3.065000000000000000e+03 9.403801281000000000e+09 1.500000000000000000e+00 5.744116000000000355e+01 9.801854000000000511e+00
3.067000000000000000e+03 9.403801579000000000e+09 0.000000000000000000e+00 5.230488199999999921e+01 9.642782999999999660e+00
